assertion_id,work_id,record_id,assertion_type,evidence_class,predicate,source_text,source_field,source_location,start_line,end_line,start_character,end_character,confidence,review_status,canonical_record_path,canonical_record_sha256
asrt.d00161902ab998965677f433,purananuru,001,POET_ATTRIBUTION,SOURCE_EXPLICIT,ATTRIBUTED_TO,பெருந்தேவனார்,poet_as_printed,yaml:poet_as_printed,,,,,high,machine_checked,corpus/purananuru/poems/001.md,43462e03fe1298f92c27be3bd8833d8e403b5aa0b46d83ef9253fa8d911499a4
asrt.6ba984a1dd3ba4c8f12da26f,purananuru,001,PATRON_OR_ADDRESSEE,SOURCE_EXPLICIT,ADDRESSED_TO,இறைவன்,addressee_as_printed,yaml:addressee_as_printed,,,,,high,machine_checked,corpus/purananuru/poems/001.md,43462e03fe1298f92c27be3bd8833d8e403b5aa0b46d83ef9253fa8d911499a4
asrt.b54daabdbe8365ebe8d2194d,purananuru,001,SOURCE_CONTEXT_NOTE,SOURCE_EXPLICIT,HAS_PRINTED_TITLE,இறைவனின் திருவுள்ளம்!,title_as_printed,yaml:title_as_printed,,,,,high,machine_checked,corpus/purananuru/poems/001.md,43462e03fe1298f92c27be3bd8833d8e403b5aa0b46d83ef9253fa8d911499a4
asrt.44df0ee238436df9f0403293,purananuru,001,SOURCE_CONTEXT_NOTE,SOURCE_EXPLICIT,HAS_PRINTED_SOURCE_NOTE,"பாடியவர்:பெருந்தேவனார்.
பாடப்பட்டோன்: இறைவன்",source_note,markdown:source-note,,,,,high,machine_checked,corpus/purananuru/poems/001.md,43462e03fe1298f92c27be3bd8833d8e403b5aa0b46d83ef9253fa8d911499a4
asrt.2c04c3f6675cf8917bf2691b,purananuru,001,TEXTUAL_CONDITION,SOURCE_EXPLICIT,HAS_TEXTUAL_STATUS,complete,textual_status,yaml:textual_status,,,,,high,machine_checked,corpus/purananuru/poems/001.md,43462e03fe1298f92c27be3bd8833d8e403b5aa0b46d83ef9253fa8d911499a4
asrt.8f075641cccc81f23e3e6134,purananuru,002,POET_ATTRIBUTION,SOURCE_EXPLICIT,ATTRIBUTED_TO,முரஞ்சியூர் முடிநாகராயர்,poet_as_printed,yaml:poet_as_printed,,,,,high,machine_checked,corpus/purananuru/poems/002.md,37ecf81241ba3665e30d5553c64c47c6925bba1e727aab05a66088f3e00c83d4
asrt.6fc34fc2aba6fc30e6b5c912,purananuru,002,PATRON_OR_ADDRESSEE,SOURCE_EXPLICIT,ADDRESSED_TO,சேரமான் பெருஞ்சோற்று உதியன் சேரலாதன்,addressee_as_printed,yaml:addressee_as_printed,,,,,high,machine_checked,corpus/purananuru/poems/002.md,37ecf81241ba3665e30d5553c64c47c6925bba1e727aab05a66088f3e00c83d4
asrt.2b4d229f3b1d4b324ef92fa1,purananuru,002,TINI_VALUE,SOURCE_EXPLICIT,ASSOCIATED_WITH_TINAI,பாடாண்,thinai_as_printed,yaml:thinai_as_printed,,,,,high,machine_checked,corpus/purananuru/poems/002.md,37ecf81241ba3665e30d5553c64c47c6925bba1e727aab05a66088f3e00c83d4
asrt.e867552e77ce3b051f2e679a,purananuru,002,TURAI_VALUE,SOURCE_EXPLICIT,ASSOCIATED_WITH_TURAI,செவியறிவுறூஉ,thurai,yaml:thurai,,,,,high,machine_checked,corpus/purananuru/poems/002.md,37ecf81241ba3665e30d5553c64c47c6925bba1e727aab05a66088f3e00c83d4
asrt.c9738fb9ab4806649bda20c4,purananuru,002,SOURCE_CONTEXT_NOTE,SOURCE_EXPLICIT,HAS_PRINTED_SOURCE_NOTE,"பாடியவர்: முரஞ்சியூர் முடிநாகராயர்.
பாடப்பட்டோன்: சேரமான் பெருஞ்சோற்று உதியன் சேரலாதன்.
திணை: பாடாண்.
துறை: செவியறிவுறூஉ; வாழ்த்தியலும் ஆம்.",source_note,markdown:source-note,,,,,high,machine_checked,corpus/purananuru/poems/002.md,37ecf81241ba3665e30d5553c64c47c6925bba1e727aab05a66088f3e00c83d4
asrt.3b2f2506a36dd95a774546d8,purananuru,002,SOURCE_CONTEXT_NOTE,SOURCE_EXPLICIT,HAS_PRINTED_TITLE,போரும் சோறும்!,title_as_printed,yaml:title_as_printed,,,,,high,machine_checked,corpus/purananuru/poems/002.md,37ecf81241ba3665e30d5553c64c47c6925bba1e727aab05a66088f3e00c83d4
asrt.0029b62bef9508ad684d3807,purananuru,002,TEXTUAL_CONDITION,SOURCE_EXPLICIT,HAS_TEXTUAL_STATUS,complete,textual_status,yaml:textual_status,,,,,high,machine_checked,corpus/purananuru/poems/002.md,37ecf81241ba3665e30d5553c64c47c6925bba1e727aab05a66088f3e00c83d4
asrt.aa1a4a6915ef9a28e68c1fc1,purananuru,003,POET_ATTRIBUTION,SOURCE_EXPLICIT,ATTRIBUTED_TO,இரும்பிடர்த் தலையார்,poet_as_printed,yaml:poet_as_printed,,,,,high,machine_checked,corpus/purananuru/poems/003.md,0b21bc44a0ff8a3c4ac2f2b95a91de709950c13f001c4828207aebd8da890b89
asrt.f38296066324604e2ed3c18f,purananuru,003,PATRON_OR_ADDRESSEE,SOURCE_EXPLICIT,ADDRESSED_TO,பாண்டியன் கருங்கை ஒள்வாள் பெரும்பெயர் வழுதி,addressee_as_printed,yaml:addressee_as_printed,,,,,high,machine_checked,corpus/purananuru/poems/003.md,0b21bc44a0ff8a3c4ac2f2b95a91de709950c13f001c4828207aebd8da890b89
asrt.51ef3a37289851f65defaf9e,purananuru,003,TINI_VALUE,SOURCE_EXPLICIT,ASSOCIATED_WITH_TINAI,பாடாண்,thinai_as_printed,yaml:thinai_as_printed,,,,,high,machine_checked,corpus/purananuru/poems/003.md,0b21bc44a0ff8a3c4ac2f2b95a91de709950c13f001c4828207aebd8da890b89
asrt.2d63b11302693d813525d010,purananuru,003,TURAI_VALUE,SOURCE_EXPLICIT,ASSOCIATED_WITH_TURAI,செவியறிவுறூஉ,thurai,yaml:thurai,,,,,high,machine_checked,corpus/purananuru/poems/003.md,0b21bc44a0ff8a3c4ac2f2b95a91de709950c13f001c4828207aebd8da890b89
asrt.2bb07571a246b3f03a75e42e,purananuru,003,SOURCE_CONTEXT_NOTE,SOURCE_EXPLICIT,HAS_PRINTED_SOURCE_NOTE,"பாடியவர்: இரும்பிடர்த் தலையார்.
பாடப்பட்டோன்: பாண்டியன் கருங்கை ஒள்வாள் பெரும்பெயர் வழுதி.
திணை: பாடாண்.
துறை : செவியறிவுறூஉ; வாழ்த்தியலும் ஆம்.
சிறப்பு : இரும்பிடத் தலையாரைப் பற்றிய செய்தி.",source_note,markdown:source-note,,,,,high,machine_checked,corpus/purananuru/poems/003.md,0b21bc44a0ff8a3c4ac2f2b95a91de709950c13f001c4828207aebd8da890b89
asrt.26f16257ba1f264139bba833,purananuru,003,SOURCE_CONTEXT_NOTE,SOURCE_EXPLICIT,HAS_PRINTED_TITLE,வன்மையும் வண்மையும்!,title_as_printed,yaml:title_as_printed,,,,,high,machine_checked,corpus/purananuru/poems/003.md,0b21bc44a0ff8a3c4ac2f2b95a91de709950c13f001c4828207aebd8da890b89
asrt.b919657923ab7e483e195568,purananuru,003,TEXTUAL_CONDITION,SOURCE_EXPLICIT,HAS_TEXTUAL_STATUS,complete,textual_status,yaml:textual_status,,,,,high,machine_checked,corpus/purananuru/poems/003.md,0b21bc44a0ff8a3c4ac2f2b95a91de709950c13f001c4828207aebd8da890b89
asrt.98f3c685c3ca9df1f9579dad,purananuru,003,FAUNA_MENTION,SOURCE_EXPLICIT,MENTIONS_CANDIDATE,யானை,canonical_body,markdown:canonical-body,11,11,9,13,medium,human_review_required,corpus/purananuru/poems/003.md,0b21bc44a0ff8a3c4ac2f2b95a91de709950c13f001c4828207aebd8da890b89
asrt.d0c61fc2e7ca7c41b3980412,purananuru,003,COMMODITY_MENTION,SOURCE_EXPLICIT,MENTIONS_CANDIDATE,பொன்,canonical_body,markdown:canonical-body,7,7,0,4,medium,human_review_required,corpus/purananuru/poems/003.md,0b21bc44a0ff8a3c4ac2f2b95a91de709950c13f001c4828207aebd8da890b89
asrt.4f0a3ec4fbf449bc4b3d177c,purananuru,004,POET_ATTRIBUTION,SOURCE_EXPLICIT,ATTRIBUTED_TO,பரணர்,poet_as_printed,yaml:poet_as_printed,,,,,high,machine_checked,corpus/purananuru/poems/004.md,973a4a5a03b971241b302856386da1ced4060cb82d36ae9945bb43a333120340
asrt.4ea6c94593c6b02fb165239e,purananuru,004,PATRON_OR_ADDRESSEE,SOURCE_EXPLICIT,ADDRESSED_TO,சோழன் உருவப் ப·றேர் இளஞ்சேட் சென்னி,addressee_as_printed,yaml:addressee_as_printed,,,,,high,machine_checked,corpus/purananuru/poems/004.md,973a4a5a03b971241b302856386da1ced4060cb82d36ae9945bb43a333120340
asrt.9537e4cd3c3797f07a39a41d,purananuru,004,TINI_VALUE,SOURCE_EXPLICIT,ASSOCIATED_WITH_TINAI,வஞ்சி,thinai_as_printed,yaml:thinai_as_printed,,,,,high,machine_checked,corpus/purananuru/poems/004.md,973a4a5a03b971241b302856386da1ced4060cb82d36ae9945bb43a333120340
asrt.e408ed378f4fd033b5dc60d6,purananuru,004,TURAI_VALUE,SOURCE_EXPLICIT,ASSOCIATED_WITH_TURAI,கொற்ற வள்ளை,thurai,yaml:thurai,,,,,high,machine_checked,corpus/purananuru/poems/004.md,973a4a5a03b971241b302856386da1ced4060cb82d36ae9945bb43a333120340
asrt.43015e0856e0a401e5960f94,purananuru,004,SOURCE_CONTEXT_NOTE,SOURCE_EXPLICIT,HAS_PRINTED_TITLE,தாயற்ற குழந்தை!,title_as_printed,yaml:title_as_printed,,,,,high,machine_checked,corpus/purananuru/poems/004.md,973a4a5a03b971241b302856386da1ced4060cb82d36ae9945bb43a333120340
asrt.b353e8aeb69265b6c8127f84,purananuru,004,SOURCE_CONTEXT_NOTE,SOURCE_EXPLICIT,HAS_PRINTED_SOURCE_NOTE,"பாடியவர்: பரணர்.
பாடப்பட்டோன் : சோழன் உருவப் ப·றேர் இளஞ்சேட் சென்னி.
திணை: வஞ்சி. துறை: கொற்ற வள்ளை.
சிறப்பு : சோழரது படைப் பெருக்கமும், இச் சோழனது வெற்றி மேம்பாடும்.",source_note,markdown:source-note,,,,,high,machine_checked,corpus/purananuru/poems/004.md,973a4a5a03b971241b302856386da1ced4060cb82d36ae9945bb43a333120340
asrt.1afb66da83b7145618e7d81a,purananuru,004,TEXTUAL_CONDITION,SOURCE_EXPLICIT,HAS_TEXTUAL_STATUS,complete,textual_status,yaml:textual_status,,,,,high,machine_checked,corpus/purananuru/poems/004.md,973a4a5a03b971241b302856386da1ced4060cb82d36ae9945bb43a333120340
asrt.c64fd91febcc9b8fdeca1ff0,purananuru,004,WATER_BODY_MENTION,SOURCE_EXPLICIT,MENTIONS_CANDIDATE,கடல்,canonical_body,markdown:canonical-body,15,15,5,9,medium,human_review_required,corpus/purananuru/poems/004.md,973a4a5a03b971241b302856386da1ced4060cb82d36ae9945bb43a333120340
asrt.c340ac63bd6cf4af1b8dac0f,purananuru,004,FAUNA_MENTION,SOURCE_EXPLICIT,MENTIONS_CANDIDATE,புலி,canonical_body,markdown:canonical-body,9,9,15,19,medium,human_review_required,corpus/purananuru/poems/004.md,973a4a5a03b971241b302856386da1ced4060cb82d36ae9945bb43a333120340
asrt.7784a66b07f4a66c2825a914,purananuru,004,WARFARE_MENTION,SOURCE_EXPLICIT,MENTIONS_CANDIDATE,வாள்,canonical_body,markdown:canonical-body,1,1,0,4,medium,human_review_required,corpus/purananuru/poems/004.md,973a4a5a03b971241b302856386da1ced4060cb82d36ae9945bb43a333120340
asrt.921c64f939f2e1bd017fc18d,purananuru,005,POET_ATTRIBUTION,SOURCE_EXPLICIT,ATTRIBUTED_TO,நரிவெரூஉத் தலையார்,poet_as_printed,yaml:poet_as_printed,,,,,high,machine_checked,corpus/purananuru/poems/005.md,d86fe4a09f8d3a4d420e1b25bab9e68c3fcd0e1919460f79f5c224234854866e
asrt.f77cd4c33c3270acdfb5e74c,purananuru,005,PATRON_OR_ADDRESSEE,SOURCE_EXPLICIT,ADDRESSED_TO,சேரமான் கருவூரேறிய ஒள்வாட் கோப்பெருஞ் சேரல்,addressee_as_printed,yaml:addressee_as_printed,,,,,high,machine_checked,corpus/purananuru/poems/005.md,d86fe4a09f8d3a4d420e1b25bab9e68c3fcd0e1919460f79f5c224234854866e
asrt.574f8b738d54bf3b06d73c8a,purananuru,005,TINI_VALUE,SOURCE_EXPLICIT,ASSOCIATED_WITH_TINAI,பாடாண்,thinai_as_printed,yaml:thinai_as_printed,,,,,high,machine_checked,corpus/purananuru/poems/005.md,d86fe4a09f8d3a4d420e1b25bab9e68c3fcd0e1919460f79f5c224234854866e
asrt.c16022c4015f66e7e6d6de9f,purananuru,005,TURAI_VALUE,SOURCE_EXPLICIT,ASSOCIATED_WITH_TURAI,வெவியறிவுறூஉ: பொருண் மொழிக் காஞ்சியும் ஆம்,thurai,yaml:thurai,,,,,high,machine_checked,corpus/purananuru/poems/005.md,d86fe4a09f8d3a4d420e1b25bab9e68c3fcd0e1919460f79f5c224234854866e
asrt.21f88bbb373497f0e9816ca9,purananuru,005,SOURCE_CONTEXT_NOTE,SOURCE_EXPLICIT,HAS_PRINTED_TITLE,அருளும் அருமையும்!,title_as_printed,yaml:title_as_printed,,,,,high,machine_checked,corpus/purananuru/poems/005.md,d86fe4a09f8d3a4d420e1b25bab9e68c3fcd0e1919460f79f5c224234854866e
asrt.1e3c3af9af49884e2ddea3b6,purananuru,005,SOURCE_CONTEXT_NOTE,SOURCE_EXPLICIT,HAS_PRINTED_SOURCE_NOTE,"பாடியவர்: நரிவெரூஉத் தலையார்.
பாடப்பட்டோன்: சேரமான் கருவூரேறிய ஒள்வாட் கோப்பெருஞ் சேரல்.
திணை: பாடாண்.
துறை: வெவியறிவுறூஉ: பொருண் மொழிக் காஞ்சியும் ஆம்.
சிறப்பு: பார்வையானே நோய் போக்கும் கண்ணின் சக்தி பற்றிய செய்தி.",source_note,markdown:source-note,,,,,high,machine_checked,corpus/purananuru/poems/005.md,d86fe4a09f8d3a4d420e1b25bab9e68c3fcd0e1919460f79f5c224234854866e
asrt.ea7995893ec531a650c1317f,purananuru,005,TEXTUAL_CONDITION,SOURCE_EXPLICIT,HAS_TEXTUAL_STATUS,complete,textual_status,yaml:textual_status,,,,,high,machine_checked,corpus/purananuru/poems/005.md,d86fe4a09f8d3a4d420e1b25bab9e68c3fcd0e1919460f79f5c224234854866e
asrt.39ec0eee26397bcedd16f499,purananuru,006,POET_ATTRIBUTION,SOURCE_EXPLICIT,ATTRIBUTED_TO,காரிகிழார்,poet_as_printed,yaml:poet_as_printed,,,,,high,machine_checked,corpus/purananuru/poems/006.md,43005f27716bd2b65827ecaf093e99fce7e02f7ced78e84e796a5c66267f231b
asrt.c73d4b5552f30ae42157c9ee,purananuru,006,PATRON_OR_ADDRESSEE,SOURCE_EXPLICIT,ADDRESSED_TO,பாண்டியன் பல்யாகசாலை முதுகுடுமிப் பெருவழுதி,addressee_as_printed,yaml:addressee_as_printed,,,,,high,machine_checked,corpus/purananuru/poems/006.md,43005f27716bd2b65827ecaf093e99fce7e02f7ced78e84e796a5c66267f231b
asrt.be84b2c9a3664597d9beeaa9,purananuru,006,TINI_VALUE,SOURCE_EXPLICIT,ASSOCIATED_WITH_TINAI,பாடாண்,thinai_as_printed,yaml:thinai_as_printed,,,,,high,machine_checked,corpus/purananuru/poems/006.md,43005f27716bd2b65827ecaf093e99fce7e02f7ced78e84e796a5c66267f231b
asrt.ddd7c1fd5cd453c8026d31b7,purananuru,006,TURAI_VALUE,SOURCE_EXPLICIT,ASSOCIATED_WITH_TURAI,செவியறிவுறூஉ,thurai,yaml:thurai,,,,,high,machine_checked,corpus/purananuru/poems/006.md,43005f27716bd2b65827ecaf093e99fce7e02f7ced78e84e796a5c66267f231b
asrt.ee5f5284a30bc301e354716f,purananuru,006,SOURCE_CONTEXT_NOTE,SOURCE_EXPLICIT,HAS_PRINTED_TITLE,தண்ணிலவும் வெங்கதிரும்!,title_as_printed,yaml:title_as_printed,,,,,high,machine_checked,corpus/purananuru/poems/006.md,43005f27716bd2b65827ecaf093e99fce7e02f7ced78e84e796a5c66267f231b
asrt.431b89d053ec76dfbcac6779,purananuru,006,SOURCE_CONTEXT_NOTE,SOURCE_EXPLICIT,HAS_PRINTED_SOURCE_NOTE,"பாடியவர்:காரிகிழார்.
பாடப்பட்டோன் : பாண்டியன் பல்யாகசாலை முதுகுடுமிப் பெருவழுதி.
திணை: பாடாண். துறை :
செவியறிவுறூஉ; வாழ்த்தியலும் ஆம்.
சிறப்பு :பாண்டியனின் மறமாண்பு.",source_note,markdown:source-note,,,,,high,machine_checked,corpus/purananuru/poems/006.md,43005f27716bd2b65827ecaf093e99fce7e02f7ced78e84e796a5c66267f231b
asrt.a3fd00c2c1928394479ed23a,purananuru,006,TEXTUAL_CONDITION,SOURCE_EXPLICIT,HAS_TEXTUAL_STATUS,complete,textual_status,yaml:textual_status,,,,,high,machine_checked,corpus/purananuru/poems/006.md,43005f27716bd2b65827ecaf093e99fce7e02f7ced78e84e796a5c66267f231b
asrt.9a7303c162e4a56b8d457ddc,purananuru,006,FAUNA_MENTION,SOURCE_EXPLICIT,MENTIONS_CANDIDATE,யானை,canonical_body,markdown:canonical-body,13,13,8,12,medium,human_review_required,corpus/purananuru/poems/006.md,43005f27716bd2b65827ecaf093e99fce7e02f7ced78e84e796a5c66267f231b
asrt.ef7e69f7bf4a645b166d2b23,purananuru,007,POET_ATTRIBUTION,SOURCE_EXPLICIT,ATTRIBUTED_TO,கருங்குழல் ஆதனார்,poet_as_printed,yaml:poet_as_printed,,,,,high,machine_checked,corpus/purananuru/poems/007.md,5a460a2efeb34ede048c953a42659658c01e9587ac0940b84b01a62d5ffcd854
asrt.720bc382d10dccb6076787d1,purananuru,007,PATRON_OR_ADDRESSEE,SOURCE_EXPLICIT,ADDRESSED_TO,சோழன் கரிகாற் பெருவளத்தான்,addressee_as_printed,yaml:addressee_as_printed,,,,,high,machine_checked,corpus/purananuru/poems/007.md,5a460a2efeb34ede048c953a42659658c01e9587ac0940b84b01a62d5ffcd854
asrt.fa56325a9d1d0b98b9daf2a8,purananuru,007,TINI_VALUE,SOURCE_EXPLICIT,ASSOCIATED_WITH_TINAI,வஞ்சி,thinai_as_printed,yaml:thinai_as_printed,,,,,high,machine_checked,corpus/purananuru/poems/007.md,5a460a2efeb34ede048c953a42659658c01e9587ac0940b84b01a62d5ffcd854
asrt.8a30b262f8360ff4e3fbb150,purananuru,007,TURAI_VALUE,SOURCE_EXPLICIT,ASSOCIATED_WITH_TURAI,கொற்ற,thurai,yaml:thurai,,,,,high,machine_checked,corpus/purananuru/poems/007.md,5a460a2efeb34ede048c953a42659658c01e9587ac0940b84b01a62d5ffcd854
asrt.f24372072fa0f4a57f28da30,purananuru,007,SOURCE_CONTEXT_NOTE,SOURCE_EXPLICIT,HAS_PRINTED_SOURCE_NOTE,"பாடியவர் : கருங்குழல் ஆதனார்.
பாடப்பட்டோன் : சோழன் கரிகாற் பெருவளத்தான்.
திணை : வஞ்சி. துறை: கொற்ற
வள்ளை: மழபுல வஞ்சியும் ஆம்.",source_note,markdown:source-note,,,,,high,machine_checked,corpus/purananuru/poems/007.md,5a460a2efeb34ede048c953a42659658c01e9587ac0940b84b01a62d5ffcd854
asrt.11f6bf93f20e9fcb1b93ebd0,purananuru,007,SOURCE_CONTEXT_NOTE,SOURCE_EXPLICIT,HAS_PRINTED_TITLE,வளநாடும் வற்றிவிடும்!,title_as_printed,yaml:title_as_printed,,,,,high,machine_checked,corpus/purananuru/poems/007.md,5a460a2efeb34ede048c953a42659658c01e9587ac0940b84b01a62d5ffcd854
asrt.4d4ed5dfb1a2d7cf8dcc7e8a,purananuru,007,TEXTUAL_CONDITION,SOURCE_EXPLICIT,HAS_TEXTUAL_STATUS,complete,textual_status,yaml:textual_status,,,,,high,machine_checked,corpus/purananuru/poems/007.md,5a460a2efeb34ede048c953a42659658c01e9587ac0940b84b01a62d5ffcd854
asrt.d9e8f8ceccff67742bdbecb2,purananuru,007,FLORA_MENTION,SOURCE_EXPLICIT,MENTIONS_CANDIDATE,மலர்,canonical_body,markdown:canonical-body,5,5,10,14,medium,human_review_required,corpus/purananuru/poems/007.md,5a460a2efeb34ede048c953a42659658c01e9587ac0940b84b01a62d5ffcd854
asrt.b82be8ff235cd16d41c540d3,purananuru,007,FAUNA_MENTION,SOURCE_EXPLICIT,MENTIONS_CANDIDATE,களிறு,canonical_body,markdown:canonical-body,1,1,0,5,medium,human_review_required,corpus/purananuru/poems/007.md,5a460a2efeb34ede048c953a42659658c01e9587ac0940b84b01a62d5ffcd854
asrt.7a940110318dba422a1c3ed3,purananuru,008,POET_ATTRIBUTION,SOURCE_EXPLICIT,ATTRIBUTED_TO,கபிலர்,poet_as_printed,yaml:poet_as_printed,,,,,high,machine_checked,corpus/purananuru/poems/008.md,4c02c51c095db8d49c8b2fb1d94fab16873bf7ad0fb43e31ec28bf4b64fc19ea
asrt.60dbc73fd8998aa3fc3e5796,purananuru,008,PATRON_OR_ADDRESSEE,SOURCE_EXPLICIT,ADDRESSED_TO,சேரமான் கடுங்கோ வாழியாதன் : சேரமான் செல்வக் கடுங்கோ வாழியாதன் என்பவனும் இவனே,addressee_as_printed,yaml:addressee_as_printed,,,,,high,machine_checked,corpus/purananuru/poems/008.md,4c02c51c095db8d49c8b2fb1d94fab16873bf7ad0fb43e31ec28bf4b64fc19ea
asrt.17585eb4c75ecf9ee8cc62a2,purananuru,008,TINI_VALUE,SOURCE_EXPLICIT,ASSOCIATED_WITH_TINAI,பாடாண்,thinai_as_printed,yaml:thinai_as_printed,,,,,high,machine_checked,corpus/purananuru/poems/008.md,4c02c51c095db8d49c8b2fb1d94fab16873bf7ad0fb43e31ec28bf4b64fc19ea
asrt.fb31cf93f01e86a89d69fdee,purananuru,008,TURAI_VALUE,SOURCE_EXPLICIT,ASSOCIATED_WITH_TURAI,இயன்மொழி,thurai,yaml:thurai,,,,,high,machine_checked,corpus/purananuru/poems/008.md,4c02c51c095db8d49c8b2fb1d94fab16873bf7ad0fb43e31ec28bf4b64fc19ea
asrt.af5e2761637cfb46d45f6662,purananuru,008,SOURCE_CONTEXT_NOTE,SOURCE_EXPLICIT,HAS_PRINTED_TITLE,கதிர்நிகர் ஆகாக் காவலன்!,title_as_printed,yaml:title_as_printed,,,,,high,machine_checked,corpus/purananuru/poems/008.md,4c02c51c095db8d49c8b2fb1d94fab16873bf7ad0fb43e31ec28bf4b64fc19ea
asrt.d9057ca3d54662eb0950ebd3,purananuru,008,SOURCE_CONTEXT_NOTE,SOURCE_EXPLICIT,HAS_PRINTED_SOURCE_NOTE,"பாடியவர் : கபிலர்.
பாடப்பட்டோன் : சேரமான் கடுங்கோ வாழியாதன் : சேரமான் செல்வக் கடுங்கோ வாழியாதன் என்பவனும் இவனே.
திணை : பாடாண். துறை: இயன்மொழி; பூவை நிலையும் ஆம்.",source_note,markdown:source-note,,,,,high,machine_checked,corpus/purananuru/poems/008.md,4c02c51c095db8d49c8b2fb1d94fab16873bf7ad0fb43e31ec28bf4b64fc19ea
asrt.d4c5efd4ef85b57cdcd62973,purananuru,008,TEXTUAL_CONDITION,SOURCE_EXPLICIT,HAS_TEXTUAL_STATUS,complete,textual_status,yaml:textual_status,,,,,high,machine_checked,corpus/purananuru/poems/008.md,4c02c51c095db8d49c8b2fb1d94fab16873bf7ad0fb43e31ec28bf4b64fc19ea
asrt.d87d5212736bcb5720f2aeee,purananuru,009,POET_ATTRIBUTION,SOURCE_EXPLICIT,ATTRIBUTED_TO,நெட்டிமையார்,poet_as_printed,yaml:poet_as_printed,,,,,high,machine_checked,corpus/purananuru/poems/009.md,bb645c1aea72a2cf2e01550470cf20dbcc4d81711aed7efe7c24f258682488df
asrt.6729a9562fa654f9daf31665,purananuru,009,PATRON_OR_ADDRESSEE,SOURCE_EXPLICIT,ADDRESSED_TO,பாண்டியன் பல்யாகசாலை முதுகுடுமிப் பெருவழுதி,addressee_as_printed,yaml:addressee_as_printed,,,,,high,machine_checked,corpus/purananuru/poems/009.md,bb645c1aea72a2cf2e01550470cf20dbcc4d81711aed7efe7c24f258682488df
asrt.559586db06ce0005cdd62527,purananuru,009,TINI_VALUE,SOURCE_EXPLICIT,ASSOCIATED_WITH_TINAI,பாடாண்,thinai_as_printed,yaml:thinai_as_printed,,,,,high,machine_checked,corpus/purananuru/poems/009.md,bb645c1aea72a2cf2e01550470cf20dbcc4d81711aed7efe7c24f258682488df
asrt.8616883f2744e514cffa1bd9,purananuru,009,TURAI_VALUE,SOURCE_EXPLICIT,ASSOCIATED_WITH_TURAI,இயன்மொழி,thurai,yaml:thurai,,,,,high,machine_checked,corpus/purananuru/poems/009.md,bb645c1aea72a2cf2e01550470cf20dbcc4d81711aed7efe7c24f258682488df
asrt.2ff0fdf3512ef897bee03fdc,purananuru,009,SOURCE_CONTEXT_NOTE,SOURCE_EXPLICIT,HAS_PRINTED_TITLE,ஆற்றுமணலும் வாழ்நாளும்!,title_as_printed,yaml:title_as_printed,,,,,high,machine_checked,corpus/purananuru/poems/009.md,bb645c1aea72a2cf2e01550470cf20dbcc4d81711aed7efe7c24f258682488df
asrt.45ac570458ef22ad955c2a70,purananuru,009,SOURCE_CONTEXT_NOTE,SOURCE_EXPLICIT,HAS_PRINTED_SOURCE_NOTE,"பாடியவர் : நெட்டிமையார்.
பாடப்பட்டோன் : பாண்டியன் பல்யாகசாலை முதுகுடுமிப் பெருவழுதி.
திணை : பாடாண். துறை :
இயன்மொழி. குறிப்பு : இதனுடன் காரிகிழாரின் ஆறாவது புறப்பாட்டையும் சேர்த்து ஆய்ந்து, இப் பாண்டியனின் சிறப்பைக் காண்க.",source_note,markdown:source-note,,,,,high,machine_checked,corpus/purananuru/poems/009.md,bb645c1aea72a2cf2e01550470cf20dbcc4d81711aed7efe7c24f258682488df
asrt.82b6e670226493b3c877114f,purananuru,009,TEXTUAL_CONDITION,SOURCE_EXPLICIT,HAS_TEXTUAL_STATUS,complete,textual_status,yaml:textual_status,,,,,high,machine_checked,corpus/purananuru/poems/009.md,bb645c1aea72a2cf2e01550470cf20dbcc4d81711aed7efe7c24f258682488df
asrt.e524fb5d6c464e8373f22ccc,purananuru,010,PATRON_OR_ADDRESSEE,SOURCE_EXPLICIT,ADDRESSED_TO,சோழன் நெய்தலங் கானல் இளஞ்சேட் சென்னி,addressee_as_printed,yaml:addressee_as_printed,,,,,high,machine_checked,corpus/purananuru/poems/010.md,79a8b9e038780fe6fffd88b85981d9b6107af0b2b60dc030ec6cbe2e88b8a33b
asrt.1138ff68daa916b579683506,purananuru,010,TINI_VALUE,SOURCE_EXPLICIT,ASSOCIATED_WITH_TINAI,பாடாண்,thinai_as_printed,yaml:thinai_as_printed,,,,,high,machine_checked,corpus/purananuru/poems/010.md,79a8b9e038780fe6fffd88b85981d9b6107af0b2b60dc030ec6cbe2e88b8a33b
asrt.fa38a8c1c5350ce180869547,purananuru,010,TURAI_VALUE,SOURCE_EXPLICIT,ASSOCIATED_WITH_TURAI,இயன்மொழி,thurai,yaml:thurai,,,,,high,machine_checked,corpus/purananuru/poems/010.md,79a8b9e038780fe6fffd88b85981d9b6107af0b2b60dc030ec6cbe2e88b8a33b
asrt.d5783d28b5bf72b751069cbf,purananuru,010,SOURCE_CONTEXT_NOTE,SOURCE_EXPLICIT,HAS_PRINTED_TITLE,குற்றமும் தண்டனையும்!,title_as_printed,yaml:title_as_printed,,,,,high,machine_checked,corpus/purananuru/poems/010.md,79a8b9e038780fe6fffd88b85981d9b6107af0b2b60dc030ec6cbe2e88b8a33b
asrt.aa7e6ea981660a030e5521bd,purananuru,010,SOURCE_CONTEXT_NOTE,SOURCE_EXPLICIT,HAS_PRINTED_SOURCE_NOTE,"பாடியோர் : ஊன் பொதி பசுங் குடையார்.
பாடப்பட்டோன் : சோழன் நெய்தலங் கானல் இளஞ்சேட் சென்னி.
திணை : பாடாண்.
துறை : இயன்மொழி.",source_note,markdown:source-note,,,,,high,machine_checked,corpus/purananuru/poems/010.md,79a8b9e038780fe6fffd88b85981d9b6107af0b2b60dc030ec6cbe2e88b8a33b
asrt.8297de6f3e4bda967edadbc2,purananuru,010,TEXTUAL_CONDITION,SOURCE_EXPLICIT,HAS_TEXTUAL_STATUS,complete,textual_status,yaml:textual_status,,,,,high,machine_checked,corpus/purananuru/poems/010.md,79a8b9e038780fe6fffd88b85981d9b6107af0b2b60dc030ec6cbe2e88b8a33b
asrt.e61616799a58d5caebb285d4,purananuru,011,POET_ATTRIBUTION,SOURCE_EXPLICIT,ATTRIBUTED_TO,பேய்மகள் இளவெயினியார்,poet_as_printed,yaml:poet_as_printed,,,,,high,machine_checked,corpus/purananuru/poems/011.md,e6d5680156399e761950309f7ee3d101d5000a758318a35770c2496b17a3f625
asrt.f38c5bbc46aff9be554e41fe,purananuru,011,PATRON_OR_ADDRESSEE,SOURCE_EXPLICIT,ADDRESSED_TO,சேரமான் பாலை பாடிய பெருங்கடுங்கோ,addressee_as_printed,yaml:addressee_as_printed,,,,,high,machine_checked,corpus/purananuru/poems/011.md,e6d5680156399e761950309f7ee3d101d5000a758318a35770c2496b17a3f625
asrt.df9160e3de6e58fc56e9eac3,purananuru,011,TINI_VALUE,SOURCE_EXPLICIT,ASSOCIATED_WITH_TINAI,பாடாண்,thinai_as_printed,yaml:thinai_as_printed,,,,,high,machine_checked,corpus/purananuru/poems/011.md,e6d5680156399e761950309f7ee3d101d5000a758318a35770c2496b17a3f625
asrt.fea1646c39a892c72865ef78,purananuru,011,TURAI_VALUE,SOURCE_EXPLICIT,ASSOCIATED_WITH_TURAI,பரிசில் கடாநிலை,thurai,yaml:thurai,,,,,high,machine_checked,corpus/purananuru/poems/011.md,e6d5680156399e761950309f7ee3d101d5000a758318a35770c2496b17a3f625
asrt.afcab6a99a162837c4ccb515,purananuru,011,SOURCE_CONTEXT_NOTE,SOURCE_EXPLICIT,HAS_PRINTED_SOURCE_NOTE,"பாடியவர் : பேய்மகள் இளவெயினியார்.
பாடப்பட்டோன் : சேரமான் பாலை பாடிய பெருங்கடுங்கோ.
திணை : பாடாண். துறை :பரிசில் கடாநிலை.",source_note,markdown:source-note,,,,,high,machine_checked,corpus/purananuru/poems/011.md,e6d5680156399e761950309f7ee3d101d5000a758318a35770c2496b17a3f625
asrt.f40cc0d68c00ac5352822c0a,purananuru,011,SOURCE_CONTEXT_NOTE,SOURCE_EXPLICIT,HAS_PRINTED_TITLE,பெற்றனர்! பெற்றிலேன்!,title_as_printed,yaml:title_as_printed,,,,,high,machine_checked,corpus/purananuru/poems/011.md,e6d5680156399e761950309f7ee3d101d5000a758318a35770c2496b17a3f625
asrt.8223d4030b020fb86a6cf7ae,purananuru,011,TEXTUAL_CONDITION,SOURCE_EXPLICIT,HAS_TEXTUAL_STATUS,complete,textual_status,yaml:textual_status,,,,,high,machine_checked,corpus/purananuru/poems/011.md,e6d5680156399e761950309f7ee3d101d5000a758318a35770c2496b17a3f625
asrt.86383f3949b670b94a97440a,purananuru,011,ECONOMIC_ACTIVITY,SOURCE_EXPLICIT,MENTIONS_CANDIDATE,வரி,canonical_body,markdown:canonical-body,3,3,0,3,medium,human_review_required,corpus/purananuru/poems/011.md,e6d5680156399e761950309f7ee3d101d5000a758318a35770c2496b17a3f625
asrt.0887375caee62379098bd70e,purananuru,011,POLITICAL_RELATION,SOURCE_EXPLICIT,MENTIONS_CANDIDATE,வேந்தன்,canonical_body,markdown:canonical-body,10,10,15,22,medium,human_review_required,corpus/purananuru/poems/011.md,e6d5680156399e761950309f7ee3d101d5000a758318a35770c2496b17a3f625
asrt.305a168ef877ae03e1cc123b,purananuru,011,MUSIC_OR_PERFORMANCE,SOURCE_EXPLICIT,MENTIONS_CANDIDATE,பாடல்,canonical_body,markdown:canonical-body,7,7,0,5,medium,human_review_required,corpus/purananuru/poems/011.md,e6d5680156399e761950309f7ee3d101d5000a758318a35770c2496b17a3f625
asrt.052b4e5ba1bc7e5f80ecd97e,purananuru,012,POET_ATTRIBUTION,SOURCE_EXPLICIT,ATTRIBUTED_TO,நெட்டிமையார்,poet_as_printed,yaml:poet_as_printed,,,,,high,machine_checked,corpus/purananuru/poems/012.md,d1c104473e19917dc34bddf55e082c56e25c0c5c2d4db26c4dda0dabe0576217
asrt.687493e30456319401ade885,purananuru,012,PATRON_OR_ADDRESSEE,SOURCE_EXPLICIT,ADDRESSED_TO,பாண்டியன் பல்யாகசாலை முதுகுடுமிப் பெருவழுதி,addressee_as_printed,yaml:addressee_as_printed,,,,,high,machine_checked,corpus/purananuru/poems/012.md,d1c104473e19917dc34bddf55e082c56e25c0c5c2d4db26c4dda0dabe0576217
asrt.8b10d718c591906b699b31fc,purananuru,012,TINI_VALUE,SOURCE_EXPLICIT,ASSOCIATED_WITH_TINAI,பாடாண்,thinai_as_printed,yaml:thinai_as_printed,,,,,high,machine_checked,corpus/purananuru/poems/012.md,d1c104473e19917dc34bddf55e082c56e25c0c5c2d4db26c4dda0dabe0576217
asrt.7c8e899c49336056c3f4fc53,purananuru,012,TURAI_VALUE,SOURCE_EXPLICIT,ASSOCIATED_WITH_TURAI,இயன்மொழி,thurai,yaml:thurai,,,,,high,machine_checked,corpus/purananuru/poems/012.md,d1c104473e19917dc34bddf55e082c56e25c0c5c2d4db26c4dda0dabe0576217
asrt.72438ea66a576f5ebf6efc60,purananuru,012,SOURCE_CONTEXT_NOTE,SOURCE_EXPLICIT,HAS_PRINTED_TITLE,அறம் இதுதானோ?,title_as_printed,yaml:title_as_printed,,,,,high,machine_checked,corpus/purananuru/poems/012.md,d1c104473e19917dc34bddf55e082c56e25c0c5c2d4db26c4dda0dabe0576217
asrt.b154d8c0203b0aec5ce40356,purananuru,012,SOURCE_CONTEXT_NOTE,SOURCE_EXPLICIT,HAS_PRINTED_SOURCE_NOTE,"பாடியவர் : நெட்டிமையார்.
பாடப்பட்டோன் : பாண்டியன் பல்யாகசாலை முதுகுடுமிப் பெருவழுதி.
திணை : பாடாண். துறை : இயன்மொழி.",source_note,markdown:source-note,,,,,high,machine_checked,corpus/purananuru/poems/012.md,d1c104473e19917dc34bddf55e082c56e25c0c5c2d4db26c4dda0dabe0576217
asrt.f59982289410a03584df2042,purananuru,012,TEXTUAL_CONDITION,SOURCE_EXPLICIT,HAS_TEXTUAL_STATUS,complete,textual_status,yaml:textual_status,,,,,high,machine_checked,corpus/purananuru/poems/012.md,d1c104473e19917dc34bddf55e082c56e25c0c5c2d4db26c4dda0dabe0576217
asrt.e4182420ed8258149c7545bd,purananuru,012,COMMUNITY_MENTION,SOURCE_EXPLICIT,MENTIONS_CANDIDATE,பாணர்,canonical_body,markdown:canonical-body,1,1,0,5,medium,human_review_required,corpus/purananuru/poems/012.md,d1c104473e19917dc34bddf55e082c56e25c0c5c2d4db26c4dda0dabe0576217
asrt.3ad6b1da3d790e62cce14da0,purananuru,013,POET_ATTRIBUTION,SOURCE_EXPLICIT,ATTRIBUTED_TO,உறையூர் ஏணிச்சேரி முடமோசியார்,poet_as_printed,yaml:poet_as_printed,,,,,high,machine_checked,corpus/purananuru/poems/013.md,5e439e4d50915b769684ea39fe4e6a669145fddd1290ac9fc83db8eebf488ab0
asrt.a6527a3cc8a1efacc78cabb0,purananuru,013,PATRON_OR_ADDRESSEE,SOURCE_EXPLICIT,ADDRESSED_TO,சோழன் முடித்தலைக் கோப்பெருநற்கிள்ளி,addressee_as_printed,yaml:addressee_as_printed,,,,,high,machine_checked,corpus/purananuru/poems/013.md,5e439e4d50915b769684ea39fe4e6a669145fddd1290ac9fc83db8eebf488ab0
asrt.5c949d914d9432d54b94e471,purananuru,013,TINI_VALUE,SOURCE_EXPLICIT,ASSOCIATED_WITH_TINAI,பாடாண்,thinai_as_printed,yaml:thinai_as_printed,,,,,high,machine_checked,corpus/purananuru/poems/013.md,5e439e4d50915b769684ea39fe4e6a669145fddd1290ac9fc83db8eebf488ab0
asrt.566203509ab827d36a8dd8ef,purananuru,013,TURAI_VALUE,SOURCE_EXPLICIT,ASSOCIATED_WITH_TURAI,வாழ்த்தியல்,thurai,yaml:thurai,,,,,high,machine_checked,corpus/purananuru/poems/013.md,5e439e4d50915b769684ea39fe4e6a669145fddd1290ac9fc83db8eebf488ab0
asrt.4bc58aca622de4791a7939e1,purananuru,013,SOURCE_CONTEXT_NOTE,SOURCE_EXPLICIT,HAS_PRINTED_TITLE,நோயின்றிச் செல்க!,title_as_printed,yaml:title_as_printed,,,,,high,machine_checked,corpus/purananuru/poems/013.md,5e439e4d50915b769684ea39fe4e6a669145fddd1290ac9fc83db8eebf488ab0
asrt.82e944b683fd3b3dc694fe93,purananuru,013,SOURCE_CONTEXT_NOTE,SOURCE_EXPLICIT,HAS_PRINTED_SOURCE_NOTE,"பாடியவர் : உறையூர் ஏணிச்சேரி முடமோசியார்.
பாடப்பட்டோன் : சோழன் முடித்தலைக் கோப்பெருநற்கிள்ளி.
திணை : பாடாண். துறை : வாழ்த்தியல்",source_note,markdown:source-note,,,,,high,machine_checked,corpus/purananuru/poems/013.md,5e439e4d50915b769684ea39fe4e6a669145fddd1290ac9fc83db8eebf488ab0
asrt.60dc1a4e06ffc3fd7e0e8309,purananuru,013,TEXTUAL_CONDITION,SOURCE_EXPLICIT,HAS_TEXTUAL_STATUS,complete,textual_status,yaml:textual_status,,,,,high,machine_checked,corpus/purananuru/poems/013.md,5e439e4d50915b769684ea39fe4e6a669145fddd1290ac9fc83db8eebf488ab0
asrt.9ff4718a6c1ed868a403ba67,purananuru,013,OCCUPATION_MENTION,SOURCE_EXPLICIT,MENTIONS_CANDIDATE,உழவர்,canonical_body,markdown:canonical-body,11,11,5,10,medium,human_review_required,corpus/purananuru/poems/013.md,5e439e4d50915b769684ea39fe4e6a669145fddd1290ac9fc83db8eebf488ab0
asrt.f6da3868bd6c21f4598ea89f,purananuru,014,POET_ATTRIBUTION,SOURCE_EXPLICIT,ATTRIBUTED_TO,கபிலர்,poet_as_printed,yaml:poet_as_printed,,,,,high,machine_checked,corpus/purananuru/poems/014.md,643e4b2d7be70d95b1984e48b8e2feee17e7c818eaab3010d09a47c3e190681b
asrt.e08e190296581f6163ce73a2,purananuru,014,PATRON_OR_ADDRESSEE,SOURCE_EXPLICIT,ADDRESSED_TO,சேரமான் செல்வக் கடுங்கோ வாழியாதன்,addressee_as_printed,yaml:addressee_as_printed,,,,,high,machine_checked,corpus/purananuru/poems/014.md,643e4b2d7be70d95b1984e48b8e2feee17e7c818eaab3010d09a47c3e190681b
asrt.0d25f7cb2222e791e2d00b71,purananuru,014,TINI_VALUE,SOURCE_EXPLICIT,ASSOCIATED_WITH_TINAI,பாடாண்,thinai_as_printed,yaml:thinai_as_printed,,,,,high,machine_checked,corpus/purananuru/poems/014.md,643e4b2d7be70d95b1984e48b8e2feee17e7c818eaab3010d09a47c3e190681b
asrt.f8b35f00e815b60470e15931,purananuru,014,TURAI_VALUE,SOURCE_EXPLICIT,ASSOCIATED_WITH_TURAI,இயன்மொழி,thurai,yaml:thurai,,,,,high,machine_checked,corpus/purananuru/poems/014.md,643e4b2d7be70d95b1984e48b8e2feee17e7c818eaab3010d09a47c3e190681b
asrt.c2aa79adc38ea9707f2db5ac,purananuru,014,SOURCE_CONTEXT_NOTE,SOURCE_EXPLICIT,HAS_PRINTED_SOURCE_NOTE,"பாடியவர் :கபிலர்.
பாடப்பட்டோன் : சேரமான் செல்வக் கடுங்கோ வாழியாதன்.
திணை : பாடாண். துறை : இயன்மொழி",source_note,markdown:source-note,,,,,high,machine_checked,corpus/purananuru/poems/014.md,643e4b2d7be70d95b1984e48b8e2feee17e7c818eaab3010d09a47c3e190681b
asrt.474962f09ad1e52e2cdcc548,purananuru,014,SOURCE_CONTEXT_NOTE,SOURCE_EXPLICIT,HAS_PRINTED_TITLE,மென்மையும்! வன்மையும்!,title_as_printed,yaml:title_as_printed,,,,,high,machine_checked,corpus/purananuru/poems/014.md,643e4b2d7be70d95b1984e48b8e2feee17e7c818eaab3010d09a47c3e190681b
asrt.dffdc04c1802bf5d92570b24,purananuru,014,TEXTUAL_CONDITION,SOURCE_EXPLICIT,HAS_TEXTUAL_STATUS,complete,textual_status,yaml:textual_status,,,,,high,machine_checked,corpus/purananuru/poems/014.md,643e4b2d7be70d95b1984e48b8e2feee17e7c818eaab3010d09a47c3e190681b
asrt.e0b2f75ab57a1fc5e7062f84,purananuru,014,COMMODITY_MENTION,SOURCE_EXPLICIT,MENTIONS_CANDIDATE,பொன்,canonical_body,markdown:canonical-body,3,3,0,4,medium,human_review_required,corpus/purananuru/poems/014.md,643e4b2d7be70d95b1984e48b8e2feee17e7c818eaab3010d09a47c3e190681b
asrt.c187e944129b976f8e55e967,purananuru,015,POET_ATTRIBUTION,SOURCE_EXPLICIT,ATTRIBUTED_TO,கபிலர்,poet_as_printed,yaml:poet_as_printed,,,,,high,machine_checked,corpus/purananuru/poems/015.md,f35be997ae01fcf1dc799f6bbaa076326ad69811bb652715427e42d2eaa9ff79
asrt.46bb3ac96fc63a36b51b3f61,purananuru,015,PATRON_OR_ADDRESSEE,SOURCE_EXPLICIT,ADDRESSED_TO,சேரமான் செல்வக் கடுங்கோ வாழியாதன்,addressee_as_printed,yaml:addressee_as_printed,,,,,high,machine_checked,corpus/purananuru/poems/015.md,f35be997ae01fcf1dc799f6bbaa076326ad69811bb652715427e42d2eaa9ff79
asrt.f20633cf231e0cb47de3f05f,purananuru,015,TINI_VALUE,SOURCE_EXPLICIT,ASSOCIATED_WITH_TINAI,பாடாண்,thinai_as_printed,yaml:thinai_as_printed,,,,,high,machine_checked,corpus/purananuru/poems/015.md,f35be997ae01fcf1dc799f6bbaa076326ad69811bb652715427e42d2eaa9ff79
asrt.252116b191e2c4a8c3bd7567,purananuru,015,TURAI_VALUE,SOURCE_EXPLICIT,ASSOCIATED_WITH_TURAI,இயன்மொழி,thurai,yaml:thurai,,,,,high,machine_checked,corpus/purananuru/poems/015.md,f35be997ae01fcf1dc799f6bbaa076326ad69811bb652715427e42d2eaa9ff79
asrt.cb2c7889b4c6ab506e5938fe,purananuru,015,SOURCE_CONTEXT_NOTE,SOURCE_EXPLICIT,HAS_PRINTED_TITLE,எதனிற் சிறந்தாய்?,title_as_printed,yaml:title_as_printed,,,,,high,machine_checked,corpus/purananuru/poems/015.md,f35be997ae01fcf1dc799f6bbaa076326ad69811bb652715427e42d2eaa9ff79
asrt.65fb7c699089719964d2f8ef,purananuru,015,SOURCE_CONTEXT_NOTE,SOURCE_EXPLICIT,HAS_PRINTED_SOURCE_NOTE,"பாடியவர் :கபிலர்.
பாடப்பட்டோன் : சேரமான் செல்வக் கடுங்கோ வாழியாதன்.
திணை : பாடாண். துறை : இயன்மொழி",source_note,markdown:source-note,,,,,high,machine_checked,corpus/purananuru/poems/015.md,f35be997ae01fcf1dc799f6bbaa076326ad69811bb652715427e42d2eaa9ff79
asrt.39af1f95b8fb015b1c3806b9,purananuru,015,TEXTUAL_CONDITION,SOURCE_EXPLICIT,HAS_TEXTUAL_STATUS,complete,textual_status,yaml:textual_status,,,,,high,machine_checked,corpus/purananuru/poems/015.md,f35be997ae01fcf1dc799f6bbaa076326ad69811bb652715427e42d2eaa9ff79
asrt.b844a7f52a1b531761f06c39,purananuru,015,FAUNA_MENTION,SOURCE_EXPLICIT,MENTIONS_CANDIDATE,களிறு,canonical_body,markdown:canonical-body,9,9,16,21,medium,human_review_required,corpus/purananuru/poems/015.md,f35be997ae01fcf1dc799f6bbaa076326ad69811bb652715427e42d2eaa9ff79
asrt.7fc27ba478878ad7ee8f4875,purananuru,015,COMMODITY_MENTION,SOURCE_EXPLICIT,MENTIONS_CANDIDATE,பொன்,canonical_body,markdown:canonical-body,12,12,8,12,medium,human_review_required,corpus/purananuru/poems/015.md,f35be997ae01fcf1dc799f6bbaa076326ad69811bb652715427e42d2eaa9ff79
asrt.72d952f257a76fd9cc33384d,purananuru,016,POET_ATTRIBUTION,SOURCE_EXPLICIT,ATTRIBUTED_TO,பாண்டரங் கண்ணனார்,poet_as_printed,yaml:poet_as_printed,,,,,high,machine_checked,corpus/purananuru/poems/016.md,dcb97f8e245943328dd099bba7ab8443b624cdfd44169746fdb3b7a022a7b40b
asrt.f9f7cd1be4b6292f3e8e03f4,purananuru,016,PATRON_OR_ADDRESSEE,SOURCE_EXPLICIT,ADDRESSED_TO,சோழன் இராசசூயம் வேட்ட பெருநற்கிள்ளி,addressee_as_printed,yaml:addressee_as_printed,,,,,high,machine_checked,corpus/purananuru/poems/016.md,dcb97f8e245943328dd099bba7ab8443b624cdfd44169746fdb3b7a022a7b40b
asrt.0aed4a8bf7f2a9a4acead11a,purananuru,016,TINI_VALUE,SOURCE_EXPLICIT,ASSOCIATED_WITH_TINAI,வஞ்சி,thinai_as_printed,yaml:thinai_as_printed,,,,,high,machine_checked,corpus/purananuru/poems/016.md,dcb97f8e245943328dd099bba7ab8443b624cdfd44169746fdb3b7a022a7b40b
asrt.4be019e9db5bf345bb03b15d,purananuru,016,TURAI_VALUE,SOURCE_EXPLICIT,ASSOCIATED_WITH_TURAI,மழபுல வஞ்சி,thurai,yaml:thurai,,,,,high,machine_checked,corpus/purananuru/poems/016.md,dcb97f8e245943328dd099bba7ab8443b624cdfd44169746fdb3b7a022a7b40b
asrt.73a1b12092a65703635f586c,purananuru,016,SOURCE_CONTEXT_NOTE,SOURCE_EXPLICIT,HAS_PRINTED_TITLE,செவ்வானும் சுடுநெருப்பும்!,title_as_printed,yaml:title_as_printed,,,,,high,machine_checked,corpus/purananuru/poems/016.md,dcb97f8e245943328dd099bba7ab8443b624cdfd44169746fdb3b7a022a7b40b
asrt.9ccef779ad0f89591d2692d0,purananuru,016,SOURCE_CONTEXT_NOTE,SOURCE_EXPLICIT,HAS_PRINTED_SOURCE_NOTE,"பாடியவர்: பாண்டரங் கண்ணனார்.
பாடப்பட்டோன்: சோழன் இராசசூயம் வேட்ட பெருநற்கிள்ளி.
திணை: வஞ்சி. துறை; மழபுல வஞ்சி.",source_note,markdown:source-note,,,,,high,machine_checked,corpus/purananuru/poems/016.md,dcb97f8e245943328dd099bba7ab8443b624cdfd44169746fdb3b7a022a7b40b
asrt.91f045c8677a555061ad7d74,purananuru,016,TEXTUAL_CONDITION,SOURCE_EXPLICIT,HAS_TEXTUAL_STATUS,complete,textual_status,yaml:textual_status,,,,,high,machine_checked,corpus/purananuru/poems/016.md,dcb97f8e245943328dd099bba7ab8443b624cdfd44169746fdb3b7a022a7b40b
asrt.d4d4de3d42c7e9c53d9074aa,purananuru,016,FLORA_MENTION,SOURCE_EXPLICIT,MENTIONS_CANDIDATE,மரம்,canonical_body,markdown:canonical-body,5,5,4,8,medium,human_review_required,corpus/purananuru/poems/016.md,dcb97f8e245943328dd099bba7ab8443b624cdfd44169746fdb3b7a022a7b40b
asrt.38892ac2638d7d5e6338567a,purananuru,016,FLORA_MENTION,SOURCE_EXPLICIT,MENTIONS_CANDIDATE,மலர்,canonical_body,markdown:canonical-body,13,13,14,18,medium,human_review_required,corpus/purananuru/poems/016.md,dcb97f8e245943328dd099bba7ab8443b624cdfd44169746fdb3b7a022a7b40b
asrt.1912ec72189c61e73bf3e6c5,purananuru,016,FAUNA_MENTION,SOURCE_EXPLICIT,MENTIONS_CANDIDATE,களிறு,canonical_body,markdown:canonical-body,6,6,15,20,medium,human_review_required,corpus/purananuru/poems/016.md,dcb97f8e245943328dd099bba7ab8443b624cdfd44169746fdb3b7a022a7b40b
asrt.fe460b0eb3303b7fd048b440,purananuru,016,WARFARE_MENTION,SOURCE_EXPLICIT,MENTIONS_CANDIDATE,வாள்,canonical_body,markdown:canonical-body,11,11,6,10,medium,human_review_required,corpus/purananuru/poems/016.md,dcb97f8e245943328dd099bba7ab8443b624cdfd44169746fdb3b7a022a7b40b
asrt.9c10846857035cb4a5227b97,purananuru,017,POET_ATTRIBUTION,SOURCE_EXPLICIT,ATTRIBUTED_TO,; குறுங்கோழியூர் கிழார்,poet_as_printed,yaml:poet_as_printed,,,,,high,machine_checked,corpus/purananuru/poems/017.md,abe62fdb51bceef38e68da61e3221aa8da95e904ae28bb6b78a8e43a7af81a54
asrt.e00bfe42515d3727901dfd04,purananuru,017,PATRON_OR_ADDRESSEE,SOURCE_EXPLICIT,ADDRESSED_TO,சேரமான் யானைக்கண்சேய் மாந்தரஞ்சேரல் இரும்பொறை,addressee_as_printed,yaml:addressee_as_printed,,,,,high,machine_checked,corpus/purananuru/poems/017.md,abe62fdb51bceef38e68da61e3221aa8da95e904ae28bb6b78a8e43a7af81a54
asrt.4a05c1f2fac00c8231c997e8,purananuru,017,TINI_VALUE,SOURCE_EXPLICIT,ASSOCIATED_WITH_TINAI,வாகை,thinai_as_printed,yaml:thinai_as_printed,,,,,high,machine_checked,corpus/purananuru/poems/017.md,abe62fdb51bceef38e68da61e3221aa8da95e904ae28bb6b78a8e43a7af81a54
asrt.3657e5695ac4a565df293c54,purananuru,017,TURAI_VALUE,SOURCE_EXPLICIT,ASSOCIATED_WITH_TURAI,அரசவாகை,thurai,yaml:thurai,,,,,high,machine_checked,corpus/purananuru/poems/017.md,abe62fdb51bceef38e68da61e3221aa8da95e904ae28bb6b78a8e43a7af81a54
asrt.dad5e57f945f0179042dfd76,purananuru,017,SOURCE_CONTEXT_NOTE,SOURCE_EXPLICIT,HAS_PRINTED_SOURCE_NOTE,"பாடியவர்; குறுங்கோழியூர் கிழார்.
பாடப்பட்டோன்: சேரமான் யானைக்கண்சேய் மாந்தரஞ்சேரல் இரும்பொறை.
திணை; வாகை. துறை: அரசவாகை; இயன்மொழியும் ஆம்.",source_note,markdown:source-note,,,,,high,machine_checked,corpus/purananuru/poems/017.md,abe62fdb51bceef38e68da61e3221aa8da95e904ae28bb6b78a8e43a7af81a54
asrt.d8cd64bcfb2f1e5589bd3ded,purananuru,017,SOURCE_CONTEXT_NOTE,SOURCE_EXPLICIT,HAS_PRINTED_TITLE,யானையும் வேந்தனும்!,title_as_printed,yaml:title_as_printed,,,,,high,machine_checked,corpus/purananuru/poems/017.md,abe62fdb51bceef38e68da61e3221aa8da95e904ae28bb6b78a8e43a7af81a54
asrt.a6e8136a1694c79e789652b1,purananuru,017,TEXTUAL_CONDITION,SOURCE_EXPLICIT,HAS_TEXTUAL_STATUS,complete,textual_status,yaml:textual_status,,,,,high,machine_checked,corpus/purananuru/poems/017.md,abe62fdb51bceef38e68da61e3221aa8da95e904ae28bb6b78a8e43a7af81a54
asrt.e6804b57cfae5c63cd0bdc15,purananuru,017,MOUNTAIN_OR_HILL_MENTION,SOURCE_EXPLICIT,MENTIONS_CANDIDATE,குன்று,canonical_body,markdown:canonical-body,3,3,0,6,medium,human_review_required,corpus/purananuru/poems/017.md,abe62fdb51bceef38e68da61e3221aa8da95e904ae28bb6b78a8e43a7af81a54
asrt.0d55adecf491d0bf5efa6062,purananuru,017,MOUNTAIN_OR_HILL_MENTION,SOURCE_EXPLICIT,MENTIONS_CANDIDATE,மலை,canonical_body,markdown:canonical-body,3,3,8,11,medium,human_review_required,corpus/purananuru/poems/017.md,abe62fdb51bceef38e68da61e3221aa8da95e904ae28bb6b78a8e43a7af81a54
asrt.9de539d967761cb7561af441,purananuru,017,MOUNTAIN_OR_HILL_MENTION,SOURCE_EXPLICIT,MENTIONS_CANDIDATE,மலை,canonical_body,markdown:canonical-body,10,10,11,14,medium,human_review_required,corpus/purananuru/poems/017.md,abe62fdb51bceef38e68da61e3221aa8da95e904ae28bb6b78a8e43a7af81a54
asrt.3124b5ffc017aa4a02853383,purananuru,017,FLORA_MENTION,SOURCE_EXPLICIT,MENTIONS_CANDIDATE,மலர்,canonical_body,markdown:canonical-body,22,22,15,19,medium,human_review_required,corpus/purananuru/poems/017.md,abe62fdb51bceef38e68da61e3221aa8da95e904ae28bb6b78a8e43a7af81a54
asrt.dd7365b8130b03b05648efc1,purananuru,017,FAUNA_MENTION,SOURCE_EXPLICIT,MENTIONS_CANDIDATE,களிறு,canonical_body,markdown:canonical-body,17,17,18,23,medium,human_review_required,corpus/purananuru/poems/017.md,abe62fdb51bceef38e68da61e3221aa8da95e904ae28bb6b78a8e43a7af81a54
asrt.c09dda7ffb90647699855afc,purananuru,017,FAUNA_MENTION,SOURCE_EXPLICIT,MENTIONS_CANDIDATE,யானை,canonical_body,markdown:canonical-body,35,35,26,30,medium,human_review_required,corpus/purananuru/poems/017.md,abe62fdb51bceef38e68da61e3221aa8da95e904ae28bb6b78a8e43a7af81a54
asrt.b3bcbe8e583d416a9918392f,purananuru,018,POET_ATTRIBUTION,SOURCE_EXPLICIT,ATTRIBUTED_TO,; குடபுலவியனார்,poet_as_printed,yaml:poet_as_printed,,,,,high,machine_checked,corpus/purananuru/poems/018.md,36fc5a83974ce3c07f32da1f9d61eafde5939b1870edfc1f6f062a0b79a9b641
asrt.81d0c77dbafb4fbe742db6ee,purananuru,018,PATRON_OR_ADDRESSEE,SOURCE_EXPLICIT,ADDRESSED_TO,பாண்டியன் நெடுஞ்செழியன். திணை: பொதுவியல்,addressee_as_printed,yaml:addressee_as_printed,,,,,high,machine_checked,corpus/purananuru/poems/018.md,36fc5a83974ce3c07f32da1f9d61eafde5939b1870edfc1f6f062a0b79a9b641
asrt.3a1de6168d8e04eb2c16eb9b,purananuru,018,TINI_VALUE,SOURCE_EXPLICIT,ASSOCIATED_WITH_TINAI,பொதுவியல்,thinai_as_printed,yaml:thinai_as_printed,,,,,high,machine_checked,corpus/purananuru/poems/018.md,36fc5a83974ce3c07f32da1f9d61eafde5939b1870edfc1f6f062a0b79a9b641
asrt.ed1615da5fe3e78a3e1636bd,purananuru,018,TURAI_VALUE,SOURCE_EXPLICIT,ASSOCIATED_WITH_TURAI,முதுமொழிக் காஞ்சி : பொருண்மொழிக் காஞ்சி எனவும் பாடம்,thurai,yaml:thurai,,,,,high,machine_checked,corpus/purananuru/poems/018.md,36fc5a83974ce3c07f32da1f9d61eafde5939b1870edfc1f6f062a0b79a9b641
asrt.ce2a02b4878c6055fa53597b,purananuru,018,SOURCE_CONTEXT_NOTE,SOURCE_EXPLICIT,HAS_PRINTED_TITLE,நீரும் நிலனும்!,title_as_printed,yaml:title_as_printed,,,,,high,machine_checked,corpus/purananuru/poems/018.md,36fc5a83974ce3c07f32da1f9d61eafde5939b1870edfc1f6f062a0b79a9b641
asrt.c65390d8f3bf01294ccf2b24,purananuru,018,SOURCE_CONTEXT_NOTE,SOURCE_EXPLICIT,HAS_PRINTED_SOURCE_NOTE,"பாடியவர்; குடபுலவியனார்.
பாடப்பட்டோன் : பாண்டியன் நெடுஞ்செழியன். திணை: பொதுவியல்.
துறை: முதுமொழிக் காஞ்சி : பொருண்மொழிக் காஞ்சி எனவும் பாடம்.",source_note,markdown:source-note,,,,,high,machine_checked,corpus/purananuru/poems/018.md,36fc5a83974ce3c07f32da1f9d61eafde5939b1870edfc1f6f062a0b79a9b641
asrt.74baf751b92942b16deea743,purananuru,018,TEXTUAL_CONDITION,SOURCE_EXPLICIT,HAS_TEXTUAL_STATUS,complete,textual_status,yaml:textual_status,,,,,high,machine_checked,corpus/purananuru/poems/018.md,36fc5a83974ce3c07f32da1f9d61eafde5939b1870edfc1f6f062a0b79a9b641
asrt.36a5a94898c2565cdf2ca5ae,purananuru,018,RULER_MENTION,SOURCE_EXPLICIT,MENTIONS_CANDIDATE,இறைவன்,canonical_body,markdown:canonical-body,26,26,0,6,medium,human_review_required,corpus/purananuru/poems/018.md,36fc5a83974ce3c07f32da1f9d61eafde5939b1870edfc1f6f062a0b79a9b641
asrt.10527fcab669d4e54fe31532,purananuru,019,POET_ATTRIBUTION,SOURCE_EXPLICIT,ATTRIBUTED_TO,குடபுலவியனார்,poet_as_printed,yaml:poet_as_printed,,,,,high,machine_checked,corpus/purananuru/poems/019.md,fadb68bfcca955126874a92487db8ac4bfd17ca1e4d0248150a007c334b0785c
asrt.69799bb0f28027df1d47c790,purananuru,019,PATRON_OR_ADDRESSEE,SOURCE_EXPLICIT,ADDRESSED_TO,பாண்டியன் தலையாலங்கானத்துச் செருவென்ற நெடுஞ்செழியன்,addressee_as_printed,yaml:addressee_as_printed,,,,,high,machine_checked,corpus/purananuru/poems/019.md,fadb68bfcca955126874a92487db8ac4bfd17ca1e4d0248150a007c334b0785c
asrt.c123498315fef8e9645f0c51,purananuru,019,TINI_VALUE,SOURCE_EXPLICIT,ASSOCIATED_WITH_TINAI,வாகை,thinai_as_printed,yaml:thinai_as_printed,,,,,high,machine_checked,corpus/purananuru/poems/019.md,fadb68bfcca955126874a92487db8ac4bfd17ca1e4d0248150a007c334b0785c
asrt.4d92c0aee5b717a608735d80,purananuru,019,TURAI_VALUE,SOURCE_EXPLICIT,ASSOCIATED_WITH_TURAI,அரசவாகை,thurai,yaml:thurai,,,,,high,machine_checked,corpus/purananuru/poems/019.md,fadb68bfcca955126874a92487db8ac4bfd17ca1e4d0248150a007c334b0785c
asrt.7be1ce9db6cc522b78c2ce3b,purananuru,019,SOURCE_CONTEXT_NOTE,SOURCE_EXPLICIT,HAS_PRINTED_TITLE,எழுவரை வென்ற ஒருவன்!,title_as_printed,yaml:title_as_printed,,,,,high,machine_checked,corpus/purananuru/poems/019.md,fadb68bfcca955126874a92487db8ac4bfd17ca1e4d0248150a007c334b0785c
asrt.62ef3498ba0cc1c9c9d6bd49,purananuru,019,SOURCE_CONTEXT_NOTE,SOURCE_EXPLICIT,HAS_PRINTED_SOURCE_NOTE,"பாடியவர் : குடபுலவியனார்.
பாடப்பட்டோன் : பாண்டியன் தலையாலங்கானத்துச் செருவென்ற நெடுஞ்செழியன்.
திணை: வாகை. துறை: அரசவாகை.",source_note,markdown:source-note,,,,,high,machine_checked,corpus/purananuru/poems/019.md,fadb68bfcca955126874a92487db8ac4bfd17ca1e4d0248150a007c334b0785c
asrt.54db7a0ce683a5e9bef5f994,purananuru,019,TEXTUAL_CONDITION,SOURCE_EXPLICIT,HAS_TEXTUAL_STATUS,complete,textual_status,yaml:textual_status,,,,,high,machine_checked,corpus/purananuru/poems/019.md,fadb68bfcca955126874a92487db8ac4bfd17ca1e4d0248150a007c334b0785c
asrt.5345a6c6788e6d26f3a6c9e7,purananuru,020,POET_ATTRIBUTION,SOURCE_EXPLICIT,ATTRIBUTED_TO,குறுங்கோழியூர்கிழார்,poet_as_printed,yaml:poet_as_printed,,,,,high,machine_checked,corpus/purananuru/poems/020.md,a1480ce0367562da56ac15009b501e48a0d7fdf4789d44935063dd834854f530
asrt.3fae96bfb5dcb6d1445bf99e,purananuru,020,PATRON_OR_ADDRESSEE,SOURCE_EXPLICIT,ADDRESSED_TO,சேரமான் யானைக்கட்சேய் மாந்தரஞ் சேரல் இரும்பொறை; மாந்தரஞ் சேரல்,addressee_as_printed,yaml:addressee_as_printed,,,,,high,machine_checked,corpus/purananuru/poems/020.md,a1480ce0367562da56ac15009b501e48a0d7fdf4789d44935063dd834854f530
asrt.808be50465b56f522f6fb35d,purananuru,020,TINI_VALUE,SOURCE_EXPLICIT,ASSOCIATED_WITH_TINAI,வாகை,thinai_as_printed,yaml:thinai_as_printed,,,,,high,machine_checked,corpus/purananuru/poems/020.md,a1480ce0367562da56ac15009b501e48a0d7fdf4789d44935063dd834854f530
asrt.9eaa744e589635b5bd05875f,purananuru,020,TURAI_VALUE,SOURCE_EXPLICIT,ASSOCIATED_WITH_TURAI,அரச வாகை,thurai,yaml:thurai,,,,,high,machine_checked,corpus/purananuru/poems/020.md,a1480ce0367562da56ac15009b501e48a0d7fdf4789d44935063dd834854f530
asrt.833bbaec31ac009eb62d61ad,purananuru,020,SOURCE_CONTEXT_NOTE,SOURCE_EXPLICIT,HAS_PRINTED_SOURCE_NOTE,"பாடியவர்: குறுங்கோழியூர்கிழார்.
பாடப்பட்டோன்: சேரமான் யானைக்கட்சேய் மாந்தரஞ் சேரல் இரும்பொறை; மாந்தரஞ் சேரல்
எனவும் குறிப்பர்.
திணை: வாகை. துறை: அரச வாகை.",source_note,markdown:source-note,,,,,high,machine_checked,corpus/purananuru/poems/020.md,a1480ce0367562da56ac15009b501e48a0d7fdf4789d44935063dd834854f530
asrt.356295bb778304b2ce54c418,purananuru,020,SOURCE_CONTEXT_NOTE,SOURCE_EXPLICIT,HAS_PRINTED_TITLE,மண்ணும் உண்பர்!,title_as_printed,yaml:title_as_printed,,,,,high,machine_checked,corpus/purananuru/poems/020.md,a1480ce0367562da56ac15009b501e48a0d7fdf4789d44935063dd834854f530
asrt.3f289f4a9fa1e8ed456455b1,purananuru,020,TEXTUAL_CONDITION,SOURCE_EXPLICIT,HAS_TEXTUAL_STATUS,complete,textual_status,yaml:textual_status,,,,,high,machine_checked,corpus/purananuru/poems/020.md,a1480ce0367562da56ac15009b501e48a0d7fdf4789d44935063dd834854f530
asrt.fa76abba432e64358c97d0fb,purananuru,021,POET_ATTRIBUTION,SOURCE_EXPLICIT,ATTRIBUTED_TO,ஐயூர் மூலங்கிழார்,poet_as_printed,yaml:poet_as_printed,,,,,high,machine_checked,corpus/purananuru/poems/021.md,15c89adde963ad94f3ebc04097b53a3f8ce026375cfd9101f234a1f0bd598e72
asrt.091eb88172ae6a03f06195d7,purananuru,021,PATRON_OR_ADDRESSEE,SOURCE_EXPLICIT,ADDRESSED_TO,கானப்பேரெயில் கடந்த உக்கிரப் பெருவழுதி,addressee_as_printed,yaml:addressee_as_printed,,,,,high,machine_checked,corpus/purananuru/poems/021.md,15c89adde963ad94f3ebc04097b53a3f8ce026375cfd9101f234a1f0bd598e72
asrt.4c8e307acbfc77124bc033e0,purananuru,021,TINI_VALUE,SOURCE_EXPLICIT,ASSOCIATED_WITH_TINAI,வாகை,thinai_as_printed,yaml:thinai_as_printed,,,,,high,machine_checked,corpus/purananuru/poems/021.md,15c89adde963ad94f3ebc04097b53a3f8ce026375cfd9101f234a1f0bd598e72
asrt.40212e7a9a815b76c703a9d2,purananuru,021,TURAI_VALUE,SOURCE_EXPLICIT,ASSOCIATED_WITH_TURAI,அரசவாகை,thurai,yaml:thurai,,,,,high,machine_checked,corpus/purananuru/poems/021.md,15c89adde963ad94f3ebc04097b53a3f8ce026375cfd9101f234a1f0bd598e72
asrt.5236bc3b9e4e1359484c2d43,purananuru,021,SOURCE_CONTEXT_NOTE,SOURCE_EXPLICIT,HAS_PRINTED_SOURCE_NOTE,"பாடியவர்: ஐயூர் மூலங்கிழார்.
பாடப்பட்டோன்: கானப்பேரெயில் கடந்த உக்கிரப் பெருவழுதி.
திணை: வாகை. துறை:அரசவாகை.",source_note,markdown:source-note,,,,,high,machine_checked,corpus/purananuru/poems/021.md,15c89adde963ad94f3ebc04097b53a3f8ce026375cfd9101f234a1f0bd598e72
asrt.d2de5d8ba8036114df3eb3b7,purananuru,021,SOURCE_CONTEXT_NOTE,SOURCE_EXPLICIT,HAS_PRINTED_TITLE,புகழ்சால் தோன்றல்!,title_as_printed,yaml:title_as_printed,,,,,high,machine_checked,corpus/purananuru/poems/021.md,15c89adde963ad94f3ebc04097b53a3f8ce026375cfd9101f234a1f0bd598e72
asrt.470bbfb5c727bbdb764e25b7,purananuru,021,TEXTUAL_CONDITION,SOURCE_EXPLICIT,HAS_TEXTUAL_STATUS,complete,textual_status,yaml:textual_status,,,,,high,machine_checked,corpus/purananuru/poems/021.md,15c89adde963ad94f3ebc04097b53a3f8ce026375cfd9101f234a1f0bd598e72
asrt.20990f6b4f8e56c367028f33,purananuru,021,FLORA_MENTION,SOURCE_EXPLICIT,MENTIONS_CANDIDATE,வேங்கை,canonical_body,markdown:canonical-body,9,9,0,6,medium,human_review_required,corpus/purananuru/poems/021.md,15c89adde963ad94f3ebc04097b53a3f8ce026375cfd9101f234a1f0bd598e72
asrt.cbab9549710085679147d7de,purananuru,022,POET_ATTRIBUTION,SOURCE_EXPLICIT,ATTRIBUTED_TO,குறுங்கோழியூர் கிழார்,poet_as_printed,yaml:poet_as_printed,,,,,high,machine_checked,corpus/purananuru/poems/022.md,5a998b59c03fa19c26fcdcba207407342b40db930261990fdf574949bb6b1fc4
asrt.9c4b6d8d4400ce05effe1fd0,purananuru,022,PATRON_OR_ADDRESSEE,SOURCE_EXPLICIT,ADDRESSED_TO,சேரமான் யானைக்கட் சேஎய் மாந்தரஞ் சேரல் இரும்பொறை,addressee_as_printed,yaml:addressee_as_printed,,,,,high,machine_checked,corpus/purananuru/poems/022.md,5a998b59c03fa19c26fcdcba207407342b40db930261990fdf574949bb6b1fc4
asrt.115458debf7ce77621083bd4,purananuru,022,TINI_VALUE,SOURCE_EXPLICIT,ASSOCIATED_WITH_TINAI,வாகை,thinai_as_printed,yaml:thinai_as_printed,,,,,high,machine_checked,corpus/purananuru/poems/022.md,5a998b59c03fa19c26fcdcba207407342b40db930261990fdf574949bb6b1fc4
asrt.19165914a822ffa7bf0669d9,purananuru,022,TURAI_VALUE,SOURCE_EXPLICIT,ASSOCIATED_WITH_TURAI,அரசவாகை,thurai,yaml:thurai,,,,,high,machine_checked,corpus/purananuru/poems/022.md,5a998b59c03fa19c26fcdcba207407342b40db930261990fdf574949bb6b1fc4
asrt.d3dc4417d811f2cd174b762a,purananuru,022,SOURCE_CONTEXT_NOTE,SOURCE_EXPLICIT,HAS_PRINTED_TITLE,ஈகையும் நாவும்!,title_as_printed,yaml:title_as_printed,,,,,high,machine_checked,corpus/purananuru/poems/022.md,5a998b59c03fa19c26fcdcba207407342b40db930261990fdf574949bb6b1fc4
asrt.c94b9eb78443c0aee17f3b2f,purananuru,022,SOURCE_CONTEXT_NOTE,SOURCE_EXPLICIT,HAS_PRINTED_SOURCE_NOTE,"பாடியவர்: குறுங்கோழியூர் கிழார்.
பாடப்பட்டோன்: சேரமான் யானைக்கட் சேஎய் மாந்தரஞ் சேரல் இரும்பொறை.
திணை:வாகை.துறை: அரசவாகை.",source_note,markdown:source-note,,,,,high,machine_checked,corpus/purananuru/poems/022.md,5a998b59c03fa19c26fcdcba207407342b40db930261990fdf574949bb6b1fc4
asrt.28030578729fa623f35b5808,purananuru,022,TEXTUAL_CONDITION,SOURCE_EXPLICIT,HAS_TEXTUAL_STATUS,complete,textual_status,yaml:textual_status,,,,,high,machine_checked,corpus/purananuru/poems/022.md,5a998b59c03fa19c26fcdcba207407342b40db930261990fdf574949bb6b1fc4
asrt.6badf6a48e243cfba81f1213,purananuru,022,RULER_MENTION,SOURCE_EXPLICIT,MENTIONS_CANDIDATE,ஆய்,canonical_body,markdown:canonical-body,15,15,1,4,medium,human_review_required,corpus/purananuru/poems/022.md,5a998b59c03fa19c26fcdcba207407342b40db930261990fdf574949bb6b1fc4
asrt.022f39c384cda336aef5f717,purananuru,022,FAUNA_MENTION,SOURCE_EXPLICIT,MENTIONS_CANDIDATE,களிறு,canonical_body,markdown:canonical-body,8,8,17,22,medium,human_review_required,corpus/purananuru/poems/022.md,5a998b59c03fa19c26fcdcba207407342b40db930261990fdf574949bb6b1fc4
asrt.ce1909009ffa2b86a00ee6f0,purananuru,022,WARFARE_MENTION,SOURCE_EXPLICIT,MENTIONS_CANDIDATE,வாள்,canonical_body,markdown:canonical-body,13,13,0,4,medium,human_review_required,corpus/purananuru/poems/022.md,5a998b59c03fa19c26fcdcba207407342b40db930261990fdf574949bb6b1fc4
asrt.3b6eebadb3e5fb0917ec593b,purananuru,023,POET_ATTRIBUTION,SOURCE_EXPLICIT,ATTRIBUTED_TO,கல்லாடனார்,poet_as_printed,yaml:poet_as_printed,,,,,high,machine_checked,corpus/purananuru/poems/023.md,37b45751da8d3674b2a19614e474deca991860c45abc5e05707b2d2ca05e5eeb
asrt.7c203a99fa23216ed79b0743,purananuru,023,PATRON_OR_ADDRESSEE,SOURCE_EXPLICIT,ADDRESSED_TO,பாண்டியன் தலையாலங் கானத்து நெடுஞ்செழியன்,addressee_as_printed,yaml:addressee_as_printed,,,,,high,machine_checked,corpus/purananuru/poems/023.md,37b45751da8d3674b2a19614e474deca991860c45abc5e05707b2d2ca05e5eeb
asrt.293f50d590d5cc5c60c9ece8,purananuru,023,TINI_VALUE,SOURCE_EXPLICIT,ASSOCIATED_WITH_TINAI,வாகை,thinai_as_printed,yaml:thinai_as_printed,,,,,high,machine_checked,corpus/purananuru/poems/023.md,37b45751da8d3674b2a19614e474deca991860c45abc5e05707b2d2ca05e5eeb
asrt.0ede4a6bb298a0a93a95e8fa,purananuru,023,TURAI_VALUE,SOURCE_EXPLICIT,ASSOCIATED_WITH_TURAI,அரச வாகை,thurai,yaml:thurai,,,,,high,machine_checked,corpus/purananuru/poems/023.md,37b45751da8d3674b2a19614e474deca991860c45abc5e05707b2d2ca05e5eeb
asrt.6c69f16cd52cdb72b95b0763,purananuru,023,SOURCE_CONTEXT_NOTE,SOURCE_EXPLICIT,HAS_PRINTED_TITLE,நண்ணார் நாணுவர்!,title_as_printed,yaml:title_as_printed,,,,,high,machine_checked,corpus/purananuru/poems/023.md,37b45751da8d3674b2a19614e474deca991860c45abc5e05707b2d2ca05e5eeb
asrt.fb378354f37c41e2c1b1dbf5,purananuru,023,SOURCE_CONTEXT_NOTE,SOURCE_EXPLICIT,HAS_PRINTED_SOURCE_NOTE,"பாடியவர்: கல்லாடனார்.
பாடப்பட்டோன்: பாண்டியன் தலையாலங் கானத்து நெடுஞ்செழியன்.
திணை: வாகை. துறை: அரச வாகை; நல்லிசை வஞ்சியும் ஆம்.",source_note,markdown:source-note,,,,,high,machine_checked,corpus/purananuru/poems/023.md,37b45751da8d3674b2a19614e474deca991860c45abc5e05707b2d2ca05e5eeb
asrt.df582d2a5f5c202251a0fb91,purananuru,023,TEXTUAL_CONDITION,SOURCE_EXPLICIT,HAS_TEXTUAL_STATUS,complete,textual_status,yaml:textual_status,,,,,high,machine_checked,corpus/purananuru/poems/023.md,37b45751da8d3674b2a19614e474deca991860c45abc5e05707b2d2ca05e5eeb
asrt.325d780f425bfa5fbc0a3aad,purananuru,024,POET_ATTRIBUTION,SOURCE_EXPLICIT,ATTRIBUTED_TO,மாங்குடி கிழவர்:மாங்குடி மருதனார் எனவும் பாடம்,poet_as_printed,yaml:poet_as_printed,,,,,high,machine_checked,corpus/purananuru/poems/024.md,9151079d8146d12cc3a9ffc3dc8dba8fd476af6a084dc34e760ff7cda9f73eb1
asrt.219bd3cb511219a5b881b544,purananuru,024,PATRON_OR_ADDRESSEE,SOURCE_EXPLICIT,ADDRESSED_TO,பாண்டியன் தலையாலங் கானத்துச் செருவென்ற நெடுஞ்செழியன்,addressee_as_printed,yaml:addressee_as_printed,,,,,high,machine_checked,corpus/purananuru/poems/024.md,9151079d8146d12cc3a9ffc3dc8dba8fd476af6a084dc34e760ff7cda9f73eb1
asrt.7634e428abee6306442012b7,purananuru,024,TINI_VALUE,SOURCE_EXPLICIT,ASSOCIATED_WITH_TINAI,பொதுவியல்,thinai_as_printed,yaml:thinai_as_printed,,,,,high,machine_checked,corpus/purananuru/poems/024.md,9151079d8146d12cc3a9ffc3dc8dba8fd476af6a084dc34e760ff7cda9f73eb1
asrt.f029786a7ee77a00cb633cf6,purananuru,024,TURAI_VALUE,SOURCE_EXPLICIT,ASSOCIATED_WITH_TURAI,பொருண்மொழிக் காஞ்சி,thurai,yaml:thurai,,,,,high,machine_checked,corpus/purananuru/poems/024.md,9151079d8146d12cc3a9ffc3dc8dba8fd476af6a084dc34e760ff7cda9f73eb1
asrt.1c6492d7fec30f19da15f3b6,purananuru,024,SOURCE_CONTEXT_NOTE,SOURCE_EXPLICIT,HAS_PRINTED_SOURCE_NOTE,"பாடியவர்: மாங்குடி கிழவர்:மாங்குடி மருதனார் எனவும் பாடம்.
பாடப்பட்டோன்: பாண்டியன் தலையாலங் கானத்துச் செருவென்ற நெடுஞ்செழியன்.
திணை: பொதுவியல்.துறை: பொருண்மொழிக் காஞ்சி.",source_note,markdown:source-note,,,,,high,machine_checked,corpus/purananuru/poems/024.md,9151079d8146d12cc3a9ffc3dc8dba8fd476af6a084dc34e760ff7cda9f73eb1
asrt.fac9fc37679f04688efd2632,purananuru,024,SOURCE_CONTEXT_NOTE,SOURCE_EXPLICIT,HAS_PRINTED_TITLE,வல்லுனர் வாழ்ந்தோர்!,title_as_printed,yaml:title_as_printed,,,,,high,machine_checked,corpus/purananuru/poems/024.md,9151079d8146d12cc3a9ffc3dc8dba8fd476af6a084dc34e760ff7cda9f73eb1
asrt.c824e04ee7736d503e4ffcc1,purananuru,024,TEXTUAL_CONDITION,SOURCE_EXPLICIT,HAS_TEXTUAL_STATUS,complete,textual_status,yaml:textual_status,,,,,high,machine_checked,corpus/purananuru/poems/024.md,9151079d8146d12cc3a9ffc3dc8dba8fd476af6a084dc34e760ff7cda9f73eb1
asrt.4818bf5a42dd2b29333d991d,purananuru,024,FLORA_MENTION,SOURCE_EXPLICIT,MENTIONS_CANDIDATE,நெல்,canonical_body,markdown:canonical-body,1,1,0,4,medium,human_review_required,corpus/purananuru/poems/024.md,9151079d8146d12cc3a9ffc3dc8dba8fd476af6a084dc34e760ff7cda9f73eb1
asrt.3c73249576171767dde6f403,purananuru,024,GIFT_MENTION,SOURCE_EXPLICIT,MENTIONS_CANDIDATE,ஈகை,canonical_body,markdown:canonical-body,18,18,6,9,medium,human_review_required,corpus/purananuru/poems/024.md,9151079d8146d12cc3a9ffc3dc8dba8fd476af6a084dc34e760ff7cda9f73eb1
asrt.5c6f5a2f90df44d88e27193c,purananuru,024,GIFT_MENTION,SOURCE_EXPLICIT,MENTIONS_CANDIDATE,ஈகை,canonical_body,markdown:canonical-body,30,30,14,17,medium,human_review_required,corpus/purananuru/poems/024.md,9151079d8146d12cc3a9ffc3dc8dba8fd476af6a084dc34e760ff7cda9f73eb1
asrt.448e2a8237b07f597958b203,purananuru,025,POET_ATTRIBUTION,SOURCE_EXPLICIT,ATTRIBUTED_TO,கல்லாடனார்,poet_as_printed,yaml:poet_as_printed,,,,,high,machine_checked,corpus/purananuru/poems/025.md,313115a5ee640373af4981a757044acfe66da079f9da4685e0f7f46e0752ff11
asrt.d47020b5601c0fc6aeaad13a,purananuru,025,PATRON_OR_ADDRESSEE,SOURCE_EXPLICIT,ADDRESSED_TO,தலையாலங்கானத்துச் செருவென்ற நெடுஞ்செழியன்,addressee_as_printed,yaml:addressee_as_printed,,,,,high,machine_checked,corpus/purananuru/poems/025.md,313115a5ee640373af4981a757044acfe66da079f9da4685e0f7f46e0752ff11
asrt.cbf0c4105c99feeae5205d02,purananuru,025,TINI_VALUE,SOURCE_EXPLICIT,ASSOCIATED_WITH_TINAI,வாகை,thinai_as_printed,yaml:thinai_as_printed,,,,,high,machine_checked,corpus/purananuru/poems/025.md,313115a5ee640373af4981a757044acfe66da079f9da4685e0f7f46e0752ff11
asrt.62b5eb39f0cd0a9121dfaba1,purananuru,025,TURAI_VALUE,SOURCE_EXPLICIT,ASSOCIATED_WITH_TURAI,அரசவாகை,thurai,yaml:thurai,,,,,high,machine_checked,corpus/purananuru/poems/025.md,313115a5ee640373af4981a757044acfe66da079f9da4685e0f7f46e0752ff11
asrt.f5bd135c41a313f1c586b0b8,purananuru,025,SOURCE_CONTEXT_NOTE,SOURCE_EXPLICIT,HAS_PRINTED_TITLE,கூந்தலும் வேலும்!,title_as_printed,yaml:title_as_printed,,,,,high,machine_checked,corpus/purananuru/poems/025.md,313115a5ee640373af4981a757044acfe66da079f9da4685e0f7f46e0752ff11
asrt.e74307bb564e1c0bac6a0c30,purananuru,025,SOURCE_CONTEXT_NOTE,SOURCE_EXPLICIT,HAS_PRINTED_SOURCE_NOTE,"பாடியவர்: கல்லாடனார்.
பாடப்பட்டோன்: தலையாலங்கானத்துச் செருவென்ற நெடுஞ்செழியன்.
திணை: வாகை. துறை: அரசவாகை.",source_note,markdown:source-note,,,,,high,machine_checked,corpus/purananuru/poems/025.md,313115a5ee640373af4981a757044acfe66da079f9da4685e0f7f46e0752ff11
asrt.f8825722b8130023ba5e8554,purananuru,025,TEXTUAL_CONDITION,SOURCE_EXPLICIT,HAS_TEXTUAL_STATUS,complete,textual_status,yaml:textual_status,,,,,high,machine_checked,corpus/purananuru/poems/025.md,313115a5ee640373af4981a757044acfe66da079f9da4685e0f7f46e0752ff11
asrt.6ed699f9d2d7aea468c94f0b,purananuru,026,POET_ATTRIBUTION,SOURCE_EXPLICIT,ATTRIBUTED_TO,மாங்குடி கிழவர்; மாங்குடி மருதனார் எனவும் பாடம்,poet_as_printed,yaml:poet_as_printed,,,,,high,machine_checked,corpus/purananuru/poems/026.md,1c0a6dca106247c19ce46a0044192fbb92a3c016f0f3a752f882cd8c4494a316
asrt.7f8a27f8d08776a7b20c5ffe,purananuru,026,PATRON_OR_ADDRESSEE,SOURCE_EXPLICIT,ADDRESSED_TO,பாண்டியன் தலையாலங்கானத்துச் செருவென்ற நெடுஞ்செழியன்,addressee_as_printed,yaml:addressee_as_printed,,,,,high,machine_checked,corpus/purananuru/poems/026.md,1c0a6dca106247c19ce46a0044192fbb92a3c016f0f3a752f882cd8c4494a316
asrt.c0f1ac69ac3cffdbeabd512b,purananuru,026,TINI_VALUE,SOURCE_EXPLICIT,ASSOCIATED_WITH_TINAI,வாகை,thinai_as_printed,yaml:thinai_as_printed,,,,,high,machine_checked,corpus/purananuru/poems/026.md,1c0a6dca106247c19ce46a0044192fbb92a3c016f0f3a752f882cd8c4494a316
asrt.52bab9afb05264b3409ba0f8,purananuru,026,TURAI_VALUE,SOURCE_EXPLICIT,ASSOCIATED_WITH_TURAI,அரச வாகை,thurai,yaml:thurai,,,,,high,machine_checked,corpus/purananuru/poems/026.md,1c0a6dca106247c19ce46a0044192fbb92a3c016f0f3a752f882cd8c4494a316
asrt.e9a948b7b6704fe63c3397c3,purananuru,026,SOURCE_CONTEXT_NOTE,SOURCE_EXPLICIT,HAS_PRINTED_TITLE,நோற்றார் நின் பகைவர்!,title_as_printed,yaml:title_as_printed,,,,,high,machine_checked,corpus/purananuru/poems/026.md,1c0a6dca106247c19ce46a0044192fbb92a3c016f0f3a752f882cd8c4494a316
asrt.b6cf811db62591e68ad41203,purananuru,026,SOURCE_CONTEXT_NOTE,SOURCE_EXPLICIT,HAS_PRINTED_SOURCE_NOTE,"பாடியவர்: மாங்குடி கிழவர்; மாங்குடி மருதனார் எனவும் பாடம்.
பாடப்பட்டோன்: பாண்டியன் தலையாலங்கானத்துச் செருவென்ற நெடுஞ்செழியன்.
திணை: வாகை. துறை: அரச வாகை.",source_note,markdown:source-note,,,,,high,machine_checked,corpus/purananuru/poems/026.md,1c0a6dca106247c19ce46a0044192fbb92a3c016f0f3a752f882cd8c4494a316
asrt.25430224278d2ed948736472,purananuru,026,TEXTUAL_CONDITION,SOURCE_EXPLICIT,HAS_TEXTUAL_STATUS,complete,textual_status,yaml:textual_status,,,,,high,machine_checked,corpus/purananuru/poems/026.md,1c0a6dca106247c19ce46a0044192fbb92a3c016f0f3a752f882cd8c4494a316
asrt.e098b456886a3fa33d031ccf,purananuru,026,WATER_BODY_MENTION,SOURCE_EXPLICIT,MENTIONS_CANDIDATE,கடல்,canonical_body,markdown:canonical-body,1,1,4,8,medium,human_review_required,corpus/purananuru/poems/026.md,1c0a6dca106247c19ce46a0044192fbb92a3c016f0f3a752f882cd8c4494a316
asrt.640ebbce033168da5d347a0e,purananuru,026,FAUNA_MENTION,SOURCE_EXPLICIT,MENTIONS_CANDIDATE,களிறு,canonical_body,markdown:canonical-body,3,3,0,5,medium,human_review_required,corpus/purananuru/poems/026.md,1c0a6dca106247c19ce46a0044192fbb92a3c016f0f3a752f882cd8c4494a316
asrt.98ff6a3aff68fc2acaf90147,purananuru,026,WARFARE_MENTION,SOURCE_EXPLICIT,MENTIONS_CANDIDATE,முரசு,canonical_body,markdown:canonical-body,7,7,8,13,medium,human_review_required,corpus/purananuru/poems/026.md,1c0a6dca106247c19ce46a0044192fbb92a3c016f0f3a752f882cd8c4494a316
asrt.ea3d8ecdcf13b5a1c5d1af26,purananuru,027,POET_ATTRIBUTION,SOURCE_EXPLICIT,ATTRIBUTED_TO,உறையூர் முதுகண்ணன் சாத்தனார்,poet_as_printed,yaml:poet_as_printed,,,,,high,machine_checked,corpus/purananuru/poems/027.md,1b177be15a848292224c63546924c9f8be7e90d572d1b82cef10232df2cf33e0
asrt.bd5f11a49896782c3536d88a,purananuru,027,PATRON_OR_ADDRESSEE,SOURCE_EXPLICIT,ADDRESSED_TO,சோழன் நலங்கிள்ளி. திணை: பொதுவியல்,addressee_as_printed,yaml:addressee_as_printed,,,,,high,machine_checked,corpus/purananuru/poems/027.md,1b177be15a848292224c63546924c9f8be7e90d572d1b82cef10232df2cf33e0
asrt.be9de3eb8540fbd300fc61e4,purananuru,027,TINI_VALUE,SOURCE_EXPLICIT,ASSOCIATED_WITH_TINAI,பொதுவியல்,thinai_as_printed,yaml:thinai_as_printed,,,,,high,machine_checked,corpus/purananuru/poems/027.md,1b177be15a848292224c63546924c9f8be7e90d572d1b82cef10232df2cf33e0
asrt.315ab28fd669cb6f1ca3b05d,purananuru,027,TURAI_VALUE,SOURCE_EXPLICIT,ASSOCIATED_WITH_TURAI,முதுமொழிக் காஞ்சி,thurai,yaml:thurai,,,,,high,machine_checked,corpus/purananuru/poems/027.md,1b177be15a848292224c63546924c9f8be7e90d572d1b82cef10232df2cf33e0
asrt.1a922b76b980f37afed6d408,purananuru,027,SOURCE_CONTEXT_NOTE,SOURCE_EXPLICIT,HAS_PRINTED_SOURCE_NOTE,"பாடியவர்: உறையூர் முதுகண்ணன் சாத்தனார்.
பாடப்பட்டோன்: சோழன் நலங்கிள்ளி. திணை: பொதுவியல்.
துறை: முதுமொழிக் காஞ்சி.",source_note,markdown:source-note,,,,,high,machine_checked,corpus/purananuru/poems/027.md,1b177be15a848292224c63546924c9f8be7e90d572d1b82cef10232df2cf33e0
asrt.7ff01b5e3e1c8ce509d62a41,purananuru,027,SOURCE_CONTEXT_NOTE,SOURCE_EXPLICIT,HAS_PRINTED_TITLE,புலவர் பாடும் புகழ்!,title_as_printed,yaml:title_as_printed,,,,,high,machine_checked,corpus/purananuru/poems/027.md,1b177be15a848292224c63546924c9f8be7e90d572d1b82cef10232df2cf33e0
asrt.71f4c789ae06f41872b3c7e6,purananuru,027,TEXTUAL_CONDITION,SOURCE_EXPLICIT,HAS_TEXTUAL_STATUS,complete,textual_status,yaml:textual_status,,,,,high,machine_checked,corpus/purananuru/poems/027.md,1b177be15a848292224c63546924c9f8be7e90d572d1b82cef10232df2cf33e0
asrt.6abfda9e9b97300730c724ff,purananuru,028,POET_ATTRIBUTION,SOURCE_EXPLICIT,ATTRIBUTED_TO,உறையூர் முதுகண்ணன் சாத்தனார்,poet_as_printed,yaml:poet_as_printed,,,,,high,machine_checked,corpus/purananuru/poems/028.md,8ad2d6de5aef6a8e52064767abc2da7747afddfac903796a365b8818db1b73ce
asrt.aea064a90870d4102be20cc6,purananuru,028,PATRON_OR_ADDRESSEE,SOURCE_EXPLICIT,ADDRESSED_TO,சோழன் நலங்கிள்ளி. திணை: பொதுவியல்,addressee_as_printed,yaml:addressee_as_printed,,,,,high,machine_checked,corpus/purananuru/poems/028.md,8ad2d6de5aef6a8e52064767abc2da7747afddfac903796a365b8818db1b73ce
asrt.8a7b30b32e2442048d2e35bc,purananuru,028,TINI_VALUE,SOURCE_EXPLICIT,ASSOCIATED_WITH_TINAI,பொதுவியல்,thinai_as_printed,yaml:thinai_as_printed,,,,,high,machine_checked,corpus/purananuru/poems/028.md,8ad2d6de5aef6a8e52064767abc2da7747afddfac903796a365b8818db1b73ce
asrt.0c305e4b9e6465922975ba2c,purananuru,028,TURAI_VALUE,SOURCE_EXPLICIT,ASSOCIATED_WITH_TURAI,முதுமொழிக் காஞ்சி,thurai,yaml:thurai,,,,,high,machine_checked,corpus/purananuru/poems/028.md,8ad2d6de5aef6a8e52064767abc2da7747afddfac903796a365b8818db1b73ce
asrt.02a5c5d4912612a87661264f,purananuru,028,SOURCE_CONTEXT_NOTE,SOURCE_EXPLICIT,HAS_PRINTED_SOURCE_NOTE,"பாடியவர்: உறையூர் முதுகண்ணன் சாத்தனார்.
பாடப்பட்டோன்: சோழன் நலங்கிள்ளி. திணை: பொதுவியல்.
துறை: முதுமொழிக் காஞ்சி.
சிறப்பு: எண்பேர் எச்சங்கள் பற்றிய விளக்கம். அறம் பொருள் இன்பம்
எனும் உறுதிப் பொருள்கள் பற்றிய குறிப்பு.",source_note,markdown:source-note,,,,,high,machine_checked,corpus/purananuru/poems/028.md,8ad2d6de5aef6a8e52064767abc2da7747afddfac903796a365b8818db1b73ce
asrt.242fb3359a0762ccc79ac490,purananuru,028,SOURCE_CONTEXT_NOTE,SOURCE_EXPLICIT,HAS_PRINTED_TITLE,போற்றாமையும் ஆற்றாமையும்!,title_as_printed,yaml:title_as_printed,,,,,high,machine_checked,corpus/purananuru/poems/028.md,8ad2d6de5aef6a8e52064767abc2da7747afddfac903796a365b8818db1b73ce
asrt.ddcf3d2c770503c411f3464a,purananuru,028,TEXTUAL_CONDITION,SOURCE_EXPLICIT,HAS_TEXTUAL_STATUS,complete,textual_status,yaml:textual_status,,,,,high,machine_checked,corpus/purananuru/poems/028.md,8ad2d6de5aef6a8e52064767abc2da7747afddfac903796a365b8818db1b73ce
asrt.d71e622c5eb2ea17a95f811c,purananuru,029,POET_ATTRIBUTION,SOURCE_EXPLICIT,ATTRIBUTED_TO,உறையூர் முதுகண்ணன் சாத்தனார்,poet_as_printed,yaml:poet_as_printed,,,,,high,machine_checked,corpus/purananuru/poems/029.md,6856fe39c208ef9b524ccee72f6d950f3c40209f19de2a53ded3a63f2b5d79b6
asrt.5756ebf54f02573a2950c02b,purananuru,029,PATRON_OR_ADDRESSEE,SOURCE_EXPLICIT,ADDRESSED_TO,சோழன் நலங்கிள்ளி. திணை: பொதுவியல்,addressee_as_printed,yaml:addressee_as_printed,,,,,high,machine_checked,corpus/purananuru/poems/029.md,6856fe39c208ef9b524ccee72f6d950f3c40209f19de2a53ded3a63f2b5d79b6
asrt.54e9fd50514250b79cdc77ee,purananuru,029,TINI_VALUE,SOURCE_EXPLICIT,ASSOCIATED_WITH_TINAI,பொதுவியல்,thinai_as_printed,yaml:thinai_as_printed,,,,,high,machine_checked,corpus/purananuru/poems/029.md,6856fe39c208ef9b524ccee72f6d950f3c40209f19de2a53ded3a63f2b5d79b6
asrt.f8a15ebdbbdca2798095b983,purananuru,029,TURAI_VALUE,SOURCE_EXPLICIT,ASSOCIATED_WITH_TURAI,முதுமொழிக் காஞ்சி,thurai,yaml:thurai,,,,,high,machine_checked,corpus/purananuru/poems/029.md,6856fe39c208ef9b524ccee72f6d950f3c40209f19de2a53ded3a63f2b5d79b6
asrt.9ccf394ded0c34086b571605,purananuru,029,SOURCE_CONTEXT_NOTE,SOURCE_EXPLICIT,HAS_PRINTED_TITLE,நண்பின் பண்பினன் ஆகுக!,title_as_printed,yaml:title_as_printed,,,,,high,machine_checked,corpus/purananuru/poems/029.md,6856fe39c208ef9b524ccee72f6d950f3c40209f19de2a53ded3a63f2b5d79b6
asrt.d203d97c76d139a2d051c6aa,purananuru,029,SOURCE_CONTEXT_NOTE,SOURCE_EXPLICIT,HAS_PRINTED_SOURCE_NOTE,"பாடியவர்: உறையூர் முதுகண்ணன் சாத்தனார்.
பாடப்பட்டோன் : சோழன் நலங்கிள்ளி. திணை: பொதுவியல்.
துறை : முதுமொழிக் காஞ்சி. சிறப்பு : சிறந்த அறநெறிகள்.",source_note,markdown:source-note,,,,,high,machine_checked,corpus/purananuru/poems/029.md,6856fe39c208ef9b524ccee72f6d950f3c40209f19de2a53ded3a63f2b5d79b6
asrt.955da5fde2151f393cbde354,purananuru,029,TEXTUAL_CONDITION,SOURCE_EXPLICIT,HAS_TEXTUAL_STATUS,complete,textual_status,yaml:textual_status,,,,,high,machine_checked,corpus/purananuru/poems/029.md,6856fe39c208ef9b524ccee72f6d950f3c40209f19de2a53ded3a63f2b5d79b6
asrt.303028fe5295aa8e83d0e8e2,purananuru,029,WARFARE_MENTION,SOURCE_EXPLICIT,MENTIONS_CANDIDATE,முரசு,canonical_body,markdown:canonical-body,8,8,26,31,medium,human_review_required,corpus/purananuru/poems/029.md,6856fe39c208ef9b524ccee72f6d950f3c40209f19de2a53ded3a63f2b5d79b6
asrt.52a7c068233cc01b4173048b,purananuru,030,POET_ATTRIBUTION,SOURCE_EXPLICIT,ATTRIBUTED_TO,உறையூர் முதுகண்ணன் சாத்தனார்,poet_as_printed,yaml:poet_as_printed,,,,,high,machine_checked,corpus/purananuru/poems/030.md,c988c92286a22a5b90b619a27ca0f4e360409924e31ef578157529944ff6a1dc
asrt.a30cb0969825bc2f5e48d6d6,purananuru,030,PATRON_OR_ADDRESSEE,SOURCE_EXPLICIT,ADDRESSED_TO,சோழன் நலங்கிள்ளி,addressee_as_printed,yaml:addressee_as_printed,,,,,high,machine_checked,corpus/purananuru/poems/030.md,c988c92286a22a5b90b619a27ca0f4e360409924e31ef578157529944ff6a1dc
asrt.3c4aa181392c69fd1ced1261,purananuru,030,TINI_VALUE,SOURCE_EXPLICIT,ASSOCIATED_WITH_TINAI,பாடாண்,thinai_as_printed,yaml:thinai_as_printed,,,,,high,machine_checked,corpus/purananuru/poems/030.md,c988c92286a22a5b90b619a27ca0f4e360409924e31ef578157529944ff6a1dc
asrt.003477e9ed0ee5f31be017f7,purananuru,030,TURAI_VALUE,SOURCE_EXPLICIT,ASSOCIATED_WITH_TURAI,இயன்மொழி,thurai,yaml:thurai,,,,,high,machine_checked,corpus/purananuru/poems/030.md,c988c92286a22a5b90b619a27ca0f4e360409924e31ef578157529944ff6a1dc
asrt.bbfebe8dd71db8dfa865fe6c,purananuru,030,SOURCE_CONTEXT_NOTE,SOURCE_EXPLICIT,HAS_PRINTED_TITLE,எங்ஙனம் பாடுவர்?,title_as_printed,yaml:title_as_printed,,,,,high,machine_checked,corpus/purananuru/poems/030.md,c988c92286a22a5b90b619a27ca0f4e360409924e31ef578157529944ff6a1dc
asrt.f99859d6929a6e688a235e82,purananuru,030,SOURCE_CONTEXT_NOTE,SOURCE_EXPLICIT,HAS_PRINTED_SOURCE_NOTE,"பாடியவர்: உறையூர் முதுகண்ணன் சாத்தனார்.
பாடப்பட்டோன் : சோழன் நலங்கிள்ளி.
திணை :பாடாண். துறை : இயன்மொழி.
சிறப்பு : தலைவனின் இயல்பு கூறுதல்.",source_note,markdown:source-note,,,,,high,machine_checked,corpus/purananuru/poems/030.md,c988c92286a22a5b90b619a27ca0f4e360409924e31ef578157529944ff6a1dc
asrt.f39f9564aee4f80250585a34,purananuru,030,TEXTUAL_CONDITION,SOURCE_EXPLICIT,HAS_TEXTUAL_STATUS,complete,textual_status,yaml:textual_status,,,,,high,machine_checked,corpus/purananuru/poems/030.md,c988c92286a22a5b90b619a27ca0f4e360409924e31ef578157529944ff6a1dc
asrt.12a0f62e40c2476910321b95,purananuru,031,POET_ATTRIBUTION,SOURCE_EXPLICIT,ATTRIBUTED_TO,கோவூர்கிழார்,poet_as_printed,yaml:poet_as_printed,,,,,high,machine_checked,corpus/purananuru/poems/031.md,b42dd8377158521a47c6ca4c533ffbc37509731e1ee238dcd1af0e8fc9281d6d
asrt.a2031a0d1ad5f817fc241518,purananuru,031,PATRON_OR_ADDRESSEE,SOURCE_EXPLICIT,ADDRESSED_TO,சோழன் நலங்கிள்ளி,addressee_as_printed,yaml:addressee_as_printed,,,,,high,machine_checked,corpus/purananuru/poems/031.md,b42dd8377158521a47c6ca4c533ffbc37509731e1ee238dcd1af0e8fc9281d6d
asrt.511d980776c5ca3b400d36fe,purananuru,031,TINI_VALUE,SOURCE_EXPLICIT,ASSOCIATED_WITH_TINAI,வாகை,thinai_as_printed,yaml:thinai_as_printed,,,,,high,machine_checked,corpus/purananuru/poems/031.md,b42dd8377158521a47c6ca4c533ffbc37509731e1ee238dcd1af0e8fc9281d6d
asrt.a4bf69e3c55b97fe7d7699a6,purananuru,031,TURAI_VALUE,SOURCE_EXPLICIT,ASSOCIATED_WITH_TURAI,அரசவாகை: மழபுல வஞ்சியும் ஆம்,thurai,yaml:thurai,,,,,high,machine_checked,corpus/purananuru/poems/031.md,b42dd8377158521a47c6ca4c533ffbc37509731e1ee238dcd1af0e8fc9281d6d
asrt.8f3248e8e0bce47126d9f057,purananuru,031,SOURCE_CONTEXT_NOTE,SOURCE_EXPLICIT,HAS_PRINTED_SOURCE_NOTE,"பாடியவர்: கோவூர்கிழார்.
பாடப்பட்டோன் : சோழன் நலங்கிள்ளி.
திணை :வாகை. துறை : அரசவாகை: மழபுல வஞ்சியும் ஆம்.
சிறப்பு : வடபுலத்து அரசர்கள் இச்சோழனது மறமாண்பைக் கேட்டு அஞ்சிய அச்சத்தால் துஞ்சாக் கண்ணர் ஆயினமை.",source_note,markdown:source-note,,,,,high,machine_checked,corpus/purananuru/poems/031.md,b42dd8377158521a47c6ca4c533ffbc37509731e1ee238dcd1af0e8fc9281d6d
asrt.3104735d0d9c1764e0ebefae,purananuru,031,SOURCE_CONTEXT_NOTE,SOURCE_EXPLICIT,HAS_PRINTED_TITLE,வடநாட்டார் தூங்கார்!,title_as_printed,yaml:title_as_printed,,,,,high,machine_checked,corpus/purananuru/poems/031.md,b42dd8377158521a47c6ca4c533ffbc37509731e1ee238dcd1af0e8fc9281d6d
asrt.99c0846326653dcfb8fe8017,purananuru,031,TEXTUAL_CONDITION,SOURCE_EXPLICIT,HAS_TEXTUAL_STATUS,complete,textual_status,yaml:textual_status,,,,,high,machine_checked,corpus/purananuru/poems/031.md,b42dd8377158521a47c6ca4c533ffbc37509731e1ee238dcd1af0e8fc9281d6d
asrt.58bfec87866ed9239a9e65ac,purananuru,031,WATER_BODY_MENTION,SOURCE_EXPLICIT,MENTIONS_CANDIDATE,கடல்,canonical_body,markdown:canonical-body,13,13,4,8,medium,human_review_required,corpus/purananuru/poems/031.md,b42dd8377158521a47c6ca4c533ffbc37509731e1ee238dcd1af0e8fc9281d6d
asrt.df55c65c53d17353a5392391,purananuru,031,WATER_BODY_MENTION,SOURCE_EXPLICIT,MENTIONS_CANDIDATE,கடல்,canonical_body,markdown:canonical-body,13,13,26,30,medium,human_review_required,corpus/purananuru/poems/031.md,b42dd8377158521a47c6ca4c533ffbc37509731e1ee238dcd1af0e8fc9281d6d
asrt.e80b91558622fa835838110b,purananuru,031,COMMUNITY_MENTION,SOURCE_EXPLICIT,MENTIONS_CANDIDATE,மறவர்,canonical_body,markdown:canonical-body,9,9,30,35,medium,human_review_required,corpus/purananuru/poems/031.md,b42dd8377158521a47c6ca4c533ffbc37509731e1ee238dcd1af0e8fc9281d6d
asrt.14c2ef0c121003146c46dbdd,purananuru,031,FAUNA_MENTION,SOURCE_EXPLICIT,MENTIONS_CANDIDATE,களிறு,canonical_body,markdown:canonical-body,8,8,21,26,medium,human_review_required,corpus/purananuru/poems/031.md,b42dd8377158521a47c6ca4c533ffbc37509731e1ee238dcd1af0e8fc9281d6d
asrt.eeae86d6d91ff101990cdd62,purananuru,031,WARFARE_MENTION,SOURCE_EXPLICIT,MENTIONS_CANDIDATE,போர்,canonical_body,markdown:canonical-body,9,9,1,5,medium,human_review_required,corpus/purananuru/poems/031.md,b42dd8377158521a47c6ca4c533ffbc37509731e1ee238dcd1af0e8fc9281d6d
asrt.c0adc830616c174037d25fe9,purananuru,032,POET_ATTRIBUTION,SOURCE_EXPLICIT,ATTRIBUTED_TO,கோவூர்கிழார்,poet_as_printed,yaml:poet_as_printed,,,,,high,machine_checked,corpus/purananuru/poems/032.md,9168abda035b8ff865e507a6ef38a0add04bbaceb412095a392a9596a413dac1
asrt.a544222758aea2dc35bba133,purananuru,032,PATRON_OR_ADDRESSEE,SOURCE_EXPLICIT,ADDRESSED_TO,சோழன் நலங்கிள்ளி,addressee_as_printed,yaml:addressee_as_printed,,,,,high,machine_checked,corpus/purananuru/poems/032.md,9168abda035b8ff865e507a6ef38a0add04bbaceb412095a392a9596a413dac1
asrt.f13358caca96ce4032bfa21a,purananuru,032,TINI_VALUE,SOURCE_EXPLICIT,ASSOCIATED_WITH_TINAI,பாடாண்,thinai_as_printed,yaml:thinai_as_printed,,,,,high,machine_checked,corpus/purananuru/poems/032.md,9168abda035b8ff865e507a6ef38a0add04bbaceb412095a392a9596a413dac1
asrt.7e5da89bfb826f4854e70efd,purananuru,032,TURAI_VALUE,SOURCE_EXPLICIT,ASSOCIATED_WITH_TURAI,இயன்மொழி,thurai,yaml:thurai,,,,,high,machine_checked,corpus/purananuru/poems/032.md,9168abda035b8ff865e507a6ef38a0add04bbaceb412095a392a9596a413dac1
asrt.c313af95c7c6a7d4a1ae83cb,purananuru,032,SOURCE_CONTEXT_NOTE,SOURCE_EXPLICIT,HAS_PRINTED_SOURCE_NOTE,"பாடியவர்: கோவூர்கிழார்.
பாடப்பட்டோன்: சோழன் நலங்கிள்ளி.
திணை: பாடாண். துறை: இயன்மொழி.
சிறப்பு: சோழனது நினைத்தது முடிக்கும் உறுதிப்பாடு.",source_note,markdown:source-note,,,,,high,machine_checked,corpus/purananuru/poems/032.md,9168abda035b8ff865e507a6ef38a0add04bbaceb412095a392a9596a413dac1
asrt.d92e03364b78d3d469ed9eb2,purananuru,032,SOURCE_CONTEXT_NOTE,SOURCE_EXPLICIT,HAS_PRINTED_TITLE,பூவிலையும் மாடமதுரையும்!,title_as_printed,yaml:title_as_printed,,,,,high,machine_checked,corpus/purananuru/poems/032.md,9168abda035b8ff865e507a6ef38a0add04bbaceb412095a392a9596a413dac1
asrt.0eac5289a92f7bd5a830afeb,purananuru,032,TEXTUAL_CONDITION,SOURCE_EXPLICIT,HAS_TEXTUAL_STATUS,complete,textual_status,yaml:textual_status,,,,,high,machine_checked,corpus/purananuru/poems/032.md,9168abda035b8ff865e507a6ef38a0add04bbaceb412095a392a9596a413dac1
asrt.6685e62b62591145d83bdf11,purananuru,032,GIFT_MENTION,SOURCE_EXPLICIT,MENTIONS_CANDIDATE,பரிசில்,canonical_body,markdown:canonical-body,6,6,17,24,medium,human_review_required,corpus/purananuru/poems/032.md,9168abda035b8ff865e507a6ef38a0add04bbaceb412095a392a9596a413dac1
asrt.c941425d8b59c0f4ec96202c,purananuru,033,POET_ATTRIBUTION,SOURCE_EXPLICIT,ATTRIBUTED_TO,கோவூர்கிழார்,poet_as_printed,yaml:poet_as_printed,,,,,high,machine_checked,corpus/purananuru/poems/033.md,b2364ba83ffc1026a268805b64b5f2eb343f919cb4f86332d6eea666fc7fe2e6
asrt.1437b7d2889b9475b9d3aef8,purananuru,033,PATRON_OR_ADDRESSEE,SOURCE_EXPLICIT,ADDRESSED_TO,சோழன் நலங்கிள்ளி,addressee_as_printed,yaml:addressee_as_printed,,,,,high,machine_checked,corpus/purananuru/poems/033.md,b2364ba83ffc1026a268805b64b5f2eb343f919cb4f86332d6eea666fc7fe2e6
asrt.ac1c417304d21e0f4cee0e13,purananuru,033,TINI_VALUE,SOURCE_EXPLICIT,ASSOCIATED_WITH_TINAI,வாகை,thinai_as_printed,yaml:thinai_as_printed,,,,,high,machine_checked,corpus/purananuru/poems/033.md,b2364ba83ffc1026a268805b64b5f2eb343f919cb4f86332d6eea666fc7fe2e6
asrt.a7ff527331f24c57dd2c686c,purananuru,033,TURAI_VALUE,SOURCE_EXPLICIT,ASSOCIATED_WITH_TURAI,அரசவாகை,thurai,yaml:thurai,,,,,high,machine_checked,corpus/purananuru/poems/033.md,b2364ba83ffc1026a268805b64b5f2eb343f919cb4f86332d6eea666fc7fe2e6
asrt.3fa5ab4f48e2edd130e1234b,purananuru,033,SOURCE_CONTEXT_NOTE,SOURCE_EXPLICIT,HAS_PRINTED_SOURCE_NOTE,"பாடியவர்: கோவூர்கிழார்.
பாடப்பட்டோன்: சோழன் நலங்கிள்ளி.
திணை:வாகை. துறை: அரசவாகை.
சிறப்பு: பகைவரது கோட்டைகளைக் கைப்பற்றியவுடன், அவற்றின் கதவுகளில்
வெற்றிபெற்றோன் தனது அரச முத்திரையைப் பதிக்கும் மரபுபற்றிய செய்தி.",source_note,markdown:source-note,,,,,high,machine_checked,corpus/purananuru/poems/033.md,b2364ba83ffc1026a268805b64b5f2eb343f919cb4f86332d6eea666fc7fe2e6
asrt.f4ce7db94482a56b851c750f,purananuru,033,SOURCE_CONTEXT_NOTE,SOURCE_EXPLICIT,HAS_PRINTED_TITLE,புதுப்பூம் பள்ளி!,title_as_printed,yaml:title_as_printed,,,,,high,machine_checked,corpus/purananuru/poems/033.md,b2364ba83ffc1026a268805b64b5f2eb343f919cb4f86332d6eea666fc7fe2e6
asrt.0af59f52c31ea950cb0e5207,purananuru,033,TEXTUAL_CONDITION,SOURCE_EXPLICIT,HAS_TEXTUAL_STATUS,complete,textual_status,yaml:textual_status,,,,,high,machine_checked,corpus/purananuru/poems/033.md,b2364ba83ffc1026a268805b64b5f2eb343f919cb4f86332d6eea666fc7fe2e6
asrt.75c385c3ba1b914137ffbd91,purananuru,034,POET_ATTRIBUTION,SOURCE_EXPLICIT,ATTRIBUTED_TO,ஆலத்தூர் கிழார்,poet_as_printed,yaml:poet_as_printed,,,,,high,machine_checked,corpus/purananuru/poems/034.md,60c84e15fe4337be535e17c94d4c88f12e72c1dec5160d5f78b22fab8323adf0
asrt.cd86b410c01c307a1b65207f,purananuru,034,PATRON_OR_ADDRESSEE,SOURCE_EXPLICIT,ADDRESSED_TO,சோழன் குளமுற்றத்துத் துஞ்சிய கிள்ளி வளவன்,addressee_as_printed,yaml:addressee_as_printed,,,,,high,machine_checked,corpus/purananuru/poems/034.md,60c84e15fe4337be535e17c94d4c88f12e72c1dec5160d5f78b22fab8323adf0
asrt.9c8cc141782e1fca1f52ed1f,purananuru,034,TINI_VALUE,SOURCE_EXPLICIT,ASSOCIATED_WITH_TINAI,பாடாண்,thinai_as_printed,yaml:thinai_as_printed,,,,,high,machine_checked,corpus/purananuru/poems/034.md,60c84e15fe4337be535e17c94d4c88f12e72c1dec5160d5f78b22fab8323adf0
asrt.4f7a04d441f99f3a6bf94cc0,purananuru,034,TURAI_VALUE,SOURCE_EXPLICIT,ASSOCIATED_WITH_TURAI,இயன்மொழி,thurai,yaml:thurai,,,,,high,machine_checked,corpus/purananuru/poems/034.md,60c84e15fe4337be535e17c94d4c88f12e72c1dec5160d5f78b22fab8323adf0
asrt.056b34ded8ae0a65a480a509,purananuru,034,SOURCE_CONTEXT_NOTE,SOURCE_EXPLICIT,HAS_PRINTED_TITLE,செய்தி கொன்றவர்க்கு உய்தி இல்லை!,title_as_printed,yaml:title_as_printed,,,,,high,machine_checked,corpus/purananuru/poems/034.md,60c84e15fe4337be535e17c94d4c88f12e72c1dec5160d5f78b22fab8323adf0
asrt.4307974a654ec0e626e8989a,purananuru,034,SOURCE_CONTEXT_NOTE,SOURCE_EXPLICIT,HAS_PRINTED_SOURCE_NOTE,"பாடியவர்: ஆலத்தூர் கிழார்.
பாடப்பட்டோன்: சோழன் குளமுற்றத்துத் துஞ்சிய கிள்ளி வளவன்.
திணை:பாடாண். துறை: இயன்மொழி.
சிறப்பு: 'செய்தி கொன்றோர்க்கு உய்தி இல்' என்னும் அறநெறி பற்றிய செய்தி.",source_note,markdown:source-note,,,,,high,machine_checked,corpus/purananuru/poems/034.md,60c84e15fe4337be535e17c94d4c88f12e72c1dec5160d5f78b22fab8323adf0
asrt.76ce154533769b043fce421f,purananuru,034,TEXTUAL_CONDITION,SOURCE_EXPLICIT,HAS_TEXTUAL_STATUS,complete,textual_status,yaml:textual_status,,,,,high,machine_checked,corpus/purananuru/poems/034.md,60c84e15fe4337be535e17c94d4c88f12e72c1dec5160d5f78b22fab8323adf0
asrt.0c462ffd253b94772dbf36a2,purananuru,035,POET_ATTRIBUTION,SOURCE_EXPLICIT,ATTRIBUTED_TO,வெள்ளைக்குடி நாகனார்,poet_as_printed,yaml:poet_as_printed,,,,,high,machine_checked,corpus/purananuru/poems/035.md,cf627642b7ba2f222c75057eacaba844850b08cbebea842189c4eebc774ad03c
asrt.5867f808c0ba024ea2f249b5,purananuru,035,PATRON_OR_ADDRESSEE,SOURCE_EXPLICIT,ADDRESSED_TO,சோழன் குளமுற்றத்துத் துஞ்சிய கிள்ளிவளவன்,addressee_as_printed,yaml:addressee_as_printed,,,,,high,machine_checked,corpus/purananuru/poems/035.md,cf627642b7ba2f222c75057eacaba844850b08cbebea842189c4eebc774ad03c
asrt.2ac2c3d71a56c91ffaca80d1,purananuru,035,TINI_VALUE,SOURCE_EXPLICIT,ASSOCIATED_WITH_TINAI,பாடாண்,thinai_as_printed,yaml:thinai_as_printed,,,,,high,machine_checked,corpus/purananuru/poems/035.md,cf627642b7ba2f222c75057eacaba844850b08cbebea842189c4eebc774ad03c
asrt.190ef895eab209ecdab4a1a2,purananuru,035,TURAI_VALUE,SOURCE_EXPLICIT,ASSOCIATED_WITH_TURAI,செவியறிவுறூஉ,thurai,yaml:thurai,,,,,high,machine_checked,corpus/purananuru/poems/035.md,cf627642b7ba2f222c75057eacaba844850b08cbebea842189c4eebc774ad03c
asrt.82fef350b8f574238a8188e3,purananuru,035,SOURCE_CONTEXT_NOTE,SOURCE_EXPLICIT,HAS_PRINTED_TITLE,உழுபடையும் பொருபடையும்!,title_as_printed,yaml:title_as_printed,,,,,high,machine_checked,corpus/purananuru/poems/035.md,cf627642b7ba2f222c75057eacaba844850b08cbebea842189c4eebc774ad03c
asrt.a20714f98b211b9b8fcf4c18,purananuru,035,SOURCE_CONTEXT_NOTE,SOURCE_EXPLICIT,HAS_PRINTED_SOURCE_NOTE,"பாடியவர்: வெள்ளைக்குடி நாகனார்.
பாடப்பட்டோன்: சோழன் குளமுற்றத்துத் துஞ்சிய கிள்ளிவளவன்.
திணை: பாடாண். துறை: செவியறிவுறூஉ
சிறப்பு: அரச நெறியின் செவ்வி பற்றிய செய்திகள்.
சிறப்பு: 'பாடிப் பழஞ் செய்க்கடன் வீடு கொண்டது' என்று இதனைக் குறிப்பர்.",source_note,markdown:source-note,,,,,high,machine_checked,corpus/purananuru/poems/035.md,cf627642b7ba2f222c75057eacaba844850b08cbebea842189c4eebc774ad03c
asrt.3e4c859feec006448f12c734,purananuru,035,TEXTUAL_CONDITION,SOURCE_EXPLICIT,HAS_TEXTUAL_STATUS,complete,textual_status,yaml:textual_status,,,,,high,machine_checked,corpus/purananuru/poems/035.md,cf627642b7ba2f222c75057eacaba844850b08cbebea842189c4eebc774ad03c
asrt.91346d276160ecabb54f8803,purananuru,035,WARFARE_MENTION,SOURCE_EXPLICIT,MENTIONS_CANDIDATE,முரசு,canonical_body,markdown:canonical-body,4,4,0,5,medium,human_review_required,corpus/purananuru/poems/035.md,cf627642b7ba2f222c75057eacaba844850b08cbebea842189c4eebc774ad03c
asrt.d53b004aff2ca78647ec5ab4,purananuru,036,POET_ATTRIBUTION,SOURCE_EXPLICIT,ATTRIBUTED_TO,ஆலத்தூர் கிழார்,poet_as_printed,yaml:poet_as_printed,,,,,high,machine_checked,corpus/purananuru/poems/036.md,8c1229b7465ed91fd666e0377873f07947a0f9a6cf78f2a6f73ea4eac9987c7b
asrt.88922d4456b40c3a565c9053,purananuru,036,PATRON_OR_ADDRESSEE,SOURCE_EXPLICIT,ADDRESSED_TO,சோழன் குளமுற்றத்துத் துஞ்சிய கிள்ளி வளவன்,addressee_as_printed,yaml:addressee_as_printed,,,,,high,machine_checked,corpus/purananuru/poems/036.md,8c1229b7465ed91fd666e0377873f07947a0f9a6cf78f2a6f73ea4eac9987c7b
asrt.ca4e81473d72e7df76772b32,purananuru,036,TINI_VALUE,SOURCE_EXPLICIT,ASSOCIATED_WITH_TINAI,வஞ்சி,thinai_as_printed,yaml:thinai_as_printed,,,,,high,machine_checked,corpus/purananuru/poems/036.md,8c1229b7465ed91fd666e0377873f07947a0f9a6cf78f2a6f73ea4eac9987c7b
asrt.d93c01f8d1b724179115b171,purananuru,036,TURAI_VALUE,SOURCE_EXPLICIT,ASSOCIATED_WITH_TURAI,துணை வஞ்சி,thurai,yaml:thurai,,,,,high,machine_checked,corpus/purananuru/poems/036.md,8c1229b7465ed91fd666e0377873f07947a0f9a6cf78f2a6f73ea4eac9987c7b
asrt.dfd59f501e7b570533899202,purananuru,036,SOURCE_CONTEXT_NOTE,SOURCE_EXPLICIT,HAS_PRINTED_TITLE,நீயே அறிந்து செய்க!,title_as_printed,yaml:title_as_printed,,,,,high,machine_checked,corpus/purananuru/poems/036.md,8c1229b7465ed91fd666e0377873f07947a0f9a6cf78f2a6f73ea4eac9987c7b
asrt.c90eaca40f00a136d94c31d8,purananuru,036,SOURCE_CONTEXT_NOTE,SOURCE_EXPLICIT,HAS_PRINTED_SOURCE_NOTE,"பாடியவர்: ஆலத்தூர் கிழார்.
பாடப்பட்டோன்: சோழன் குளமுற்றத்துத் துஞ்சிய கிள்ளி வளவன்.
திணை:வஞ்சி. துறை: துணை வஞ்சி.
குறிப்பு: சோழன் கருவூரை முற்றியிருந்தபோது பாடியது.",source_note,markdown:source-note,,,,,high,machine_checked,corpus/purananuru/poems/036.md,8c1229b7465ed91fd666e0377873f07947a0f9a6cf78f2a6f73ea4eac9987c7b
asrt.051ef124b8dacc52e85dcc19,purananuru,036,TEXTUAL_CONDITION,SOURCE_EXPLICIT,HAS_TEXTUAL_STATUS,complete,textual_status,yaml:textual_status,,,,,high,machine_checked,corpus/purananuru/poems/036.md,8c1229b7465ed91fd666e0377873f07947a0f9a6cf78f2a6f73ea4eac9987c7b
asrt.57a74f53ec7a94fd6dcedf4e,purananuru,037,POET_ATTRIBUTION,SOURCE_EXPLICIT,ATTRIBUTED_TO,மாறோக்கத்து நப்பசலையார்,poet_as_printed,yaml:poet_as_printed,,,,,high,machine_checked,corpus/purananuru/poems/037.md,3eed5d7e10ea6921a0dab72efcf84f8e70cbec7654cb80885b507912eff332ef
asrt.ff1264e6999265a765924aa6,purananuru,037,PATRON_OR_ADDRESSEE,SOURCE_EXPLICIT,ADDRESSED_TO,சோழன் குளமுற்றத்துத் துஞ்சிய கிள்ளி வளவன்,addressee_as_printed,yaml:addressee_as_printed,,,,,high,machine_checked,corpus/purananuru/poems/037.md,3eed5d7e10ea6921a0dab72efcf84f8e70cbec7654cb80885b507912eff332ef
asrt.baad36354c76369d66ae89ef,purananuru,037,TINI_VALUE,SOURCE_EXPLICIT,ASSOCIATED_WITH_TINAI,வாகை,thinai_as_printed,yaml:thinai_as_printed,,,,,high,machine_checked,corpus/purananuru/poems/037.md,3eed5d7e10ea6921a0dab72efcf84f8e70cbec7654cb80885b507912eff332ef
asrt.5aa84c008e02894400d5531e,purananuru,037,TURAI_VALUE,SOURCE_EXPLICIT,ASSOCIATED_WITH_TURAI,"அரச வாகை குற்றுழிஞை எனவும், முதல் வஞ்சி எனவும் பாடம்",thurai,yaml:thurai,,,,,high,machine_checked,corpus/purananuru/poems/037.md,3eed5d7e10ea6921a0dab72efcf84f8e70cbec7654cb80885b507912eff332ef
asrt.b6d24e4909499a7606fa99c9,purananuru,037,SOURCE_CONTEXT_NOTE,SOURCE_EXPLICIT,HAS_PRINTED_SOURCE_NOTE,"பாடியவர்: மாறோக்கத்து நப்பசலையார்.
பாடப்பட்டோன்: சோழன் குளமுற்றத்துத் துஞ்சிய கிள்ளி வளவன்.
திணை: வாகை; உழிஞை எனவும் பாடம்.
துறை: அரச வாகை குற்றுழிஞை எனவும், முதல் வஞ்சி எனவும் பாடம்.",source_note,markdown:source-note,,,,,high,machine_checked,corpus/purananuru/poems/037.md,3eed5d7e10ea6921a0dab72efcf84f8e70cbec7654cb80885b507912eff332ef
asrt.2177b0caf7aeffdbb0e4e304,purananuru,037,SOURCE_CONTEXT_NOTE,SOURCE_EXPLICIT,HAS_PRINTED_TITLE,புறவும் போரும்!,title_as_printed,yaml:title_as_printed,,,,,high,machine_checked,corpus/purananuru/poems/037.md,3eed5d7e10ea6921a0dab72efcf84f8e70cbec7654cb80885b507912eff332ef
asrt.9046a547d361a92802bcb92b,purananuru,037,TEXTUAL_CONDITION,SOURCE_EXPLICIT,HAS_TEXTUAL_STATUS,complete,textual_status,yaml:textual_status,,,,,high,machine_checked,corpus/purananuru/poems/037.md,3eed5d7e10ea6921a0dab72efcf84f8e70cbec7654cb80885b507912eff332ef
asrt.484f5b5363bda393da18d304,purananuru,037,FAUNA_MENTION,SOURCE_EXPLICIT,MENTIONS_CANDIDATE,யானை,canonical_body,markdown:canonical-body,12,12,9,13,medium,human_review_required,corpus/purananuru/poems/037.md,3eed5d7e10ea6921a0dab72efcf84f8e70cbec7654cb80885b507912eff332ef
asrt.4171c578211b667e97212aee,purananuru,037,WARFARE_MENTION,SOURCE_EXPLICIT,MENTIONS_CANDIDATE,வேல்,canonical_body,markdown:canonical-body,5,5,31,35,medium,human_review_required,corpus/purananuru/poems/037.md,3eed5d7e10ea6921a0dab72efcf84f8e70cbec7654cb80885b507912eff332ef
asrt.2b3a0876e8d25c28e335536a,purananuru,038,POET_ATTRIBUTION,SOURCE_EXPLICIT,ATTRIBUTED_TO,ஆவூர் மூலங் கிழார்,poet_as_printed,yaml:poet_as_printed,,,,,high,machine_checked,corpus/purananuru/poems/038.md,c7c38bd1a38dd2e834a0b0b3f57b4458a034def30ae320ddb0a8d9f23a432c79
asrt.817edc2fc96132db0de8ae5b,purananuru,038,PATRON_OR_ADDRESSEE,SOURCE_EXPLICIT,ADDRESSED_TO,சோழன் குளமுற்றத்துத் துஞ்சிய கிள்ளிவளவன்,addressee_as_printed,yaml:addressee_as_printed,,,,,high,machine_checked,corpus/purananuru/poems/038.md,c7c38bd1a38dd2e834a0b0b3f57b4458a034def30ae320ddb0a8d9f23a432c79
asrt.fb6666489fc455236dce906a,purananuru,038,TINI_VALUE,SOURCE_EXPLICIT,ASSOCIATED_WITH_TINAI,பாடாண்,thinai_as_printed,yaml:thinai_as_printed,,,,,high,machine_checked,corpus/purananuru/poems/038.md,c7c38bd1a38dd2e834a0b0b3f57b4458a034def30ae320ddb0a8d9f23a432c79
asrt.17461dc4d42cdb046457ce76,purananuru,038,TURAI_VALUE,SOURCE_EXPLICIT,ASSOCIATED_WITH_TURAI,"இயன்மொழி,",thurai,yaml:thurai,,,,,high,machine_checked,corpus/purananuru/poems/038.md,c7c38bd1a38dd2e834a0b0b3f57b4458a034def30ae320ddb0a8d9f23a432c79
asrt.011a1cbb9dfa682fb66759d0,purananuru,038,SOURCE_CONTEXT_NOTE,SOURCE_EXPLICIT,HAS_PRINTED_SOURCE_NOTE,"பாடியவர்: ஆவூர் மூலங் கிழார்.
பாடப்பட்டோன்: சோழன் குளமுற்றத்துத் துஞ்சிய கிள்ளிவளவன்.
திணை: பாடாண். துறை: இயன்மொழி,
குறிப்பு: 'எம்முள்ளீர், எந்நாட்டீர்?' என்று அவன் கேட்ப, அவர் பாடியது.",source_note,markdown:source-note,,,,,high,machine_checked,corpus/purananuru/poems/038.md,c7c38bd1a38dd2e834a0b0b3f57b4458a034def30ae320ddb0a8d9f23a432c79
asrt.d71e94c29fe41ad28edfc8eb,purananuru,038,SOURCE_CONTEXT_NOTE,SOURCE_EXPLICIT,HAS_PRINTED_TITLE,வேண்டியது விளைக்கும் வேந்தன்!,title_as_printed,yaml:title_as_printed,,,,,high,machine_checked,corpus/purananuru/poems/038.md,c7c38bd1a38dd2e834a0b0b3f57b4458a034def30ae320ddb0a8d9f23a432c79
asrt.68821792be5de862fa406b85,purananuru,038,TEXTUAL_CONDITION,SOURCE_EXPLICIT,HAS_TEXTUAL_STATUS,complete,textual_status,yaml:textual_status,,,,,high,machine_checked,corpus/purananuru/poems/038.md,c7c38bd1a38dd2e834a0b0b3f57b4458a034def30ae320ddb0a8d9f23a432c79
asrt.75db641cb4bd42e486b52a5d,purananuru,039,POET_ATTRIBUTION,SOURCE_EXPLICIT,ATTRIBUTED_TO,மாறோக்கத்து நப்பசலையார்,poet_as_printed,yaml:poet_as_printed,,,,,high,machine_checked,corpus/purananuru/poems/039.md,91d607453d9a19fa77a12456a3b1521124c27799752a220a9f2af04513e850d7
asrt.13d882681fc65ba017001701,purananuru,039,PATRON_OR_ADDRESSEE,SOURCE_EXPLICIT,ADDRESSED_TO,சோழன் குளமுற்றத்துத் துஞ்சிய கிள்ளிவளவன்,addressee_as_printed,yaml:addressee_as_printed,,,,,high,machine_checked,corpus/purananuru/poems/039.md,91d607453d9a19fa77a12456a3b1521124c27799752a220a9f2af04513e850d7
asrt.8201fa6b46c1342ab82ba9fc,purananuru,039,TINI_VALUE,SOURCE_EXPLICIT,ASSOCIATED_WITH_TINAI,பாடாண்,thinai_as_printed,yaml:thinai_as_printed,,,,,high,machine_checked,corpus/purananuru/poems/039.md,91d607453d9a19fa77a12456a3b1521124c27799752a220a9f2af04513e850d7
asrt.45a8575fb02191f67d7be2ec,purananuru,039,TURAI_VALUE,SOURCE_EXPLICIT,ASSOCIATED_WITH_TURAI,"இயன்மொழி,",thurai,yaml:thurai,,,,,high,machine_checked,corpus/purananuru/poems/039.md,91d607453d9a19fa77a12456a3b1521124c27799752a220a9f2af04513e850d7
asrt.29f4041053274a36989e7337,purananuru,039,SOURCE_CONTEXT_NOTE,SOURCE_EXPLICIT,HAS_PRINTED_SOURCE_NOTE,"பாடியவர்: மாறோக்கத்து நப்பசலையார்.
பாடப்பட்டோன் : சோழன் குளமுற்றத்துத் துஞ்சிய கிள்ளிவளவன்.
திணை: பாடாண். துறை : இயன்மொழி,
சிறப்பு : வளவன் வஞ்சியை வெற்றி கொண்டது.",source_note,markdown:source-note,,,,,high,machine_checked,corpus/purananuru/poems/039.md,91d607453d9a19fa77a12456a3b1521124c27799752a220a9f2af04513e850d7
asrt.7a4a61ff42c8b86be10cbaaa,purananuru,039,SOURCE_CONTEXT_NOTE,SOURCE_EXPLICIT,HAS_PRINTED_TITLE,புகழினும் சிறந்த சிறப்பு!,title_as_printed,yaml:title_as_printed,,,,,high,machine_checked,corpus/purananuru/poems/039.md,91d607453d9a19fa77a12456a3b1521124c27799752a220a9f2af04513e850d7
asrt.233973874c1f796126e2cab6,purananuru,039,TEXTUAL_CONDITION,SOURCE_EXPLICIT,HAS_TEXTUAL_STATUS,complete,textual_status,yaml:textual_status,,,,,high,machine_checked,corpus/purananuru/poems/039.md,91d607453d9a19fa77a12456a3b1521124c27799752a220a9f2af04513e850d7
asrt.50caa33026cbf35077f73c3d,purananuru,039,FAUNA_MENTION,SOURCE_EXPLICIT,MENTIONS_CANDIDATE,யானை,canonical_body,markdown:canonical-body,2,2,0,4,medium,human_review_required,corpus/purananuru/poems/039.md,91d607453d9a19fa77a12456a3b1521124c27799752a220a9f2af04513e850d7
asrt.a94e9143c3423444f70e5dfc,purananuru,040,POET_ATTRIBUTION,SOURCE_EXPLICIT,ATTRIBUTED_TO,ஆவூர் மூலங்கிழார்,poet_as_printed,yaml:poet_as_printed,,,,,high,machine_checked,corpus/purananuru/poems/040.md,8f558a492cd8a3c75132975dc6f624f5d7224457daa363fd6243e1461c74ce51
asrt.92cbd8fea4c53a5de9df3d7e,purananuru,040,PATRON_OR_ADDRESSEE,SOURCE_EXPLICIT,ADDRESSED_TO,சோழன் குளமுற்றத்துத் துஞ்சிய கிள்ளிவளவன்,addressee_as_printed,yaml:addressee_as_printed,,,,,high,machine_checked,corpus/purananuru/poems/040.md,8f558a492cd8a3c75132975dc6f624f5d7224457daa363fd6243e1461c74ce51
asrt.255c4c79ba373ebb9371fef8,purananuru,040,TINI_VALUE,SOURCE_EXPLICIT,ASSOCIATED_WITH_TINAI,பாடாண்,thinai_as_printed,yaml:thinai_as_printed,,,,,high,machine_checked,corpus/purananuru/poems/040.md,8f558a492cd8a3c75132975dc6f624f5d7224457daa363fd6243e1461c74ce51
asrt.5c77fb1cc6d1f8c92be0f12f,purananuru,040,TURAI_VALUE,SOURCE_EXPLICIT,ASSOCIATED_WITH_TURAI,செவியறிவுறூஉ,thurai,yaml:thurai,,,,,high,machine_checked,corpus/purananuru/poems/040.md,8f558a492cd8a3c75132975dc6f624f5d7224457daa363fd6243e1461c74ce51
asrt.6a0df923f243ebab430ef68e,purananuru,040,SOURCE_CONTEXT_NOTE,SOURCE_EXPLICIT,HAS_PRINTED_TITLE,ஒரு பிடியும் எழு களிரும்!,title_as_printed,yaml:title_as_printed,,,,,high,machine_checked,corpus/purananuru/poems/040.md,8f558a492cd8a3c75132975dc6f624f5d7224457daa363fd6243e1461c74ce51
asrt.5ef707458a93516add1587db,purananuru,040,SOURCE_CONTEXT_NOTE,SOURCE_EXPLICIT,HAS_PRINTED_SOURCE_NOTE,"பாடியவர்: ஆவூர் மூலங்கிழார்.
பாடப்பட்டோன் : சோழன் குளமுற்றத்துத் துஞ்சிய கிள்ளிவளவன்.
திணை :பாடாண். துறை : செவியறிவுறூஉ.",source_note,markdown:source-note,,,,,high,machine_checked,corpus/purananuru/poems/040.md,8f558a492cd8a3c75132975dc6f624f5d7224457daa363fd6243e1461c74ce51
asrt.528047d1631e66d629c8734f,purananuru,040,TEXTUAL_CONDITION,SOURCE_EXPLICIT,HAS_TEXTUAL_STATUS,complete,textual_status,yaml:textual_status,,,,,high,machine_checked,corpus/purananuru/poems/040.md,8f558a492cd8a3c75132975dc6f624f5d7224457daa363fd6243e1461c74ce51
asrt.e6b4df253439b3a6df117c65,purananuru,041,POET_ATTRIBUTION,SOURCE_EXPLICIT,ATTRIBUTED_TO,கோவூர் கிழார்,poet_as_printed,yaml:poet_as_printed,,,,,high,machine_checked,corpus/purananuru/poems/041.md,9fe865c758c025807ab224d3723856aa7d8020e8543da1dacace2554c4e424f4
asrt.1310bb5483dd22786823ff3e,purananuru,041,PATRON_OR_ADDRESSEE,SOURCE_EXPLICIT,ADDRESSED_TO,சோழன் குளமுற்றத்துத் துஞ்சிய கிள்ளிவளவன்,addressee_as_printed,yaml:addressee_as_printed,,,,,high,machine_checked,corpus/purananuru/poems/041.md,9fe865c758c025807ab224d3723856aa7d8020e8543da1dacace2554c4e424f4
asrt.a4f8f210cde1f7410dc50e5d,purananuru,041,TINI_VALUE,SOURCE_EXPLICIT,ASSOCIATED_WITH_TINAI,வஞ்சி,thinai_as_printed,yaml:thinai_as_printed,,,,,high,machine_checked,corpus/purananuru/poems/041.md,9fe865c758c025807ab224d3723856aa7d8020e8543da1dacace2554c4e424f4
asrt.f7c55deb2fd44443e6527a56,purananuru,041,TURAI_VALUE,SOURCE_EXPLICIT,ASSOCIATED_WITH_TURAI,கொற்ற வள்ளை,thurai,yaml:thurai,,,,,high,machine_checked,corpus/purananuru/poems/041.md,9fe865c758c025807ab224d3723856aa7d8020e8543da1dacace2554c4e424f4
asrt.98dac4a3055ae39b7ad73d90,purananuru,041,SOURCE_CONTEXT_NOTE,SOURCE_EXPLICIT,HAS_PRINTED_TITLE,காலனுக்கு மேலோன்!,title_as_printed,yaml:title_as_printed,,,,,high,machine_checked,corpus/purananuru/poems/041.md,9fe865c758c025807ab224d3723856aa7d8020e8543da1dacace2554c4e424f4
asrt.a3679a064e2199d83e3e4ba4,purananuru,041,SOURCE_CONTEXT_NOTE,SOURCE_EXPLICIT,HAS_PRINTED_SOURCE_NOTE,"பாடியவர்: கோவூர் கிழார்.
பாடப்பட்டோன் : சோழன் குளமுற்றத்துத் துஞ்சிய கிள்ளிவளவன்.
திணை : வஞ்சி. துறை: கொற்ற வள்ளை.",source_note,markdown:source-note,,,,,high,machine_checked,corpus/purananuru/poems/041.md,9fe865c758c025807ab224d3723856aa7d8020e8543da1dacace2554c4e424f4
asrt.88f7c16beb3b4ea412ddf09d,purananuru,041,TEXTUAL_CONDITION,SOURCE_EXPLICIT,HAS_TEXTUAL_STATUS,complete,textual_status,yaml:textual_status,,,,,high,machine_checked,corpus/purananuru/poems/041.md,9fe865c758c025807ab224d3723856aa7d8020e8543da1dacace2554c4e424f4
asrt.9121280649d1c49d9ec96f7d,purananuru,042,POET_ATTRIBUTION,SOURCE_EXPLICIT,ATTRIBUTED_TO,இடைக்காடனார்,poet_as_printed,yaml:poet_as_printed,,,,,high,machine_checked,corpus/purananuru/poems/042.md,abba7812bcbeaba57217beb042a4768760371d7b1b99f33f75c95c93cdaace57
asrt.4c5d28584ebb6dbf025de9e9,purananuru,042,PATRON_OR_ADDRESSEE,SOURCE_EXPLICIT,ADDRESSED_TO,சோழன் குளமுற்றத்துத் துஞ்சிய கிள்ளி வளவன்,addressee_as_printed,yaml:addressee_as_printed,,,,,high,machine_checked,corpus/purananuru/poems/042.md,abba7812bcbeaba57217beb042a4768760371d7b1b99f33f75c95c93cdaace57
asrt.5389bceb6d09e7de2139cb35,purananuru,042,TINI_VALUE,SOURCE_EXPLICIT,ASSOCIATED_WITH_TINAI,வாகை,thinai_as_printed,yaml:thinai_as_printed,,,,,high,machine_checked,corpus/purananuru/poems/042.md,abba7812bcbeaba57217beb042a4768760371d7b1b99f33f75c95c93cdaace57
asrt.9d7cef79d94b7d6edb88470a,purananuru,042,TURAI_VALUE,SOURCE_EXPLICIT,ASSOCIATED_WITH_TURAI,அரச வாகை,thurai,yaml:thurai,,,,,high,machine_checked,corpus/purananuru/poems/042.md,abba7812bcbeaba57217beb042a4768760371d7b1b99f33f75c95c93cdaace57
asrt.22e9e546f2a5b4b65b7feca3,purananuru,042,SOURCE_CONTEXT_NOTE,SOURCE_EXPLICIT,HAS_PRINTED_TITLE,ஈகையும் வாகையும்!,title_as_printed,yaml:title_as_printed,,,,,high,machine_checked,corpus/purananuru/poems/042.md,abba7812bcbeaba57217beb042a4768760371d7b1b99f33f75c95c93cdaace57
asrt.dc3548fe33bd5f756eeab23d,purananuru,042,SOURCE_CONTEXT_NOTE,SOURCE_EXPLICIT,HAS_PRINTED_SOURCE_NOTE,"பாடியவர்: இடைக்காடனார்.
பாடப்பட்டோன்: சோழன் குளமுற்றத்துத் துஞ்சிய கிள்ளி வளவன்.
திணை : வாகை. துறை: அரச வாகை.
சிறப்பு : சோழனின் மறமேம் பாடும், கொடை மேம்பாடும், வலிமைச் சிறப்பும்.",source_note,markdown:source-note,,,,,high,machine_checked,corpus/purananuru/poems/042.md,abba7812bcbeaba57217beb042a4768760371d7b1b99f33f75c95c93cdaace57
asrt.e2093707cba30e3351525798,purananuru,042,TEXTUAL_CONDITION,SOURCE_EXPLICIT,HAS_TEXTUAL_STATUS,complete,textual_status,yaml:textual_status,,,,,high,machine_checked,corpus/purananuru/poems/042.md,abba7812bcbeaba57217beb042a4768760371d7b1b99f33f75c95c93cdaace57
asrt.6fbfe1d8f19c8a9b09ec6553,purananuru,042,OCCUPATION_MENTION,SOURCE_EXPLICIT,MENTIONS_CANDIDATE,உழவர்,canonical_body,markdown:canonical-body,13,13,26,31,medium,human_review_required,corpus/purananuru/poems/042.md,abba7812bcbeaba57217beb042a4768760371d7b1b99f33f75c95c93cdaace57
asrt.66b16f3704be8ea5456d38fd,purananuru,042,GIFT_MENTION,SOURCE_EXPLICIT,MENTIONS_CANDIDATE,ஈகை,canonical_body,markdown:canonical-body,1,1,4,7,medium,human_review_required,corpus/purananuru/poems/042.md,abba7812bcbeaba57217beb042a4768760371d7b1b99f33f75c95c93cdaace57
asrt.776fcaf44b0801d6f027ae56,purananuru,042,WARFARE_MENTION,SOURCE_EXPLICIT,MENTIONS_CANDIDATE,போர்,canonical_body,markdown:canonical-body,1,1,13,17,medium,human_review_required,corpus/purananuru/poems/042.md,abba7812bcbeaba57217beb042a4768760371d7b1b99f33f75c95c93cdaace57
asrt.4280f83bc12048003ea383a0,purananuru,043,POET_ATTRIBUTION,SOURCE_EXPLICIT,ATTRIBUTED_TO,"தாமப்பல் கண்ணனார்,",poet_as_printed,yaml:poet_as_printed,,,,,high,machine_checked,corpus/purananuru/poems/043.md,29953c04bb2197cd831e44eed50882afb232ce088de50bb8c9979b4bad3bdf22
asrt.0da815edf799138c2a50b6f9,purananuru,043,PATRON_OR_ADDRESSEE,SOURCE_EXPLICIT,ADDRESSED_TO,சோழன் நலங்கிள்ளி தம்பி மாவளத்தான்,addressee_as_printed,yaml:addressee_as_printed,,,,,high,machine_checked,corpus/purananuru/poems/043.md,29953c04bb2197cd831e44eed50882afb232ce088de50bb8c9979b4bad3bdf22
asrt.21ae0ce7a269548543f5a6df,purananuru,043,TINI_VALUE,SOURCE_EXPLICIT,ASSOCIATED_WITH_TINAI,வாகை,thinai_as_printed,yaml:thinai_as_printed,,,,,high,machine_checked,corpus/purananuru/poems/043.md,29953c04bb2197cd831e44eed50882afb232ce088de50bb8c9979b4bad3bdf22
asrt.449d06e8493b101b8254715b,purananuru,043,TURAI_VALUE,SOURCE_EXPLICIT,ASSOCIATED_WITH_TURAI,அரசவாகை,thurai,yaml:thurai,,,,,high,machine_checked,corpus/purananuru/poems/043.md,29953c04bb2197cd831e44eed50882afb232ce088de50bb8c9979b4bad3bdf22
asrt.675389f22ba2227c0401a3f0,purananuru,043,SOURCE_CONTEXT_NOTE,SOURCE_EXPLICIT,HAS_PRINTED_SOURCE_NOTE,"பாடியவர்: தாமப்பல் கண்ணனார்,
பாடப்பட்டோன்: சோழன் நலங்கிள்ளி தம்பி மாவளத்தான்.
திணை : வாகை. துறை: அரசவாகை.
குறிப்பு : புலவரும் அரச குமரனும் வட்டுப் பொருவுழிக் கைகரப்ப, வெகுண்டு, வட்டுக் கொண்டு எறிந்தானைச் , 'சோழன் மகன்
அல்லை' என, நாணியுருந்தானை அவர் பாடியது.",source_note,markdown:source-note,,,,,high,machine_checked,corpus/purananuru/poems/043.md,29953c04bb2197cd831e44eed50882afb232ce088de50bb8c9979b4bad3bdf22
asrt.297e8bfb89be697c7b31dab5,purananuru,043,SOURCE_CONTEXT_NOTE,SOURCE_EXPLICIT,HAS_PRINTED_TITLE,பிறப்பும் சிறப்பும்!,title_as_printed,yaml:title_as_printed,,,,,high,machine_checked,corpus/purananuru/poems/043.md,29953c04bb2197cd831e44eed50882afb232ce088de50bb8c9979b4bad3bdf22
asrt.e33ac6af692bda51bd5b9096,purananuru,043,TEXTUAL_CONDITION,SOURCE_EXPLICIT,HAS_TEXTUAL_STATUS,complete,textual_status,yaml:textual_status,,,,,high,machine_checked,corpus/purananuru/poems/043.md,29953c04bb2197cd831e44eed50882afb232ce088de50bb8c9979b4bad3bdf22
asrt.848f9e42e06438d997669bdb,purananuru,043,COMMUNITY_MENTION,SOURCE_EXPLICIT,MENTIONS_CANDIDATE,மறவர்,canonical_body,markdown:canonical-body,11,11,7,12,medium,human_review_required,corpus/purananuru/poems/043.md,29953c04bb2197cd831e44eed50882afb232ce088de50bb8c9979b4bad3bdf22
asrt.910f34e82a7d2cbe60cc23d8,purananuru,043,GIFT_MENTION,SOURCE_EXPLICIT,MENTIONS_CANDIDATE,ஈகை,canonical_body,markdown:canonical-body,8,8,6,9,medium,human_review_required,corpus/purananuru/poems/043.md,29953c04bb2197cd831e44eed50882afb232ce088de50bb8c9979b4bad3bdf22
asrt.37b112542372ae56130699a1,purananuru,044,POET_ATTRIBUTION,SOURCE_EXPLICIT,ATTRIBUTED_TO,கோவூர் கிழார்,poet_as_printed,yaml:poet_as_printed,,,,,high,machine_checked,corpus/purananuru/poems/044.md,57b4c65942d5ee35dba6688aef1b13ddc29dcaca5d421f9bccb8eed0fc7cf68d
asrt.626e1b1c6c2bb12dffbee388,purananuru,044,PATRON_OR_ADDRESSEE,SOURCE_EXPLICIT,ADDRESSED_TO,சோழன் நெடுங்கிள்ளி,addressee_as_printed,yaml:addressee_as_printed,,,,,high,machine_checked,corpus/purananuru/poems/044.md,57b4c65942d5ee35dba6688aef1b13ddc29dcaca5d421f9bccb8eed0fc7cf68d
asrt.3376067d94ca2364d8931522,purananuru,044,TINI_VALUE,SOURCE_EXPLICIT,ASSOCIATED_WITH_TINAI,வாகை,thinai_as_printed,yaml:thinai_as_printed,,,,,high,machine_checked,corpus/purananuru/poems/044.md,57b4c65942d5ee35dba6688aef1b13ddc29dcaca5d421f9bccb8eed0fc7cf68d
asrt.132723cbe0f729183934c241,purananuru,044,TURAI_VALUE,SOURCE_EXPLICIT,ASSOCIATED_WITH_TURAI,அரச வாகை,thurai,yaml:thurai,,,,,high,machine_checked,corpus/purananuru/poems/044.md,57b4c65942d5ee35dba6688aef1b13ddc29dcaca5d421f9bccb8eed0fc7cf68d
asrt.ecf13776d3d37110371e2c52,purananuru,044,SOURCE_CONTEXT_NOTE,SOURCE_EXPLICIT,HAS_PRINTED_TITLE,அறமும் மறமும்!,title_as_printed,yaml:title_as_printed,,,,,high,machine_checked,corpus/purananuru/poems/044.md,57b4c65942d5ee35dba6688aef1b13ddc29dcaca5d421f9bccb8eed0fc7cf68d
asrt.e9ff39ed630f9e0583c2065c,purananuru,044,SOURCE_CONTEXT_NOTE,SOURCE_EXPLICIT,HAS_PRINTED_SOURCE_NOTE,"பாடியவர்: கோவூர் கிழார்.
பாடப்பட்டோன்: சோழன் நெடுங்கிள்ளி.
திணை : வாகை. துறை: அரச வாகை. குறிப்பு :
நலங்கிள்ளி ஆவுரை முற்றியிருந்தான்; அதுகாலை அடைத்திருந்த நெடுங்கிள்ளியைக் கண்டு பாடியது, இச் செய்யுள்.",source_note,markdown:source-note,,,,,high,machine_checked,corpus/purananuru/poems/044.md,57b4c65942d5ee35dba6688aef1b13ddc29dcaca5d421f9bccb8eed0fc7cf68d
asrt.ab472cda78605a8e943b1420,purananuru,044,TEXTUAL_CONDITION,SOURCE_EXPLICIT,HAS_TEXTUAL_STATUS,complete,textual_status,yaml:textual_status,,,,,high,machine_checked,corpus/purananuru/poems/044.md,57b4c65942d5ee35dba6688aef1b13ddc29dcaca5d421f9bccb8eed0fc7cf68d
asrt.55e162a729b190d1781e33f5,purananuru,044,FAUNA_MENTION,SOURCE_EXPLICIT,MENTIONS_CANDIDATE,யானை,canonical_body,markdown:canonical-body,5,5,7,11,medium,human_review_required,corpus/purananuru/poems/044.md,57b4c65942d5ee35dba6688aef1b13ddc29dcaca5d421f9bccb8eed0fc7cf68d
asrt.7876a176d488d33318e65de7,purananuru,045,POET_ATTRIBUTION,SOURCE_EXPLICIT,ATTRIBUTED_TO,கோவூர் கிழார்,poet_as_printed,yaml:poet_as_printed,,,,,high,machine_checked,corpus/purananuru/poems/045.md,7f28cb1fbdae89d37fe783f38ce4e35b6683c41c8c7123c724947114d78e730a
asrt.cbaaaa81ad18dcf87ee99f48,purananuru,045,TINI_VALUE,SOURCE_EXPLICIT,ASSOCIATED_WITH_TINAI,வஞ்சி,thinai_as_printed,yaml:thinai_as_printed,,,,,high,machine_checked,corpus/purananuru/poems/045.md,7f28cb1fbdae89d37fe783f38ce4e35b6683c41c8c7123c724947114d78e730a
asrt.c34df717d40233dea6279f40,purananuru,045,TURAI_VALUE,SOURCE_EXPLICIT,ASSOCIATED_WITH_TURAI,துணை வஞ்சி,thurai,yaml:thurai,,,,,high,machine_checked,corpus/purananuru/poems/045.md,7f28cb1fbdae89d37fe783f38ce4e35b6683c41c8c7123c724947114d78e730a
asrt.0c40a183b6639017cb7f2a35,purananuru,045,SOURCE_CONTEXT_NOTE,SOURCE_EXPLICIT,HAS_PRINTED_TITLE,தோற்பது நும் குடியே!,title_as_printed,yaml:title_as_printed,,,,,high,machine_checked,corpus/purananuru/poems/045.md,7f28cb1fbdae89d37fe783f38ce4e35b6683c41c8c7123c724947114d78e730a
asrt.0b175ffa51ecb183bbb66603,purananuru,045,SOURCE_CONTEXT_NOTE,SOURCE_EXPLICIT,HAS_PRINTED_SOURCE_NOTE,"பாடியவர்: கோவூர் கிழார்.
பாடப்பட்டோர்: சோழன் நலங்கிள்ளியும், நெடுங்கிள்ளியும்.
திணை: வஞ்சி. துறை; துணை வஞ்சி.
குறிப்பு: முற்றியிருந்த நலங்கிள்ளியையும், அடைத்திருந்த நெடுங்கிள்ளியையும் பாடிய செய்யுள் இது.",source_note,markdown:source-note,,,,,high,machine_checked,corpus/purananuru/poems/045.md,7f28cb1fbdae89d37fe783f38ce4e35b6683c41c8c7123c724947114d78e730a
asrt.9b4611aab48cf44bd3aefd78,purananuru,045,TEXTUAL_CONDITION,SOURCE_EXPLICIT,HAS_TEXTUAL_STATUS,complete,textual_status,yaml:textual_status,,,,,high,machine_checked,corpus/purananuru/poems/045.md,7f28cb1fbdae89d37fe783f38ce4e35b6683c41c8c7123c724947114d78e730a
asrt.bdc22847fd4b91d2a26366b7,purananuru,046,POET_ATTRIBUTION,SOURCE_EXPLICIT,ATTRIBUTED_TO,கோவூர் கிழார்,poet_as_printed,yaml:poet_as_printed,,,,,high,machine_checked,corpus/purananuru/poems/046.md,9618a06811ab0a872596f73e4779e580a5b3840dd9575bfe4904e59fc98408dc
asrt.010eb29298d966618179fb95,purananuru,046,PATRON_OR_ADDRESSEE,SOURCE_EXPLICIT,ADDRESSED_TO,சோழன் குளமுற்றத்துத் துஞ்சிய கிள்ளி வளவன்,addressee_as_printed,yaml:addressee_as_printed,,,,,high,machine_checked,corpus/purananuru/poems/046.md,9618a06811ab0a872596f73e4779e580a5b3840dd9575bfe4904e59fc98408dc
asrt.f77d932724d719f44b1cd652,purananuru,046,TINI_VALUE,SOURCE_EXPLICIT,ASSOCIATED_WITH_TINAI,வஞ்சி,thinai_as_printed,yaml:thinai_as_printed,,,,,high,machine_checked,corpus/purananuru/poems/046.md,9618a06811ab0a872596f73e4779e580a5b3840dd9575bfe4904e59fc98408dc
asrt.a47b6034b1b26f77d479e473,purananuru,046,TURAI_VALUE,SOURCE_EXPLICIT,ASSOCIATED_WITH_TURAI,துணை வஞ்சி,thurai,yaml:thurai,,,,,high,machine_checked,corpus/purananuru/poems/046.md,9618a06811ab0a872596f73e4779e580a5b3840dd9575bfe4904e59fc98408dc
asrt.bcabb84e949058458aaf2602,purananuru,046,SOURCE_CONTEXT_NOTE,SOURCE_EXPLICIT,HAS_PRINTED_TITLE,அருளும் பகையும்!,title_as_printed,yaml:title_as_printed,,,,,high,machine_checked,corpus/purananuru/poems/046.md,9618a06811ab0a872596f73e4779e580a5b3840dd9575bfe4904e59fc98408dc
asrt.832409b9cf5b3f5a523d099c,purananuru,046,SOURCE_CONTEXT_NOTE,SOURCE_EXPLICIT,HAS_PRINTED_SOURCE_NOTE,"பாடியவர்: கோவூர் கிழார்.
பாடப்பட்டோன்: சோழன் குளமுற்றத்துத் துஞ்சிய கிள்ளி வளவன்.
திணை: வஞ்சி. துறை; துணை வஞ்சி.
குறிப்பு: மலையமான் மக்களை யானைக் காலில் இட்ட காலத்துப் பாடி உய்யக் கொண்டது.",source_note,markdown:source-note,,,,,high,machine_checked,corpus/purananuru/poems/046.md,9618a06811ab0a872596f73e4779e580a5b3840dd9575bfe4904e59fc98408dc
asrt.7d03a81c574b81723cd49028,purananuru,046,TEXTUAL_CONDITION,SOURCE_EXPLICIT,HAS_TEXTUAL_STATUS,complete,textual_status,yaml:textual_status,,,,,high,machine_checked,corpus/purananuru/poems/046.md,9618a06811ab0a872596f73e4779e580a5b3840dd9575bfe4904e59fc98408dc
asrt.b062521d548d9ffeb41b9921,purananuru,047,POET_ATTRIBUTION,SOURCE_EXPLICIT,ATTRIBUTED_TO,கோவூர் கிழார்,poet_as_printed,yaml:poet_as_printed,,,,,high,machine_checked,corpus/purananuru/poems/047.md,b361537a4918c4eabfce867da4e8f4426508b80023778bf521e2edbad53f2e28
asrt.f6a6469d6ce9a0ecd067c25e,purananuru,047,PATRON_OR_ADDRESSEE,SOURCE_EXPLICIT,ADDRESSED_TO,காரியாற்றுத் துஞ்சிய நெடுங்கிள்ளி,addressee_as_printed,yaml:addressee_as_printed,,,,,high,machine_checked,corpus/purananuru/poems/047.md,b361537a4918c4eabfce867da4e8f4426508b80023778bf521e2edbad53f2e28
asrt.40574c0c9d879bd5a0218206,purananuru,047,TINI_VALUE,SOURCE_EXPLICIT,ASSOCIATED_WITH_TINAI,வஞ்சி,thinai_as_printed,yaml:thinai_as_printed,,,,,high,machine_checked,corpus/purananuru/poems/047.md,b361537a4918c4eabfce867da4e8f4426508b80023778bf521e2edbad53f2e28
asrt.b1e3b6a773ae10b09939bf8a,purananuru,047,TURAI_VALUE,SOURCE_EXPLICIT,ASSOCIATED_WITH_TURAI,துணை வஞ்சி,thurai,yaml:thurai,,,,,high,machine_checked,corpus/purananuru/poems/047.md,b361537a4918c4eabfce867da4e8f4426508b80023778bf521e2edbad53f2e28
asrt.0e8020989e01e07e96ab32b5,purananuru,047,SOURCE_CONTEXT_NOTE,SOURCE_EXPLICIT,HAS_PRINTED_SOURCE_NOTE,"பாடியவர்: கோவூர் கிழார்.
பாடப்பட்டோன்: காரியாற்றுத் துஞ்சிய நெடுங்கிள்ளி.
திணை: வஞ்சி. துறை; துணை வஞ்சி.
குறிப்பு: சோழன் நலங்கிள்ளியிடமிருந்து உறையூர் புகுந்த இளந்தத்தன் என்னும் புலவனை, ஒற்று வந்தான் என்று கொல்லப் புகுந்தவிடத்துப், பாடி
உய்யக் கொண்ட செய்யுள் இது.",source_note,markdown:source-note,,,,,high,machine_checked,corpus/purananuru/poems/047.md,b361537a4918c4eabfce867da4e8f4426508b80023778bf521e2edbad53f2e28
asrt.ee1fb076d469f6bd76f64020,purananuru,047,SOURCE_CONTEXT_NOTE,SOURCE_EXPLICIT,HAS_PRINTED_TITLE,புலவரைக் காத்த புலவர்!,title_as_printed,yaml:title_as_printed,,,,,high,machine_checked,corpus/purananuru/poems/047.md,b361537a4918c4eabfce867da4e8f4426508b80023778bf521e2edbad53f2e28
asrt.b0267b708becae756d8d0d44,purananuru,047,TEXTUAL_CONDITION,SOURCE_EXPLICIT,HAS_TEXTUAL_STATUS,complete,textual_status,yaml:textual_status,,,,,high,machine_checked,corpus/purananuru/poems/047.md,b361537a4918c4eabfce867da4e8f4426508b80023778bf521e2edbad53f2e28
asrt.24661472ff990a3b0221683d,purananuru,047,GIFT_MENTION,SOURCE_EXPLICIT,MENTIONS_CANDIDATE,பரிசில்,canonical_body,markdown:canonical-body,6,6,23,30,medium,human_review_required,corpus/purananuru/poems/047.md,b361537a4918c4eabfce867da4e8f4426508b80023778bf521e2edbad53f2e28
asrt.1cb774d4dfa9a7af90ff7209,purananuru,048,POET_ATTRIBUTION,SOURCE_EXPLICIT,ATTRIBUTED_TO,பொய்கையார்,poet_as_printed,yaml:poet_as_printed,,,,,high,machine_checked,corpus/purananuru/poems/048.md,0b6b449afc17eaaa746b2f5b7e7eb3595c8e06ef6af9e007807d5686ef6b2b0a
asrt.21731a2853b0bea04da5b603,purananuru,048,PATRON_OR_ADDRESSEE,SOURCE_EXPLICIT,ADDRESSED_TO,சேரமான் கோக்கோதை மார்பன்,addressee_as_printed,yaml:addressee_as_printed,,,,,high,machine_checked,corpus/purananuru/poems/048.md,0b6b449afc17eaaa746b2f5b7e7eb3595c8e06ef6af9e007807d5686ef6b2b0a
asrt.ec7a318554f3e0ffd730d7ec,purananuru,048,TINI_VALUE,SOURCE_EXPLICIT,ASSOCIATED_WITH_TINAI,பாடாண்,thinai_as_printed,yaml:thinai_as_printed,,,,,high,machine_checked,corpus/purananuru/poems/048.md,0b6b449afc17eaaa746b2f5b7e7eb3595c8e06ef6af9e007807d5686ef6b2b0a
asrt.8560390ff2bc51d8a380b4b8,purananuru,048,TURAI_VALUE,SOURCE_EXPLICIT,ASSOCIATED_WITH_TURAI,புலவராற்றுப் படை,thurai,yaml:thurai,,,,,high,machine_checked,corpus/purananuru/poems/048.md,0b6b449afc17eaaa746b2f5b7e7eb3595c8e06ef6af9e007807d5686ef6b2b0a
asrt.4ed5098249c9a266a4e853f2,purananuru,048,SOURCE_CONTEXT_NOTE,SOURCE_EXPLICIT,HAS_PRINTED_TITLE,'கண்டனம்' என நினை!,title_as_printed,yaml:title_as_printed,,,,,high,machine_checked,corpus/purananuru/poems/048.md,0b6b449afc17eaaa746b2f5b7e7eb3595c8e06ef6af9e007807d5686ef6b2b0a
asrt.9ec1d5f9caba26a4c327af9b,purananuru,048,SOURCE_CONTEXT_NOTE,SOURCE_EXPLICIT,HAS_PRINTED_SOURCE_NOTE,"பாடியவர்: பொய்கையார்.
பாடப்பட்டோன்: சேரமான் கோக்கோதை மார்பன்.
திணை: பாடாண். துறை: புலவராற்றுப் படை.",source_note,markdown:source-note,,,,,high,machine_checked,corpus/purananuru/poems/048.md,0b6b449afc17eaaa746b2f5b7e7eb3595c8e06ef6af9e007807d5686ef6b2b0a
asrt.5fff2a90ea00ec4aabd194d9,purananuru,048,TEXTUAL_CONDITION,SOURCE_EXPLICIT,HAS_TEXTUAL_STATUS,complete,textual_status,yaml:textual_status,,,,,high,machine_checked,corpus/purananuru/poems/048.md,0b6b449afc17eaaa746b2f5b7e7eb3595c8e06ef6af9e007807d5686ef6b2b0a
asrt.46f31a553e6ecd0d40fe0681,purananuru,048,RULER_MENTION,SOURCE_EXPLICIT,MENTIONS_CANDIDATE,இறைவன்,canonical_body,markdown:canonical-body,5,5,21,27,medium,human_review_required,corpus/purananuru/poems/048.md,0b6b449afc17eaaa746b2f5b7e7eb3595c8e06ef6af9e007807d5686ef6b2b0a
asrt.f0bd925572a638868168566b,purananuru,049,POET_ATTRIBUTION,SOURCE_EXPLICIT,ATTRIBUTED_TO,பொய்கையார்,poet_as_printed,yaml:poet_as_printed,,,,,high,machine_checked,corpus/purananuru/poems/049.md,d7809638a572eb2e4f456530a58d1b7104c0d2fe54908733463b8adebb217279
asrt.5eef63aa288f689cf5473fa1,purananuru,049,PATRON_OR_ADDRESSEE,SOURCE_EXPLICIT,ADDRESSED_TO,சேரமான் கோக்கோதை மார்பன்,addressee_as_printed,yaml:addressee_as_printed,,,,,high,machine_checked,corpus/purananuru/poems/049.md,d7809638a572eb2e4f456530a58d1b7104c0d2fe54908733463b8adebb217279
asrt.8898d2500881826b198191cf,purananuru,049,TINI_VALUE,SOURCE_EXPLICIT,ASSOCIATED_WITH_TINAI,பாடாண்,thinai_as_printed,yaml:thinai_as_printed,,,,,high,machine_checked,corpus/purananuru/poems/049.md,d7809638a572eb2e4f456530a58d1b7104c0d2fe54908733463b8adebb217279
asrt.0580be91dc07b3299d1e5e52,purananuru,049,TURAI_VALUE,SOURCE_EXPLICIT,ASSOCIATED_WITH_TURAI,புலவராற்றுப் படை,thurai,yaml:thurai,,,,,high,machine_checked,corpus/purananuru/poems/049.md,d7809638a572eb2e4f456530a58d1b7104c0d2fe54908733463b8adebb217279
asrt.b0bae64bc4d0ad2104d2e5ba,purananuru,049,SOURCE_CONTEXT_NOTE,SOURCE_EXPLICIT,HAS_PRINTED_TITLE,எங்ஙனம் மொழிவேன்?,title_as_printed,yaml:title_as_printed,,,,,high,machine_checked,corpus/purananuru/poems/049.md,d7809638a572eb2e4f456530a58d1b7104c0d2fe54908733463b8adebb217279
asrt.f1a6256708790464368bef9c,purananuru,049,SOURCE_CONTEXT_NOTE,SOURCE_EXPLICIT,HAS_PRINTED_SOURCE_NOTE,"பாடியவர்: பொய்கையார்.
பாடப்பட்டோன்: சேரமான் கோக்கோதை மார்பன்.
திணை: பாடாண். துறை: புலவராற்றுப் படை.",source_note,markdown:source-note,,,,,high,machine_checked,corpus/purananuru/poems/049.md,d7809638a572eb2e4f456530a58d1b7104c0d2fe54908733463b8adebb217279
asrt.48b505a7e7575aac224f540d,purananuru,049,TEXTUAL_CONDITION,SOURCE_EXPLICIT,HAS_TEXTUAL_STATUS,complete,textual_status,yaml:textual_status,,,,,high,machine_checked,corpus/purananuru/poems/049.md,d7809638a572eb2e4f456530a58d1b7104c0d2fe54908733463b8adebb217279
asrt.edfd64b84935412f78162e81,purananuru,050,POET_ATTRIBUTION,SOURCE_EXPLICIT,ATTRIBUTED_TO,மோசிகீரனார்,poet_as_printed,yaml:poet_as_printed,,,,,high,machine_checked,corpus/purananuru/poems/050.md,013db71cba67a031ac9b4020401e29c4b66eedc41e2de87885273fbc264e818c
asrt.ff0eccf6e294b568ce3a974e,purananuru,050,PATRON_OR_ADDRESSEE,SOURCE_EXPLICIT,ADDRESSED_TO,சேரமான் தகடூர் எறிந்த பெருஞ்சேரல் இரும்பொறை,addressee_as_printed,yaml:addressee_as_printed,,,,,high,machine_checked,corpus/purananuru/poems/050.md,013db71cba67a031ac9b4020401e29c4b66eedc41e2de87885273fbc264e818c
asrt.e4d86c083be0ac002f935c8f,purananuru,050,TINI_VALUE,SOURCE_EXPLICIT,ASSOCIATED_WITH_TINAI,பாடாண்,thinai_as_printed,yaml:thinai_as_printed,,,,,high,machine_checked,corpus/purananuru/poems/050.md,013db71cba67a031ac9b4020401e29c4b66eedc41e2de87885273fbc264e818c
asrt.01fb99f7663ce04a2a72735b,purananuru,050,TURAI_VALUE,SOURCE_EXPLICIT,ASSOCIATED_WITH_TURAI,இயன் மொழி,thurai,yaml:thurai,,,,,high,machine_checked,corpus/purananuru/poems/050.md,013db71cba67a031ac9b4020401e29c4b66eedc41e2de87885273fbc264e818c
asrt.db7cf3a98be31ca74d1a7237,purananuru,050,SOURCE_CONTEXT_NOTE,SOURCE_EXPLICIT,HAS_PRINTED_TITLE,கவரி வீசிய காவலன்!,title_as_printed,yaml:title_as_printed,,,,,high,machine_checked,corpus/purananuru/poems/050.md,013db71cba67a031ac9b4020401e29c4b66eedc41e2de87885273fbc264e818c
asrt.0b47ca7613747e251276fdc3,purananuru,050,SOURCE_CONTEXT_NOTE,SOURCE_EXPLICIT,HAS_PRINTED_SOURCE_NOTE,"பாடியவர்: மோசிகீரனார்.
பாடப்பட்டோன்: சேரமான் தகடூர் எறிந்த பெருஞ்சேரல் இரும்பொறை.
திணை:பாடாண். துறை: இயன் மொழி.
குறிப்பு: அறியாது முரசுகட்டிலில் ஏறியவரைத் தண்டம் செய்யாது துயில் எழுந் துணையும் கவரிகொண்டு வீசினன்
சேரமான்; அது குறித்துப் புலவர் பாடிய செய்யுள் இது.",source_note,markdown:source-note,,,,,high,machine_checked,corpus/purananuru/poems/050.md,013db71cba67a031ac9b4020401e29c4b66eedc41e2de87885273fbc264e818c
asrt.cd03b8dc17897c97c9e66d06,purananuru,050,TEXTUAL_CONDITION,SOURCE_EXPLICIT,HAS_TEXTUAL_STATUS,complete,textual_status,yaml:textual_status,,,,,high,machine_checked,corpus/purananuru/poems/050.md,013db71cba67a031ac9b4020401e29c4b66eedc41e2de87885273fbc264e818c
asrt.49804367a666ee5da0affb04,purananuru,051,POET_ATTRIBUTION,SOURCE_EXPLICIT,ATTRIBUTED_TO,ஐயூர் முடவனார்! ஐயூர் கிழார் எனவும் பாடம்,poet_as_printed,yaml:poet_as_printed,,,,,high,machine_checked,corpus/purananuru/poems/051.md,7608ba40a6bcd3b60f625bd61f2efdf1c1748f420c3c24f9276a02ffe7500e73
asrt.26fcbf01ba378c4d8d33c7eb,purananuru,051,PATRON_OR_ADDRESSEE,SOURCE_EXPLICIT,ADDRESSED_TO,பாண்டியன் கூடகாரத்துத் துஞ்சிய மாறன் வழுதி,addressee_as_printed,yaml:addressee_as_printed,,,,,high,machine_checked,corpus/purananuru/poems/051.md,7608ba40a6bcd3b60f625bd61f2efdf1c1748f420c3c24f9276a02ffe7500e73
asrt.62c7ed1c066269a6274c9bec,purananuru,051,TINI_VALUE,SOURCE_EXPLICIT,ASSOCIATED_WITH_TINAI,வாகை,thinai_as_printed,yaml:thinai_as_printed,,,,,high,machine_checked,corpus/purananuru/poems/051.md,7608ba40a6bcd3b60f625bd61f2efdf1c1748f420c3c24f9276a02ffe7500e73
asrt.d1d53053b77037c2250437a6,purananuru,051,TURAI_VALUE,SOURCE_EXPLICIT,ASSOCIATED_WITH_TURAI,அரச வாகை,thurai,yaml:thurai,,,,,high,machine_checked,corpus/purananuru/poems/051.md,7608ba40a6bcd3b60f625bd61f2efdf1c1748f420c3c24f9276a02ffe7500e73
asrt.dbfbcbdce0012c40bd86b2b6,purananuru,051,SOURCE_CONTEXT_NOTE,SOURCE_EXPLICIT,HAS_PRINTED_TITLE,ஈசலும் எதிர்ந்தோரும் !,title_as_printed,yaml:title_as_printed,,,,,high,machine_checked,corpus/purananuru/poems/051.md,7608ba40a6bcd3b60f625bd61f2efdf1c1748f420c3c24f9276a02ffe7500e73
asrt.57f4cba245dd9aedb2c4cb95,purananuru,051,SOURCE_CONTEXT_NOTE,SOURCE_EXPLICIT,HAS_PRINTED_SOURCE_NOTE,"பாடியவர்: ஐயூர் முடவனார்! ஐயூர் கிழார் எனவும் பாடம்.
பாடப்பட்டோன்: பாண்டியன் கூடகாரத்துத் துஞ்சிய மாறன் வழுதி.
திணை: வாகை. துறை; அரச வாகை.
குறிப்பு; 'செம்புற்று ஈயல்போல ஒருபகல் வாழ்க்கைக்கு உலமருவோர்' என்னும் செறிவான
அறவுரையைக் கூறுவது.",source_note,markdown:source-note,,,,,high,machine_checked,corpus/purananuru/poems/051.md,7608ba40a6bcd3b60f625bd61f2efdf1c1748f420c3c24f9276a02ffe7500e73
asrt.3a71e4b778e2a4cc4c966d22,purananuru,051,TEXTUAL_CONDITION,SOURCE_EXPLICIT,HAS_TEXTUAL_STATUS,complete,textual_status,yaml:textual_status,,,,,high,machine_checked,corpus/purananuru/poems/051.md,7608ba40a6bcd3b60f625bd61f2efdf1c1748f420c3c24f9276a02ffe7500e73
asrt.b62c147b194e3bd6bd7ca55b,purananuru,051,WARFARE_MENTION,SOURCE_EXPLICIT,MENTIONS_CANDIDATE,போர்,canonical_body,markdown:canonical-body,5,5,31,35,medium,human_review_required,corpus/purananuru/poems/051.md,7608ba40a6bcd3b60f625bd61f2efdf1c1748f420c3c24f9276a02ffe7500e73
asrt.100c7124aa396a4b01fb278b,purananuru,052,POET_ATTRIBUTION,SOURCE_EXPLICIT,ATTRIBUTED_TO,மருதன் இளநாகனார்; மருதிள நாகனார் என்பதும் பாடம்,poet_as_printed,yaml:poet_as_printed,,,,,high,machine_checked,corpus/purananuru/poems/052.md,0604073b3ba13ac624d41e53dc17388667081624a087a2afd0def4e9c960928d
asrt.8322b80239160308946e9bf4,purananuru,052,PATRON_OR_ADDRESSEE,SOURCE_EXPLICIT,ADDRESSED_TO,பாண்டியன் கூடகாரத்துத் துஞ்சிய மாறன்,addressee_as_printed,yaml:addressee_as_printed,,,,,high,machine_checked,corpus/purananuru/poems/052.md,0604073b3ba13ac624d41e53dc17388667081624a087a2afd0def4e9c960928d
asrt.a6661033d5f08292e80dffb9,purananuru,052,TINI_VALUE,SOURCE_EXPLICIT,ASSOCIATED_WITH_TINAI,வாகை,thinai_as_printed,yaml:thinai_as_printed,,,,,high,machine_checked,corpus/purananuru/poems/052.md,0604073b3ba13ac624d41e53dc17388667081624a087a2afd0def4e9c960928d
asrt.2843ec3cdf6dd0a0b01fb98b,purananuru,052,TURAI_VALUE,SOURCE_EXPLICIT,ASSOCIATED_WITH_TURAI,அரச வாகை,thurai,yaml:thurai,,,,,high,machine_checked,corpus/purananuru/poems/052.md,0604073b3ba13ac624d41e53dc17388667081624a087a2afd0def4e9c960928d
asrt.f7a32f19ac5ab1284510a1bf,purananuru,052,SOURCE_CONTEXT_NOTE,SOURCE_EXPLICIT,HAS_PRINTED_TITLE,ஊன் விரும்பிய புலி !,title_as_printed,yaml:title_as_printed,,,,,high,machine_checked,corpus/purananuru/poems/052.md,0604073b3ba13ac624d41e53dc17388667081624a087a2afd0def4e9c960928d
asrt.38a94346dc3f50a027135674,purananuru,052,SOURCE_CONTEXT_NOTE,SOURCE_EXPLICIT,HAS_PRINTED_SOURCE_NOTE,"பாடியவர்: மருதன் இளநாகனார்; மருதிள நாகனார் என்பதும் பாடம்.
பாடப்பட்டோன்: பாண்டியன் கூடகாரத்துத் துஞ்சிய மாறன்
வழுதி. திணை: வாகை. துறை; அரச வாகை.
குறிப்பு; நாயும் புலியும் என்னும் வல்லாடல் பற்றிய செய்தி.",source_note,markdown:source-note,,,,,high,machine_checked,corpus/purananuru/poems/052.md,0604073b3ba13ac624d41e53dc17388667081624a087a2afd0def4e9c960928d
asrt.3ece84e7a1d6d9224cb2c2c5,purananuru,052,TEXTUAL_CONDITION,SOURCE_EXPLICIT,HAS_TEXTUAL_STATUS,complete,textual_status,yaml:textual_status,,,,,high,machine_checked,corpus/purananuru/poems/052.md,0604073b3ba13ac624d41e53dc17388667081624a087a2afd0def4e9c960928d
asrt.83199ec5ec93d66e90520e8c,purananuru,053,POET_ATTRIBUTION,SOURCE_EXPLICIT,ATTRIBUTED_TO,பொருந்தில் இளங்கீரனார்,poet_as_printed,yaml:poet_as_printed,,,,,high,machine_checked,corpus/purananuru/poems/053.md,1bcb4525819f3d56dabc0023ef59414e6687f6406727ac3b56412e8520aa88a1
asrt.50acb5398a25f63de2194add,purananuru,053,PATRON_OR_ADDRESSEE,SOURCE_EXPLICIT,ADDRESSED_TO,சேரமான் மாந்தரஞ்சேரல் இரும்பொறை,addressee_as_printed,yaml:addressee_as_printed,,,,,high,machine_checked,corpus/purananuru/poems/053.md,1bcb4525819f3d56dabc0023ef59414e6687f6406727ac3b56412e8520aa88a1
asrt.66788ed27a9ffb9daefc5dda,purananuru,053,TINI_VALUE,SOURCE_EXPLICIT,ASSOCIATED_WITH_TINAI,வாகை,thinai_as_printed,yaml:thinai_as_printed,,,,,high,machine_checked,corpus/purananuru/poems/053.md,1bcb4525819f3d56dabc0023ef59414e6687f6406727ac3b56412e8520aa88a1
asrt.db963fa8c28267fe327df265,purananuru,053,TURAI_VALUE,SOURCE_EXPLICIT,ASSOCIATED_WITH_TURAI,அரசவாகை,thurai,yaml:thurai,,,,,high,machine_checked,corpus/purananuru/poems/053.md,1bcb4525819f3d56dabc0023ef59414e6687f6406727ac3b56412e8520aa88a1
asrt.4e2af1478002fc8c61627f53,purananuru,053,SOURCE_CONTEXT_NOTE,SOURCE_EXPLICIT,HAS_PRINTED_TITLE,செந்நாவும் சேரன் புகழும்!,title_as_printed,yaml:title_as_printed,,,,,high,machine_checked,corpus/purananuru/poems/053.md,1bcb4525819f3d56dabc0023ef59414e6687f6406727ac3b56412e8520aa88a1
asrt.2e61412da59d5f36bfc4edff,purananuru,053,SOURCE_CONTEXT_NOTE,SOURCE_EXPLICIT,HAS_PRINTED_SOURCE_NOTE,"பாடியவர்: பொருந்தில் இளங்கீரனார்.
பாடப்பட்டோன்: சேரமான் மாந்தரஞ்சேரல் இரும்பொறை.
திணை: வாகை. துறை: அரசவாகை.
குறிப்பு: கைகோத்து ஆடும் தெற்றி யாட்டம் பற்றிய செய்தி.",source_note,markdown:source-note,,,,,high,machine_checked,corpus/purananuru/poems/053.md,1bcb4525819f3d56dabc0023ef59414e6687f6406727ac3b56412e8520aa88a1
asrt.c95a4ad2bdca8200bfeaa190,purananuru,053,TEXTUAL_CONDITION,SOURCE_EXPLICIT,HAS_TEXTUAL_STATUS,complete,textual_status,yaml:textual_status,,,,,high,machine_checked,corpus/purananuru/poems/053.md,1bcb4525819f3d56dabc0023ef59414e6687f6406727ac3b56412e8520aa88a1
asrt.7664f031d1a65de763210b69,purananuru,054,POET_ATTRIBUTION,SOURCE_EXPLICIT,ATTRIBUTED_TO,கோனாட்டு எறிச்சலூர் மாடலன் மதுரைக் குமரனார்,poet_as_printed,yaml:poet_as_printed,,,,,high,machine_checked,corpus/purananuru/poems/054.md,0c964b889cd25f0db9d75ea781c8f7ebcbb8bd280ca93a4d9c302d9218bc066d
asrt.4a097acf16964f06ee8022d0,purananuru,054,PATRON_OR_ADDRESSEE,SOURCE_EXPLICIT,ADDRESSED_TO,சேரமான் குட்டுவன் கோதை,addressee_as_printed,yaml:addressee_as_printed,,,,,high,machine_checked,corpus/purananuru/poems/054.md,0c964b889cd25f0db9d75ea781c8f7ebcbb8bd280ca93a4d9c302d9218bc066d
asrt.1cce9fb16f72e6d2f89f6663,purananuru,054,TINI_VALUE,SOURCE_EXPLICIT,ASSOCIATED_WITH_TINAI,வாகை,thinai_as_printed,yaml:thinai_as_printed,,,,,high,machine_checked,corpus/purananuru/poems/054.md,0c964b889cd25f0db9d75ea781c8f7ebcbb8bd280ca93a4d9c302d9218bc066d
asrt.9349e23ec23fd54e773dc375,purananuru,054,TURAI_VALUE,SOURCE_EXPLICIT,ASSOCIATED_WITH_TURAI,அரசவாகை,thurai,yaml:thurai,,,,,high,machine_checked,corpus/purananuru/poems/054.md,0c964b889cd25f0db9d75ea781c8f7ebcbb8bd280ca93a4d9c302d9218bc066d
asrt.92b6a15695b8196edc669382,purananuru,054,SOURCE_CONTEXT_NOTE,SOURCE_EXPLICIT,HAS_PRINTED_TITLE,எளிதும் கடிதும்!,title_as_printed,yaml:title_as_printed,,,,,high,machine_checked,corpus/purananuru/poems/054.md,0c964b889cd25f0db9d75ea781c8f7ebcbb8bd280ca93a4d9c302d9218bc066d
asrt.5369b1ef6affb212404ec1fb,purananuru,054,SOURCE_CONTEXT_NOTE,SOURCE_EXPLICIT,HAS_PRINTED_SOURCE_NOTE,"பாடியவர்: கோனாட்டு எறிச்சலூர் மாடலன் மதுரைக் குமரனார்.
பாடப்பட்டோன்: சேரமான் குட்டுவன் கோதை.
திணை: வாகை. துறை : அரசவாகை.",source_note,markdown:source-note,,,,,high,machine_checked,corpus/purananuru/poems/054.md,0c964b889cd25f0db9d75ea781c8f7ebcbb8bd280ca93a4d9c302d9218bc066d
asrt.5fbdd32a8d9a0c9b38ae5dc6,purananuru,054,TEXTUAL_CONDITION,SOURCE_EXPLICIT,HAS_TEXTUAL_STATUS,complete,textual_status,yaml:textual_status,,,,,high,machine_checked,corpus/purananuru/poems/054.md,0c964b889cd25f0db9d75ea781c8f7ebcbb8bd280ca93a4d9c302d9218bc066d
asrt.8ec788755c33719dd31e1e72,purananuru,055,POET_ATTRIBUTION,SOURCE_EXPLICIT,ATTRIBUTED_TO,மதுரை மருதன் இளநாகனார்,poet_as_printed,yaml:poet_as_printed,,,,,high,machine_checked,corpus/purananuru/poems/055.md,7d893a473832fcda1b0148dd1b4b2210479342a3b227ca77c708a97e3d09aaac
asrt.a2c6d587ef603e5c2cc81b88,purananuru,055,PATRON_OR_ADDRESSEE,SOURCE_EXPLICIT,ADDRESSED_TO,பாண்டியன் இலவந்திகைப் பள்ளித் துஞ்சிய நன்மாறன்,addressee_as_printed,yaml:addressee_as_printed,,,,,high,machine_checked,corpus/purananuru/poems/055.md,7d893a473832fcda1b0148dd1b4b2210479342a3b227ca77c708a97e3d09aaac
asrt.94e453c1e81d72ba4daab42f,purananuru,055,TINI_VALUE,SOURCE_EXPLICIT,ASSOCIATED_WITH_TINAI,பாடாண்,thinai_as_printed,yaml:thinai_as_printed,,,,,high,machine_checked,corpus/purananuru/poems/055.md,7d893a473832fcda1b0148dd1b4b2210479342a3b227ca77c708a97e3d09aaac
asrt.62d04cf11d8b8da65b15dfcc,purananuru,055,TURAI_VALUE,SOURCE_EXPLICIT,ASSOCIATED_WITH_TURAI,செவியறிவுறூஉ,thurai,yaml:thurai,,,,,high,machine_checked,corpus/purananuru/poems/055.md,7d893a473832fcda1b0148dd1b4b2210479342a3b227ca77c708a97e3d09aaac
asrt.529b131ec563fcb5cf52d4d3,purananuru,055,SOURCE_CONTEXT_NOTE,SOURCE_EXPLICIT,HAS_PRINTED_SOURCE_NOTE,"பாடியவர்: மதுரை மருதன் இளநாகனார்.
பாடப்பட்டோன்: பாண்டியன் இலவந்திகைப் பள்ளித் துஞ்சிய நன்மாறன்.
திணை: பாடாண். துறை: செவியறிவுறூஉ.",source_note,markdown:source-note,,,,,high,machine_checked,corpus/purananuru/poems/055.md,7d893a473832fcda1b0148dd1b4b2210479342a3b227ca77c708a97e3d09aaac
asrt.538a69b191901cbdbc1f8f97,purananuru,055,SOURCE_CONTEXT_NOTE,SOURCE_EXPLICIT,HAS_PRINTED_TITLE,மூன்று அறங்கள்!,title_as_printed,yaml:title_as_printed,,,,,high,machine_checked,corpus/purananuru/poems/055.md,7d893a473832fcda1b0148dd1b4b2210479342a3b227ca77c708a97e3d09aaac
asrt.15ec60272fd6d1bc7f9dcb69,purananuru,055,TEXTUAL_CONDITION,SOURCE_EXPLICIT,HAS_TEXTUAL_STATUS,complete,textual_status,yaml:textual_status,,,,,high,machine_checked,corpus/purananuru/poems/055.md,7d893a473832fcda1b0148dd1b4b2210479342a3b227ca77c708a97e3d09aaac
asrt.645c30ce7fca52ebd9342ed1,purananuru,056,POET_ATTRIBUTION,SOURCE_EXPLICIT,ATTRIBUTED_TO,மதுரைக் கணக்காயனார் மகனார் நக்கீரனார்; (மதுரை மருதன் இளநாகனார் எனவும் பாடம்),poet_as_printed,yaml:poet_as_printed,,,,,high,machine_checked,corpus/purananuru/poems/056.md,199a92d8f7d23ecf062ff35e8a9d7f3b8c9a55b4c67a171546b33b138f5eecf3
asrt.a8050c0eff791a8fa49ca44d,purananuru,056,PATRON_OR_ADDRESSEE,SOURCE_EXPLICIT,ADDRESSED_TO,பாண்டியன் இலவந்திகைப் பள்ளித் துஞ்சிய நன்மாறன்,addressee_as_printed,yaml:addressee_as_printed,,,,,high,machine_checked,corpus/purananuru/poems/056.md,199a92d8f7d23ecf062ff35e8a9d7f3b8c9a55b4c67a171546b33b138f5eecf3
asrt.cafc8f993e651e5f6c400e0f,purananuru,056,TINI_VALUE,SOURCE_EXPLICIT,ASSOCIATED_WITH_TINAI,பாடாண்,thinai_as_printed,yaml:thinai_as_printed,,,,,high,machine_checked,corpus/purananuru/poems/056.md,199a92d8f7d23ecf062ff35e8a9d7f3b8c9a55b4c67a171546b33b138f5eecf3
asrt.3b40c71a67bcba0d16edcb17,purananuru,056,TURAI_VALUE,SOURCE_EXPLICIT,ASSOCIATED_WITH_TURAI,பூவை நிலை,thurai,yaml:thurai,,,,,high,machine_checked,corpus/purananuru/poems/056.md,199a92d8f7d23ecf062ff35e8a9d7f3b8c9a55b4c67a171546b33b138f5eecf3
asrt.d594ac56036fd28891a17627,purananuru,056,SOURCE_CONTEXT_NOTE,SOURCE_EXPLICIT,HAS_PRINTED_TITLE,கடவுளரும் காவலனும்!,title_as_printed,yaml:title_as_printed,,,,,high,machine_checked,corpus/purananuru/poems/056.md,199a92d8f7d23ecf062ff35e8a9d7f3b8c9a55b4c67a171546b33b138f5eecf3
asrt.89d2c58b5f1dd567f78039e8,purananuru,056,SOURCE_CONTEXT_NOTE,SOURCE_EXPLICIT,HAS_PRINTED_SOURCE_NOTE,"பாடியவர்: மதுரைக் கணக்காயனார் மகனார் நக்கீரனார்; (மதுரை மருதன் இளநாகனார் எனவும் பாடம்).
பாடப்பட்டோன்: பாண்டியன் இலவந்திகைப் பள்ளித் துஞ்சிய நன்மாறன்.
திணை: பாடாண். துறை : பூவை நிலை.",source_note,markdown:source-note,,,,,high,machine_checked,corpus/purananuru/poems/056.md,199a92d8f7d23ecf062ff35e8a9d7f3b8c9a55b4c67a171546b33b138f5eecf3
asrt.946b917586f7c200936c2bd3,purananuru,056,TEXTUAL_CONDITION,SOURCE_EXPLICIT,HAS_TEXTUAL_STATUS,complete,textual_status,yaml:textual_status,,,,,high,machine_checked,corpus/purananuru/poems/056.md,199a92d8f7d23ecf062ff35e8a9d7f3b8c9a55b4c67a171546b33b138f5eecf3
asrt.f5ae77c6aec046d5b9c8a957,purananuru,056,WATER_BODY_MENTION,SOURCE_EXPLICIT,MENTIONS_CANDIDATE,கடல்,canonical_body,markdown:canonical-body,3,3,0,4,medium,human_review_required,corpus/purananuru/poems/056.md,199a92d8f7d23ecf062ff35e8a9d7f3b8c9a55b4c67a171546b33b138f5eecf3
asrt.998b0f9dcef59ea2d1821105,purananuru,057,POET_ATTRIBUTION,SOURCE_EXPLICIT,ATTRIBUTED_TO,காவிரிப்பூம் பட்டினத்துக் காரிக்கண்ணனார்,poet_as_printed,yaml:poet_as_printed,,,,,high,machine_checked,corpus/purananuru/poems/057.md,f33720fb212cb736a01a3aebcbcd7e84381d41ce702ce62c4951206220a4d3b7
asrt.4f7877e0ff7d83a8c03b318e,purananuru,057,TINI_VALUE,SOURCE_EXPLICIT,ASSOCIATED_WITH_TINAI,வஞ்சி,thinai_as_printed,yaml:thinai_as_printed,,,,,high,machine_checked,corpus/purananuru/poems/057.md,f33720fb212cb736a01a3aebcbcd7e84381d41ce702ce62c4951206220a4d3b7
asrt.7ecd9d46599f1f6dae8b12b2,purananuru,057,TURAI_VALUE,SOURCE_EXPLICIT,ASSOCIATED_WITH_TURAI,துணை வஞ்சி,thurai,yaml:thurai,,,,,high,machine_checked,corpus/purananuru/poems/057.md,f33720fb212cb736a01a3aebcbcd7e84381d41ce702ce62c4951206220a4d3b7
asrt.1b3ee5afa790be42aaa3c6c4,purananuru,057,SOURCE_CONTEXT_NOTE,SOURCE_EXPLICIT,HAS_PRINTED_TITLE,காவன்மரமும் கட்டுத்தறியும்!,title_as_printed,yaml:title_as_printed,,,,,high,machine_checked,corpus/purananuru/poems/057.md,f33720fb212cb736a01a3aebcbcd7e84381d41ce702ce62c4951206220a4d3b7
asrt.9dd15385f2fc4bcf3f9f2562,purananuru,057,SOURCE_CONTEXT_NOTE,SOURCE_EXPLICIT,HAS_PRINTED_SOURCE_NOTE,"பாடியவர்: காவிரிப்பூம் பட்டினத்துக் காரிக்கண்ணனார்.
பாடப்பட்டோர்: பாண்டியன் இலவந்திகைப் பள்ளித் துஞ்சிய நன்மாறன்.
திணை: வஞ்சி. துறை : துணை வஞ்சி.",source_note,markdown:source-note,,,,,high,machine_checked,corpus/purananuru/poems/057.md,f33720fb212cb736a01a3aebcbcd7e84381d41ce702ce62c4951206220a4d3b7
asrt.97afd2e9f0a6b0c07e9af4d3,purananuru,057,TEXTUAL_CONDITION,SOURCE_EXPLICIT,HAS_TEXTUAL_STATUS,complete,textual_status,yaml:textual_status,,,,,high,machine_checked,corpus/purananuru/poems/057.md,f33720fb212cb736a01a3aebcbcd7e84381d41ce702ce62c4951206220a4d3b7
asrt.36e225b8efe70663e51c7263,purananuru,058,POET_ATTRIBUTION,SOURCE_EXPLICIT,ATTRIBUTED_TO,காவிரிப்பூம் பட்டினத்துக் காரிக்கண்ணனார்,poet_as_printed,yaml:poet_as_printed,,,,,high,machine_checked,corpus/purananuru/poems/058.md,5f5abf8a5807b31ff4b088796bde57a65fa7bda8011f266ce2a94175e2dd651d
asrt.add1ec842e01b76f9e9b51a6,purananuru,058,TINI_VALUE,SOURCE_EXPLICIT,ASSOCIATED_WITH_TINAI,பாடாண்,thinai_as_printed,yaml:thinai_as_printed,,,,,high,machine_checked,corpus/purananuru/poems/058.md,5f5abf8a5807b31ff4b088796bde57a65fa7bda8011f266ce2a94175e2dd651d
asrt.b89ae806e78336a93d01222b,purananuru,058,TURAI_VALUE,SOURCE_EXPLICIT,ASSOCIATED_WITH_TURAI,உடனிலை,thurai,yaml:thurai,,,,,high,machine_checked,corpus/purananuru/poems/058.md,5f5abf8a5807b31ff4b088796bde57a65fa7bda8011f266ce2a94175e2dd651d
asrt.67cb0adbf8e935c192567d25,purananuru,058,SOURCE_CONTEXT_NOTE,SOURCE_EXPLICIT,HAS_PRINTED_SOURCE_NOTE,"பாடியவர்: காவிரிப்பூம் பட்டினத்துக் காரிக்கண்ணனார்.
பாடப்பட்டோர்: சோழன் குராப்பள்ளித் துஞ்சிய பெருந் திருமா வளவனும்
பாண்டியன் வெள்ளியம் பலத்துத் துஞ்சிய பெரு வழுதியும்.
குறிப்பு: இருவேந்தரும் ஒருங்கிருந்தபோது பாடியது.
திணை: பாடாண். துறை : உடனிலை.",source_note,markdown:source-note,,,,,high,machine_checked,corpus/purananuru/poems/058.md,5f5abf8a5807b31ff4b088796bde57a65fa7bda8011f266ce2a94175e2dd651d
asrt.e7ee09e1c86ce8af410b6310,purananuru,058,SOURCE_CONTEXT_NOTE,SOURCE_EXPLICIT,HAS_PRINTED_TITLE,புலியும் கயலும்!,title_as_printed,yaml:title_as_printed,,,,,high,machine_checked,corpus/purananuru/poems/058.md,5f5abf8a5807b31ff4b088796bde57a65fa7bda8011f266ce2a94175e2dd651d
asrt.c7bd34157e609e9e55784a5d,purananuru,058,TEXTUAL_CONDITION,SOURCE_EXPLICIT,HAS_TEXTUAL_STATUS,complete,textual_status,yaml:textual_status,,,,,high,machine_checked,corpus/purananuru/poems/058.md,5f5abf8a5807b31ff4b088796bde57a65fa7bda8011f266ce2a94175e2dd651d
asrt.202f1254a94b084a21992104,purananuru,059,POET_ATTRIBUTION,SOURCE_EXPLICIT,ATTRIBUTED_TO,மதுரைக் கூலவாணிகன் சீத்தலைச் சாத்தனார்,poet_as_printed,yaml:poet_as_printed,,,,,high,machine_checked,corpus/purananuru/poems/059.md,f02b3fb7c67ea83e575f64c575e14e7908fe9d67ed09b68c89f9f663873f61cd
asrt.ef48fd6ec9b306490871fdf5,purananuru,059,PATRON_OR_ADDRESSEE,SOURCE_EXPLICIT,ADDRESSED_TO,பாண்டியன் சித்திரமாடத்துத் துஞ்சிய நன்மாறன்,addressee_as_printed,yaml:addressee_as_printed,,,,,high,machine_checked,corpus/purananuru/poems/059.md,f02b3fb7c67ea83e575f64c575e14e7908fe9d67ed09b68c89f9f663873f61cd
asrt.eec381d901ca0d804bee277b,purananuru,059,TINI_VALUE,SOURCE_EXPLICIT,ASSOCIATED_WITH_TINAI,பாடாண்,thinai_as_printed,yaml:thinai_as_printed,,,,,high,machine_checked,corpus/purananuru/poems/059.md,f02b3fb7c67ea83e575f64c575e14e7908fe9d67ed09b68c89f9f663873f61cd
asrt.c740faecf50cacaba5822636,purananuru,059,TURAI_VALUE,SOURCE_EXPLICIT,ASSOCIATED_WITH_TURAI,பூவைநிலை,thurai,yaml:thurai,,,,,high,machine_checked,corpus/purananuru/poems/059.md,f02b3fb7c67ea83e575f64c575e14e7908fe9d67ed09b68c89f9f663873f61cd
asrt.3a0d340e06f7b48f318844db,purananuru,059,SOURCE_CONTEXT_NOTE,SOURCE_EXPLICIT,HAS_PRINTED_SOURCE_NOTE,"பாடியவர்: மதுரைக் கூலவாணிகன் சீத்தலைச் சாத்தனார்.
பாடப்பட்டோன்: பாண்டியன் சித்திரமாடத்துத் துஞ்சிய நன்மாறன்.
திணை: பாடாண். துறை : பூவைநிலை.",source_note,markdown:source-note,,,,,high,machine_checked,corpus/purananuru/poems/059.md,f02b3fb7c67ea83e575f64c575e14e7908fe9d67ed09b68c89f9f663873f61cd
asrt.3998b504543061c3ae95977e,purananuru,059,SOURCE_CONTEXT_NOTE,SOURCE_EXPLICIT,HAS_PRINTED_TITLE,பாவலரும் பகைவரும்!,title_as_printed,yaml:title_as_printed,,,,,high,machine_checked,corpus/purananuru/poems/059.md,f02b3fb7c67ea83e575f64c575e14e7908fe9d67ed09b68c89f9f663873f61cd
asrt.30483852c848689dc2a7da2a,purananuru,059,TEXTUAL_CONDITION,SOURCE_EXPLICIT,HAS_TEXTUAL_STATUS,complete,textual_status,yaml:textual_status,,,,,high,machine_checked,corpus/purananuru/poems/059.md,f02b3fb7c67ea83e575f64c575e14e7908fe9d67ed09b68c89f9f663873f61cd
asrt.c4538d3a70caccf2b0b3b2bf,purananuru,060,POET_ATTRIBUTION,SOURCE_EXPLICIT,ATTRIBUTED_TO,உறையூர் மருத்துவன் தாமோதரனார். குடை புறப்பட்டதெனக் இருதித் தொழுதேம் என்று ,poet_as_printed,yaml:poet_as_printed,,,,,high,machine_checked,corpus/purananuru/poems/060.md,7c6f5cfea9c04410f72a3f96ecd4b32d1eaf862eb517355d0a3d8d7e4af00c51
asrt.e61958387350bcc7da58ecf2,purananuru,060,PATRON_OR_ADDRESSEE,SOURCE_EXPLICIT,ADDRESSED_TO,சோழன் குராப்பள்ளித் துஞ்சிய பெருந் திருமா வளவன்,addressee_as_printed,yaml:addressee_as_printed,,,,,high,machine_checked,corpus/purananuru/poems/060.md,7c6f5cfea9c04410f72a3f96ecd4b32d1eaf862eb517355d0a3d8d7e4af00c51
asrt.ec60e2a8e865808d4b85600a,purananuru,060,TINI_VALUE,SOURCE_EXPLICIT,ASSOCIATED_WITH_TINAI,பாடாண்,thinai_as_printed,yaml:thinai_as_printed,,,,,high,machine_checked,corpus/purananuru/poems/060.md,7c6f5cfea9c04410f72a3f96ecd4b32d1eaf862eb517355d0a3d8d7e4af00c51
asrt.8898a4672002fce8912d3fc8,purananuru,060,TURAI_VALUE,SOURCE_EXPLICIT,ASSOCIATED_WITH_TURAI,குடை மங்கலம்,thurai,yaml:thurai,,,,,high,machine_checked,corpus/purananuru/poems/060.md,7c6f5cfea9c04410f72a3f96ecd4b32d1eaf862eb517355d0a3d8d7e4af00c51
asrt.40afbd31d54530fa58041c2c,purananuru,060,SOURCE_CONTEXT_NOTE,SOURCE_EXPLICIT,HAS_PRINTED_SOURCE_NOTE,"பாடியவர்: உறையூர் மருத்துவன் தாமோதரனார். குடை புறப்பட்டதெனக் இருதித் தொழுதேம் என்று .
பாடப்பட்டோன்: சோழன் குராப்பள்ளித் துஞ்சிய பெருந் திருமா வளவன்.
திணை: பாடாண். துறை : குடை மங்கலம்.",source_note,markdown:source-note,,,,,high,machine_checked,corpus/purananuru/poems/060.md,7c6f5cfea9c04410f72a3f96ecd4b32d1eaf862eb517355d0a3d8d7e4af00c51
asrt.b1790d17d2beed05cdc36782,purananuru,060,SOURCE_CONTEXT_NOTE,SOURCE_EXPLICIT,HAS_PRINTED_TITLE,மதியும் குடையும்!,title_as_printed,yaml:title_as_printed,,,,,high,machine_checked,corpus/purananuru/poems/060.md,7c6f5cfea9c04410f72a3f96ecd4b32d1eaf862eb517355d0a3d8d7e4af00c51
asrt.ed2a9f6e260892ed21281b69,purananuru,060,TEXTUAL_CONDITION,SOURCE_EXPLICIT,HAS_TEXTUAL_STATUS,complete,textual_status,yaml:textual_status,,,,,high,machine_checked,corpus/purananuru/poems/060.md,7c6f5cfea9c04410f72a3f96ecd4b32d1eaf862eb517355d0a3d8d7e4af00c51
asrt.e6c48ce79f69732340c03640,purananuru,061,POET_ATTRIBUTION,SOURCE_EXPLICIT,ATTRIBUTED_TO,கோனாட்டு எறிச்சிலுர் மாடலன் மதுரைக் குமரனார்,poet_as_printed,yaml:poet_as_printed,,,,,high,machine_checked,corpus/purananuru/poems/061.md,5ddf2dc05e8b320a6149aabf672f9dbf2532c6fc36ed94a7f9afec36c3798b5e
asrt.142bb8aa8a29753749a14070,purananuru,061,PATRON_OR_ADDRESSEE,SOURCE_EXPLICIT,ADDRESSED_TO,சோழன் இலவந்திகைப் பள்ளித் துஞ்சிய,addressee_as_printed,yaml:addressee_as_printed,,,,,high,machine_checked,corpus/purananuru/poems/061.md,5ddf2dc05e8b320a6149aabf672f9dbf2532c6fc36ed94a7f9afec36c3798b5e
asrt.b726e698cb5c16ffaca0465b,purananuru,061,TINI_VALUE,SOURCE_EXPLICIT,ASSOCIATED_WITH_TINAI,வாகை,thinai_as_printed,yaml:thinai_as_printed,,,,,high,machine_checked,corpus/purananuru/poems/061.md,5ddf2dc05e8b320a6149aabf672f9dbf2532c6fc36ed94a7f9afec36c3798b5e
asrt.19c9b7c0d63f7962de7d0166,purananuru,061,TURAI_VALUE,SOURCE_EXPLICIT,ASSOCIATED_WITH_TURAI,அரச வாகை,thurai,yaml:thurai,,,,,high,machine_checked,corpus/purananuru/poems/061.md,5ddf2dc05e8b320a6149aabf672f9dbf2532c6fc36ed94a7f9afec36c3798b5e
asrt.fb1f147aae05420c5378b179,purananuru,061,SOURCE_CONTEXT_NOTE,SOURCE_EXPLICIT,HAS_PRINTED_SOURCE_NOTE,"பாடியவர்: கோனாட்டு எறிச்சிலுர் மாடலன் மதுரைக் குமரனார்.
பாடப்பட்டோன்: சோழன் இலவந்திகைப் பள்ளித் துஞ்சிய
நலங்கிள்ளி சேட்சென்னி. திணை; வாகை. துறை; அரச வாகை.",source_note,markdown:source-note,,,,,high,machine_checked,corpus/purananuru/poems/061.md,5ddf2dc05e8b320a6149aabf672f9dbf2532c6fc36ed94a7f9afec36c3798b5e
asrt.280f97e7918d4adef58157be,purananuru,061,SOURCE_CONTEXT_NOTE,SOURCE_EXPLICIT,HAS_PRINTED_TITLE,மலைந்தோரும் பணிந்தோரும்!,title_as_printed,yaml:title_as_printed,,,,,high,machine_checked,corpus/purananuru/poems/061.md,5ddf2dc05e8b320a6149aabf672f9dbf2532c6fc36ed94a7f9afec36c3798b5e
asrt.5f4f1b97f2fd183cb5d42269,purananuru,061,TEXTUAL_CONDITION,SOURCE_EXPLICIT,HAS_TEXTUAL_STATUS,complete,textual_status,yaml:textual_status,,,,,high,machine_checked,corpus/purananuru/poems/061.md,5ddf2dc05e8b320a6149aabf672f9dbf2532c6fc36ed94a7f9afec36c3798b5e
asrt.6510585a782f08489719616d,purananuru,062,POET_ATTRIBUTION,SOURCE_EXPLICIT,ATTRIBUTED_TO,கழாத் தலையார்,poet_as_printed,yaml:poet_as_printed,,,,,high,machine_checked,corpus/purananuru/poems/062.md,20b0a98b80019c878e265a296bf82ba334df24377721f987752cb291a84978df
asrt.055d6c442496a96fee040745,purananuru,062,PATRON_OR_ADDRESSEE,SOURCE_EXPLICIT,ADDRESSED_TO,சேரமான் குடக்கோ நெடுஞ்சேரலாதன்; சோழன் வேற்ப·றடக் கைப் பெருவிறற் கிள்ளி,addressee_as_printed,yaml:addressee_as_printed,,,,,high,machine_checked,corpus/purananuru/poems/062.md,20b0a98b80019c878e265a296bf82ba334df24377721f987752cb291a84978df
asrt.9979823d6e6f5f88ff073c48,purananuru,062,TINI_VALUE,SOURCE_EXPLICIT,ASSOCIATED_WITH_TINAI,தும்பை,thinai_as_printed,yaml:thinai_as_printed,,,,,high,machine_checked,corpus/purananuru/poems/062.md,20b0a98b80019c878e265a296bf82ba334df24377721f987752cb291a84978df
asrt.78e69dbdbf296e92d06ed30a,purananuru,062,TURAI_VALUE,SOURCE_EXPLICIT,ASSOCIATED_WITH_TURAI,தொகை நிலை,thurai,yaml:thurai,,,,,high,machine_checked,corpus/purananuru/poems/062.md,20b0a98b80019c878e265a296bf82ba334df24377721f987752cb291a84978df
asrt.cf60f82ec98ebe35ed4e11d3,purananuru,062,SOURCE_CONTEXT_NOTE,SOURCE_EXPLICIT,HAS_PRINTED_SOURCE_NOTE,"பாடியவர்: கழாத் தலையார்.
பாடப்பட்டோன்: சேரமான் குடக்கோ நெடுஞ்சேரலாதன்; சோழன் வேற்ப·றடக் கைப் பெருவிறற் கிள்ளி.
குறிப்பு: போர்ப்புறத்துப் பொருது இவர் வீழ்ந்த காலைப் பாடியது.
திணை: தும்பை. துறை : தொகை நிலை.",source_note,markdown:source-note,,,,,high,machine_checked,corpus/purananuru/poems/062.md,20b0a98b80019c878e265a296bf82ba334df24377721f987752cb291a84978df
asrt.40821dc6a7e803810df7b033,purananuru,062,SOURCE_CONTEXT_NOTE,SOURCE_EXPLICIT,HAS_PRINTED_TITLE,போரும் சீரும்!,title_as_printed,yaml:title_as_printed,,,,,high,machine_checked,corpus/purananuru/poems/062.md,20b0a98b80019c878e265a296bf82ba334df24377721f987752cb291a84978df
asrt.16aabf7db020bdc431619a30,purananuru,062,TEXTUAL_CONDITION,SOURCE_EXPLICIT,HAS_TEXTUAL_STATUS,complete,textual_status,yaml:textual_status,,,,,high,machine_checked,corpus/purananuru/poems/062.md,20b0a98b80019c878e265a296bf82ba334df24377721f987752cb291a84978df
asrt.7a0314f60d2fa98ce4849555,purananuru,062,WARFARE_MENTION,SOURCE_EXPLICIT,MENTIONS_CANDIDATE,முரசு,canonical_body,markdown:canonical-body,9,9,18,23,medium,human_review_required,corpus/purananuru/poems/062.md,20b0a98b80019c878e265a296bf82ba334df24377721f987752cb291a84978df
asrt.d2235a73eaf27c0e42afeb44,purananuru,063,POET_ATTRIBUTION,SOURCE_EXPLICIT,ATTRIBUTED_TO,பரணர்,poet_as_printed,yaml:poet_as_printed,,,,,high,machine_checked,corpus/purananuru/poems/063.md,cdb3b9edf370c8457b3aaf7e2c1f07d37c6a5cb841b994e2bec7f6b57f829b15
asrt.efdf40f1dec2b0a357b78f22,purananuru,063,PATRON_OR_ADDRESSEE,SOURCE_EXPLICIT,ADDRESSED_TO,சோழன் வேற்ப·றடக்கைப் பெருவிறற் கிள்ளி; சேரமான் குடக்கோ நெடுஞ்சேரலாதன்,addressee_as_printed,yaml:addressee_as_printed,,,,,high,machine_checked,corpus/purananuru/poems/063.md,cdb3b9edf370c8457b3aaf7e2c1f07d37c6a5cb841b994e2bec7f6b57f829b15
asrt.52903f23b61a23fe4d9b428b,purananuru,063,TINI_VALUE,SOURCE_EXPLICIT,ASSOCIATED_WITH_TINAI,தும்பை,thinai_as_printed,yaml:thinai_as_printed,,,,,high,machine_checked,corpus/purananuru/poems/063.md,cdb3b9edf370c8457b3aaf7e2c1f07d37c6a5cb841b994e2bec7f6b57f829b15
asrt.b921fe14cede8135a5fb017a,purananuru,063,TURAI_VALUE,SOURCE_EXPLICIT,ASSOCIATED_WITH_TURAI,தொகை நிலை,thurai,yaml:thurai,,,,,high,machine_checked,corpus/purananuru/poems/063.md,cdb3b9edf370c8457b3aaf7e2c1f07d37c6a5cb841b994e2bec7f6b57f829b15
asrt.8b145f9cbd09ee5499a56505,purananuru,063,SOURCE_CONTEXT_NOTE,SOURCE_EXPLICIT,HAS_PRINTED_TITLE,என்னாவது கொல்?,title_as_printed,yaml:title_as_printed,,,,,high,machine_checked,corpus/purananuru/poems/063.md,cdb3b9edf370c8457b3aaf7e2c1f07d37c6a5cb841b994e2bec7f6b57f829b15
asrt.0dceac18ed3b504d471e84f0,purananuru,063,SOURCE_CONTEXT_NOTE,SOURCE_EXPLICIT,HAS_PRINTED_SOURCE_NOTE,"பாடியவர்: பரணர்.
பாடப்பட்டோன்: சோழன் வேற்ப·றடக்கைப் பெருவிறற் கிள்ளி; சேரமான் குடக்கோ நெடுஞ்சேரலாதன்.
குறிப்பு: இருவரும் பொருது களத்தில் வீழ்ந்த போது பாடியது.
திணை: தும்பை. துறை : தொகை நிலை.",source_note,markdown:source-note,,,,,high,machine_checked,corpus/purananuru/poems/063.md,cdb3b9edf370c8457b3aaf7e2c1f07d37c6a5cb841b994e2bec7f6b57f829b15
asrt.aa4bb5f41e15bf67209d0e58,purananuru,063,TEXTUAL_CONDITION,SOURCE_EXPLICIT,HAS_TEXTUAL_STATUS,complete,textual_status,yaml:textual_status,,,,,high,machine_checked,corpus/purananuru/poems/063.md,cdb3b9edf370c8457b3aaf7e2c1f07d37c6a5cb841b994e2bec7f6b57f829b15
asrt.02cbb0e4785f414798b4633b,purananuru,064,POET_ATTRIBUTION,SOURCE_EXPLICIT,ATTRIBUTED_TO,நெடும்பல்லியத்தனார்,poet_as_printed,yaml:poet_as_printed,,,,,high,machine_checked,corpus/purananuru/poems/064.md,f3a9363fa2825db050c1b86a6b866bbd608ef19827411103406d66646ddf2134
asrt.5159c13feb1dbf5df64ef280,purananuru,064,PATRON_OR_ADDRESSEE,SOURCE_EXPLICIT,ADDRESSED_TO,பாண்டியன் பல்யாகசாலை முதுகுடுமிப் பெருவழுதி,addressee_as_printed,yaml:addressee_as_printed,,,,,high,machine_checked,corpus/purananuru/poems/064.md,f3a9363fa2825db050c1b86a6b866bbd608ef19827411103406d66646ddf2134
asrt.98d2a47c89809deaed8cb235,purananuru,064,TINI_VALUE,SOURCE_EXPLICIT,ASSOCIATED_WITH_TINAI,பாடாண்,thinai_as_printed,yaml:thinai_as_printed,,,,,high,machine_checked,corpus/purananuru/poems/064.md,f3a9363fa2825db050c1b86a6b866bbd608ef19827411103406d66646ddf2134
asrt.1b02541e49e27ed58d7bc1fc,purananuru,064,TURAI_VALUE,SOURCE_EXPLICIT,ASSOCIATED_WITH_TURAI,விறலியாற்றுப்படை,thurai,yaml:thurai,,,,,high,machine_checked,corpus/purananuru/poems/064.md,f3a9363fa2825db050c1b86a6b866bbd608ef19827411103406d66646ddf2134
asrt.702fad301cb6e4158833d485,purananuru,064,SOURCE_CONTEXT_NOTE,SOURCE_EXPLICIT,HAS_PRINTED_SOURCE_NOTE,"பாடியவர்: நெடும்பல்லியத்தனார்.
பாடப்பட்டோன்: பாண்டியன் பல்யாகசாலை முதுகுடுமிப் பெருவழுதி.
திணை: பாடாண். துறை : விறலியாற்றுப்படை.",source_note,markdown:source-note,,,,,high,machine_checked,corpus/purananuru/poems/064.md,f3a9363fa2825db050c1b86a6b866bbd608ef19827411103406d66646ddf2134
asrt.100d284c19d152c58119c189,purananuru,064,SOURCE_CONTEXT_NOTE,SOURCE_EXPLICIT,HAS_PRINTED_TITLE,புற்கை நீத்து வரலாம்!,title_as_printed,yaml:title_as_printed,,,,,high,machine_checked,corpus/purananuru/poems/064.md,f3a9363fa2825db050c1b86a6b866bbd608ef19827411103406d66646ddf2134
asrt.9d06fe0a793dfdbf34fe3197,purananuru,064,TEXTUAL_CONDITION,SOURCE_EXPLICIT,HAS_TEXTUAL_STATUS,complete,textual_status,yaml:textual_status,,,,,high,machine_checked,corpus/purananuru/poems/064.md,f3a9363fa2825db050c1b86a6b866bbd608ef19827411103406d66646ddf2134
asrt.87b21b57a8925d950e3fcf37,purananuru,064,FAUNA_MENTION,SOURCE_EXPLICIT,MENTIONS_CANDIDATE,யானை,canonical_body,markdown:canonical-body,8,8,7,11,medium,human_review_required,corpus/purananuru/poems/064.md,f3a9363fa2825db050c1b86a6b866bbd608ef19827411103406d66646ddf2134
asrt.03a57af4b530dcf03bb96501,purananuru,065,POET_ATTRIBUTION,SOURCE_EXPLICIT,ATTRIBUTED_TO,கழாஅத் தலையார்,poet_as_printed,yaml:poet_as_printed,,,,,high,machine_checked,corpus/purananuru/poems/065.md,0ac32203256085eaaf5a0f500838b1281258ad0fe14e488d1bc6543146e9694e
asrt.49c9c0224f365e75b574400d,purananuru,065,PATRON_OR_ADDRESSEE,SOURCE_EXPLICIT,ADDRESSED_TO,சேரமான் பெருஞ்சேரலாதன்; இவன் கரிகாற் பெருவளத்தானோடு பொருது,addressee_as_printed,yaml:addressee_as_printed,,,,,high,machine_checked,corpus/purananuru/poems/065.md,0ac32203256085eaaf5a0f500838b1281258ad0fe14e488d1bc6543146e9694e
asrt.5bccfe652c34d4e247ccf5bf,purananuru,065,TINI_VALUE,SOURCE_EXPLICIT,ASSOCIATED_WITH_TINAI,பொதுவியல்,thinai_as_printed,yaml:thinai_as_printed,,,,,high,machine_checked,corpus/purananuru/poems/065.md,0ac32203256085eaaf5a0f500838b1281258ad0fe14e488d1bc6543146e9694e
asrt.c433a70cd6bea20fc46748cb,purananuru,065,TURAI_VALUE,SOURCE_EXPLICIT,ASSOCIATED_WITH_TURAI,கையறுநிலை,thurai,yaml:thurai,,,,,high,machine_checked,corpus/purananuru/poems/065.md,0ac32203256085eaaf5a0f500838b1281258ad0fe14e488d1bc6543146e9694e
asrt.a03a6b341fa9aaa4c42dca26,purananuru,065,SOURCE_CONTEXT_NOTE,SOURCE_EXPLICIT,HAS_PRINTED_TITLE,நாணமும் பாசமும்!,title_as_printed,yaml:title_as_printed,,,,,high,machine_checked,corpus/purananuru/poems/065.md,0ac32203256085eaaf5a0f500838b1281258ad0fe14e488d1bc6543146e9694e
asrt.6ef0b3c60725015abdf16203,purananuru,065,SOURCE_CONTEXT_NOTE,SOURCE_EXPLICIT,HAS_PRINTED_SOURCE_NOTE,"பாடியவர்: கழாஅத் தலையார்.
பாடப்பட்டோன்: சேரமான் பெருஞ்சேரலாதன்; இவன் கரிகாற் பெருவளத்தானோடு பொருது
புறப்புண்பட்டு, வடக்கிருந்தபோது பாடியது.
திணை: பொதுவியல். துறை : கையறுநிலை.
சிறப்பு: புறப்புண்பட்டோர் நாணி வடக்கிருந்து உயிர்விடும் மரபு.",source_note,markdown:source-note,,,,,high,machine_checked,corpus/purananuru/poems/065.md,0ac32203256085eaaf5a0f500838b1281258ad0fe14e488d1bc6543146e9694e
asrt.b35254ed44912605392aea39,purananuru,065,TEXTUAL_CONDITION,SOURCE_EXPLICIT,HAS_TEXTUAL_STATUS,complete,textual_status,yaml:textual_status,,,,,high,machine_checked,corpus/purananuru/poems/065.md,0ac32203256085eaaf5a0f500838b1281258ad0fe14e488d1bc6543146e9694e
asrt.39d9cb1a39424f5799675c3b,purananuru,065,OCCUPATION_MENTION,SOURCE_EXPLICIT,MENTIONS_CANDIDATE,உழவர்,canonical_body,markdown:canonical-body,4,4,0,5,medium,human_review_required,corpus/purananuru/poems/065.md,0ac32203256085eaaf5a0f500838b1281258ad0fe14e488d1bc6543146e9694e
asrt.7d372163d6ba7d28538ecf68,purananuru,065,WARFARE_MENTION,SOURCE_EXPLICIT,MENTIONS_CANDIDATE,வாள்,canonical_body,markdown:canonical-body,11,11,0,4,medium,human_review_required,corpus/purananuru/poems/065.md,0ac32203256085eaaf5a0f500838b1281258ad0fe14e488d1bc6543146e9694e
asrt.7397cb5e82a00550aa211ffb,purananuru,065,POLITICAL_RELATION,SOURCE_EXPLICIT,MENTIONS_CANDIDATE,வேந்தன்,canonical_body,markdown:canonical-body,9,9,8,15,medium,human_review_required,corpus/purananuru/poems/065.md,0ac32203256085eaaf5a0f500838b1281258ad0fe14e488d1bc6543146e9694e
asrt.0df5611e74702098d5b96b49,purananuru,065,POLITICAL_RELATION,SOURCE_EXPLICIT,MENTIONS_CANDIDATE,மன்னன்,canonical_body,markdown:canonical-body,10,10,24,30,medium,human_review_required,corpus/purananuru/poems/065.md,0ac32203256085eaaf5a0f500838b1281258ad0fe14e488d1bc6543146e9694e
asrt.877a1916afe57f0cc8881bae,purananuru,065,MUSIC_OR_PERFORMANCE,SOURCE_EXPLICIT,MENTIONS_CANDIDATE,யாழ்,canonical_body,markdown:canonical-body,1,1,21,25,medium,human_review_required,corpus/purananuru/poems/065.md,0ac32203256085eaaf5a0f500838b1281258ad0fe14e488d1bc6543146e9694e
asrt.287d9f056e88940fc1408803,purananuru,066,POET_ATTRIBUTION,SOURCE_EXPLICIT,ATTRIBUTED_TO,வெண்ணிக் குயத்தியார்: வெண்ணிற் குயத்தியார் எனவும் பாடம்,poet_as_printed,yaml:poet_as_printed,,,,,high,machine_checked,corpus/purananuru/poems/066.md,47050a813e2d4864fa7e743217319b3512174b94ae52963c6f4ba61b681c580c
asrt.0a1f06cd0cdee1a08a2235f5,purananuru,066,PATRON_OR_ADDRESSEE,SOURCE_EXPLICIT,ADDRESSED_TO,சோழன் கரிகாற் பெருவளத்தான்,addressee_as_printed,yaml:addressee_as_printed,,,,,high,machine_checked,corpus/purananuru/poems/066.md,47050a813e2d4864fa7e743217319b3512174b94ae52963c6f4ba61b681c580c
asrt.fe407a6e8815533ffb3a4ecc,purananuru,066,TINI_VALUE,SOURCE_EXPLICIT,ASSOCIATED_WITH_TINAI,வாகை,thinai_as_printed,yaml:thinai_as_printed,,,,,high,machine_checked,corpus/purananuru/poems/066.md,47050a813e2d4864fa7e743217319b3512174b94ae52963c6f4ba61b681c580c
asrt.cf8f9d4ab2ca6861ad96f503,purananuru,066,TURAI_VALUE,SOURCE_EXPLICIT,ASSOCIATED_WITH_TURAI,அரச வாகை,thurai,yaml:thurai,,,,,high,machine_checked,corpus/purananuru/poems/066.md,47050a813e2d4864fa7e743217319b3512174b94ae52963c6f4ba61b681c580c
asrt.016c1e1f2ffb458d8d250ff1,purananuru,066,SOURCE_CONTEXT_NOTE,SOURCE_EXPLICIT,HAS_PRINTED_TITLE,நல்லவனோ அவன்!,title_as_printed,yaml:title_as_printed,,,,,high,machine_checked,corpus/purananuru/poems/066.md,47050a813e2d4864fa7e743217319b3512174b94ae52963c6f4ba61b681c580c
asrt.30098934f9b6512b3b43d50b,purananuru,066,SOURCE_CONTEXT_NOTE,SOURCE_EXPLICIT,HAS_PRINTED_SOURCE_NOTE,"பாடியவர்: வெண்ணிக் குயத்தியார்: வெண்ணிற் குயத்தியார் எனவும் பாடம்.
பாடப்பட்டோன்: சோழன் கரிகாற் பெருவளத்தான்.
திணை: வாகை. துறை : அரச வாகை.",source_note,markdown:source-note,,,,,high,machine_checked,corpus/purananuru/poems/066.md,47050a813e2d4864fa7e743217319b3512174b94ae52963c6f4ba61b681c580c
asrt.3e870ee128f1c0db5d03630e,purananuru,066,TEXTUAL_CONDITION,SOURCE_EXPLICIT,HAS_TEXTUAL_STATUS,complete,textual_status,yaml:textual_status,,,,,high,machine_checked,corpus/purananuru/poems/066.md,47050a813e2d4864fa7e743217319b3512174b94ae52963c6f4ba61b681c580c
asrt.075332078b1a50eb22a5a22c,purananuru,067,POET_ATTRIBUTION,SOURCE_EXPLICIT,ATTRIBUTED_TO,பிசிராந்தையார்,poet_as_printed,yaml:poet_as_printed,,,,,high,machine_checked,corpus/purananuru/poems/067.md,cdf6a9c4774d5b4d908c667b7bf6452648b2d0450b70f23ab15332dfac3a0db2
asrt.2fe3c714b79c636a63127e65,purananuru,067,PATRON_OR_ADDRESSEE,SOURCE_EXPLICIT,ADDRESSED_TO,"கோப்பெருஞ் சோழன்,",addressee_as_printed,yaml:addressee_as_printed,,,,,high,machine_checked,corpus/purananuru/poems/067.md,cdf6a9c4774d5b4d908c667b7bf6452648b2d0450b70f23ab15332dfac3a0db2
asrt.4bc1277b7a2af9709c57a651,purananuru,067,TINI_VALUE,SOURCE_EXPLICIT,ASSOCIATED_WITH_TINAI,பாடாண்,thinai_as_printed,yaml:thinai_as_printed,,,,,high,machine_checked,corpus/purananuru/poems/067.md,cdf6a9c4774d5b4d908c667b7bf6452648b2d0450b70f23ab15332dfac3a0db2
asrt.edfde5611d054bccc941cac5,purananuru,067,TURAI_VALUE,SOURCE_EXPLICIT,ASSOCIATED_WITH_TURAI,இயன்மொழி,thurai,yaml:thurai,,,,,high,machine_checked,corpus/purananuru/poems/067.md,cdf6a9c4774d5b4d908c667b7bf6452648b2d0450b70f23ab15332dfac3a0db2
asrt.68ce79a633773f77f3cfd659,purananuru,067,SOURCE_CONTEXT_NOTE,SOURCE_EXPLICIT,HAS_PRINTED_TITLE,அன்னச் சேவலே!,title_as_printed,yaml:title_as_printed,,,,,high,machine_checked,corpus/purananuru/poems/067.md,cdf6a9c4774d5b4d908c667b7bf6452648b2d0450b70f23ab15332dfac3a0db2
asrt.611df07f35e45478a0ba53c5,purananuru,067,SOURCE_CONTEXT_NOTE,SOURCE_EXPLICIT,HAS_PRINTED_SOURCE_NOTE,"பாடியவர்: பிசிராந்தையார்.
பாடப்பட்டோன்: கோப்பெருஞ் சோழன்,
திணை: பாடாண். துறை: இயன்மொழி.",source_note,markdown:source-note,,,,,high,machine_checked,corpus/purananuru/poems/067.md,cdf6a9c4774d5b4d908c667b7bf6452648b2d0450b70f23ab15332dfac3a0db2
asrt.85d5c4b486443bdba4b61435,purananuru,067,TEXTUAL_CONDITION,SOURCE_EXPLICIT,HAS_TEXTUAL_STATUS,complete,textual_status,yaml:textual_status,,,,,high,machine_checked,corpus/purananuru/poems/067.md,cdf6a9c4774d5b4d908c667b7bf6452648b2d0450b70f23ab15332dfac3a0db2
asrt.18c5d3891b649e01850abd04,purananuru,068,POET_ATTRIBUTION,SOURCE_EXPLICIT,ATTRIBUTED_TO,கோவூர் கிழார். பாடப்பட்டோன்; சோழன் நலங்கிள்ளி,poet_as_printed,yaml:poet_as_printed,,,,,high,machine_checked,corpus/purananuru/poems/068.md,b1604c5096967c2fa6c1f5fb95e59396239dda6c28a260dea97ddbff3c3f07ef
asrt.bc7ed5135525697829f56102,purananuru,068,TINI_VALUE,SOURCE_EXPLICIT,ASSOCIATED_WITH_TINAI,பாடாண்,thinai_as_printed,yaml:thinai_as_printed,,,,,high,machine_checked,corpus/purananuru/poems/068.md,b1604c5096967c2fa6c1f5fb95e59396239dda6c28a260dea97ddbff3c3f07ef
asrt.cfb3d9db7a86f81152e93795,purananuru,068,TURAI_VALUE,SOURCE_EXPLICIT,ASSOCIATED_WITH_TURAI,பாணாற்றுப்படை,thurai,yaml:thurai,,,,,high,machine_checked,corpus/purananuru/poems/068.md,b1604c5096967c2fa6c1f5fb95e59396239dda6c28a260dea97ddbff3c3f07ef
asrt.8b2e8a6a0680b35651534f0c,purananuru,068,SOURCE_CONTEXT_NOTE,SOURCE_EXPLICIT,HAS_PRINTED_SOURCE_NOTE,"பாடியவர்: கோவூர் கிழார். பாடப்பட்டோன்; சோழன் நலங்கிள்ளி.
திணை: பாடாண். துறை: பாணாற்றுப்படை.",source_note,markdown:source-note,,,,,high,machine_checked,corpus/purananuru/poems/068.md,b1604c5096967c2fa6c1f5fb95e59396239dda6c28a260dea97ddbff3c3f07ef
asrt.36c94792d826733157281893,purananuru,068,SOURCE_CONTEXT_NOTE,SOURCE_EXPLICIT,HAS_PRINTED_TITLE,மறவரும் மறக்களிரும்!,title_as_printed,yaml:title_as_printed,,,,,high,machine_checked,corpus/purananuru/poems/068.md,b1604c5096967c2fa6c1f5fb95e59396239dda6c28a260dea97ddbff3c3f07ef
asrt.87921aa4c21471a8b9d7a1d7,purananuru,068,TEXTUAL_CONDITION,SOURCE_EXPLICIT,HAS_TEXTUAL_STATUS,complete,textual_status,yaml:textual_status,,,,,high,machine_checked,corpus/purananuru/poems/068.md,b1604c5096967c2fa6c1f5fb95e59396239dda6c28a260dea97ddbff3c3f07ef
asrt.6200f27d3bfcab09b15b2459,purananuru,068,COMMUNITY_MENTION,SOURCE_EXPLICIT,MENTIONS_CANDIDATE,மறவர்,canonical_body,markdown:canonical-body,13,13,7,12,medium,human_review_required,corpus/purananuru/poems/068.md,b1604c5096967c2fa6c1f5fb95e59396239dda6c28a260dea97ddbff3c3f07ef
asrt.99d7c44a91182266285f9124,purananuru,068,FAUNA_MENTION,SOURCE_EXPLICIT,MENTIONS_CANDIDATE,யானை,canonical_body,markdown:canonical-body,16,16,24,28,medium,human_review_required,corpus/purananuru/poems/068.md,b1604c5096967c2fa6c1f5fb95e59396239dda6c28a260dea97ddbff3c3f07ef
asrt.34c5ab4bf1815778284bf055,purananuru,069,POET_ATTRIBUTION,SOURCE_EXPLICIT,ATTRIBUTED_TO,ஆலந்தூர் கிழார்,poet_as_printed,yaml:poet_as_printed,,,,,high,machine_checked,corpus/purananuru/poems/069.md,8349296b2cffe64c3642339052a16063f33b6e4b27344968cf2a7506c46c2397
asrt.24c93d746246a2cbb723acd9,purananuru,069,PATRON_OR_ADDRESSEE,SOURCE_EXPLICIT,ADDRESSED_TO,சோழன் குளமுற்றத்துத் துஞ்சிய கிள்ளி வளவன்,addressee_as_printed,yaml:addressee_as_printed,,,,,high,machine_checked,corpus/purananuru/poems/069.md,8349296b2cffe64c3642339052a16063f33b6e4b27344968cf2a7506c46c2397
asrt.830caff943934301580ca760,purananuru,069,TINI_VALUE,SOURCE_EXPLICIT,ASSOCIATED_WITH_TINAI,பாடாண்,thinai_as_printed,yaml:thinai_as_printed,,,,,high,machine_checked,corpus/purananuru/poems/069.md,8349296b2cffe64c3642339052a16063f33b6e4b27344968cf2a7506c46c2397
asrt.d9587112242ef938e43dc581,purananuru,069,TURAI_VALUE,SOURCE_EXPLICIT,ASSOCIATED_WITH_TURAI,பாணாற்றுப்படை,thurai,yaml:thurai,,,,,high,machine_checked,corpus/purananuru/poems/069.md,8349296b2cffe64c3642339052a16063f33b6e4b27344968cf2a7506c46c2397
asrt.b5c23ccc402829846b7f77c0,purananuru,069,SOURCE_CONTEXT_NOTE,SOURCE_EXPLICIT,HAS_PRINTED_TITLE,காலமும் வேண்டாம்!,title_as_printed,yaml:title_as_printed,,,,,high,machine_checked,corpus/purananuru/poems/069.md,8349296b2cffe64c3642339052a16063f33b6e4b27344968cf2a7506c46c2397
asrt.725987df549c775ce5eecc5a,purananuru,069,SOURCE_CONTEXT_NOTE,SOURCE_EXPLICIT,HAS_PRINTED_SOURCE_NOTE,"பாடியவர்: ஆலந்தூர் கிழார்.
பாடப்பட்டோன்: சோழன் குளமுற்றத்துத் துஞ்சிய கிள்ளி வளவன்.
திணை:பாடாண். துறை: பாணாற்றுப்படை.",source_note,markdown:source-note,,,,,high,machine_checked,corpus/purananuru/poems/069.md,8349296b2cffe64c3642339052a16063f33b6e4b27344968cf2a7506c46c2397
asrt.fc04e645025c0018da667694,purananuru,069,TEXTUAL_CONDITION,SOURCE_EXPLICIT,HAS_TEXTUAL_STATUS,complete,textual_status,yaml:textual_status,,,,,high,machine_checked,corpus/purananuru/poems/069.md,8349296b2cffe64c3642339052a16063f33b6e4b27344968cf2a7506c46c2397
asrt.9eaa5a6b3cedc0881506b408,purananuru,070,POET_ATTRIBUTION,SOURCE_EXPLICIT,ATTRIBUTED_TO,கோவூர் கிழார்: (கோவூர் அழகியார் எனவும் பாடம்),poet_as_printed,yaml:poet_as_printed,,,,,high,machine_checked,corpus/purananuru/poems/070.md,89853163aff6cf111b0ffaa5b5d16c3cff65d5246bdaaf2ad1455a95eb8982b3
asrt.e846e9f318265dc625be8efa,purananuru,070,PATRON_OR_ADDRESSEE,SOURCE_EXPLICIT,ADDRESSED_TO,சோழன் குளமுற்றத்துத் துஞ்சிய கிள்ளி வளவன்,addressee_as_printed,yaml:addressee_as_printed,,,,,high,machine_checked,corpus/purananuru/poems/070.md,89853163aff6cf111b0ffaa5b5d16c3cff65d5246bdaaf2ad1455a95eb8982b3
asrt.59cd3081a12711b734f20441,purananuru,070,TINI_VALUE,SOURCE_EXPLICIT,ASSOCIATED_WITH_TINAI,பாடாண்,thinai_as_printed,yaml:thinai_as_printed,,,,,high,machine_checked,corpus/purananuru/poems/070.md,89853163aff6cf111b0ffaa5b5d16c3cff65d5246bdaaf2ad1455a95eb8982b3
asrt.77b2264ee2229e9a417cad62,purananuru,070,TURAI_VALUE,SOURCE_EXPLICIT,ASSOCIATED_WITH_TURAI,பாணாற்றுப்படை,thurai,yaml:thurai,,,,,high,machine_checked,corpus/purananuru/poems/070.md,89853163aff6cf111b0ffaa5b5d16c3cff65d5246bdaaf2ad1455a95eb8982b3
asrt.16b476b7fce4cac40c00df94,purananuru,070,SOURCE_CONTEXT_NOTE,SOURCE_EXPLICIT,HAS_PRINTED_TITLE,குளிர்நீரும் குறையாத சோறும்,title_as_printed,yaml:title_as_printed,,,,,high,machine_checked,corpus/purananuru/poems/070.md,89853163aff6cf111b0ffaa5b5d16c3cff65d5246bdaaf2ad1455a95eb8982b3
asrt.b1d7bffb62b0067bf9103ef4,purananuru,070,SOURCE_CONTEXT_NOTE,SOURCE_EXPLICIT,HAS_PRINTED_SOURCE_NOTE,"பாடியவர்: கோவூர் கிழார்: (கோவூர் அழகியார் எனவும் பாடம்).
பாடப்பட்டோன்: சோழன் குளமுற்றத்துத் துஞ்சிய கிள்ளி வளவன்.
திணை : பாடாண். துறை: பாணாற்றுப்படை.",source_note,markdown:source-note,,,,,high,machine_checked,corpus/purananuru/poems/070.md,89853163aff6cf111b0ffaa5b5d16c3cff65d5246bdaaf2ad1455a95eb8982b3
asrt.be10704320047238b23b3fe5,purananuru,070,TEXTUAL_CONDITION,SOURCE_EXPLICIT,HAS_TEXTUAL_STATUS,complete,textual_status,yaml:textual_status,,,,,high,machine_checked,corpus/purananuru/poems/070.md,89853163aff6cf111b0ffaa5b5d16c3cff65d5246bdaaf2ad1455a95eb8982b3
asrt.9c65568e1d9c804d8dee5db6,purananuru,070,GIFT_MENTION,SOURCE_EXPLICIT,MENTIONS_CANDIDATE,ஈகை,canonical_body,markdown:canonical-body,18,18,22,25,medium,human_review_required,corpus/purananuru/poems/070.md,89853163aff6cf111b0ffaa5b5d16c3cff65d5246bdaaf2ad1455a95eb8982b3
asrt.b194fc969e0ae3ed343a3783,purananuru,071,POET_ATTRIBUTION,SOURCE_EXPLICIT,ATTRIBUTED_TO,ஒல்லையூர் தந்த பூதப்பாண்டியன்,poet_as_printed,yaml:poet_as_printed,,,,,high,machine_checked,corpus/purananuru/poems/071.md,6e9e58c50db9e42a15724c100f9d34297ebe3685f234986308da86a6993ee20e
asrt.c19857210a1ab622e1328d49,purananuru,071,TINI_VALUE,SOURCE_EXPLICIT,ASSOCIATED_WITH_TINAI,காஞ்சி துறை: வஞ்சினக் காஞ்சி,thinai_as_printed,yaml:thinai_as_printed,,,,,high,machine_checked,corpus/purananuru/poems/071.md,6e9e58c50db9e42a15724c100f9d34297ebe3685f234986308da86a6993ee20e
asrt.c052352ef2cb7ec5a7a91a9d,purananuru,071,TURAI_VALUE,SOURCE_EXPLICIT,ASSOCIATED_WITH_TURAI,வஞ்சினக் காஞ்சி,thurai,yaml:thurai,,,,,high,machine_checked,corpus/purananuru/poems/071.md,6e9e58c50db9e42a15724c100f9d34297ebe3685f234986308da86a6993ee20e
asrt.c5355c40b7670a91c0a4ec9f,purananuru,071,SOURCE_CONTEXT_NOTE,SOURCE_EXPLICIT,HAS_PRINTED_TITLE,இவளையும் பிரிவேன்!,title_as_printed,yaml:title_as_printed,,,,,high,machine_checked,corpus/purananuru/poems/071.md,6e9e58c50db9e42a15724c100f9d34297ebe3685f234986308da86a6993ee20e
asrt.da735299f06836cc9696f3da,purananuru,071,SOURCE_CONTEXT_NOTE,SOURCE_EXPLICIT,HAS_PRINTED_SOURCE_NOTE,"பாடியவர்: ஒல்லையூர் தந்த பூதப்பாண்டியன்
திணை: காஞ்சி துறை: வஞ்சினக் காஞ்சி",source_note,markdown:source-note,,,,,high,machine_checked,corpus/purananuru/poems/071.md,6e9e58c50db9e42a15724c100f9d34297ebe3685f234986308da86a6993ee20e
asrt.16fa03fdea4d1d227441899a,purananuru,071,TEXTUAL_CONDITION,SOURCE_EXPLICIT,HAS_TEXTUAL_STATUS,complete,textual_status,yaml:textual_status,,,,,high,machine_checked,corpus/purananuru/poems/071.md,6e9e58c50db9e42a15724c100f9d34297ebe3685f234986308da86a6993ee20e
asrt.f4781f3ab775602c4bdeff21,purananuru,072,POET_ATTRIBUTION,SOURCE_EXPLICIT,ATTRIBUTED_TO,பாண்டியன் தலையாலங்கானத்துச் செருவென்ற நெடுஞ்செழியன்,poet_as_printed,yaml:poet_as_printed,,,,,high,machine_checked,corpus/purananuru/poems/072.md,d7187e44c0a168cd92aaa5f94d21b1a97698ca02505868e060aa2cdd1b1d520d
asrt.dc2394c573aabb8e11e0b3f9,purananuru,072,TINI_VALUE,SOURCE_EXPLICIT,ASSOCIATED_WITH_TINAI,காஞ்சி துறை: வஞ்சினக் காஞ்சி,thinai_as_printed,yaml:thinai_as_printed,,,,,high,machine_checked,corpus/purananuru/poems/072.md,d7187e44c0a168cd92aaa5f94d21b1a97698ca02505868e060aa2cdd1b1d520d
asrt.849bd80a18b15ec50b22123f,purananuru,072,TURAI_VALUE,SOURCE_EXPLICIT,ASSOCIATED_WITH_TURAI,வஞ்சினக் காஞ்சி,thurai,yaml:thurai,,,,,high,machine_checked,corpus/purananuru/poems/072.md,d7187e44c0a168cd92aaa5f94d21b1a97698ca02505868e060aa2cdd1b1d520d
asrt.9ae888d26f31576d677ce01a,purananuru,072,SOURCE_CONTEXT_NOTE,SOURCE_EXPLICIT,HAS_PRINTED_TITLE,இனியோனின் வஞ்சினம்!,title_as_printed,yaml:title_as_printed,,,,,high,machine_checked,corpus/purananuru/poems/072.md,d7187e44c0a168cd92aaa5f94d21b1a97698ca02505868e060aa2cdd1b1d520d
asrt.8a8c61b5d14f8cc5354318a6,purananuru,072,SOURCE_CONTEXT_NOTE,SOURCE_EXPLICIT,HAS_PRINTED_SOURCE_NOTE,"பாடியவர்: பாண்டியன் தலையாலங்கானத்துச் செருவென்ற நெடுஞ்செழியன்
திணை: காஞ்சி துறை: வஞ்சினக் காஞ்சி",source_note,markdown:source-note,,,,,high,machine_checked,corpus/purananuru/poems/072.md,d7187e44c0a168cd92aaa5f94d21b1a97698ca02505868e060aa2cdd1b1d520d
asrt.c86abaf45952a0fb81ec832a,purananuru,072,TEXTUAL_CONDITION,SOURCE_EXPLICIT,HAS_TEXTUAL_STATUS,complete,textual_status,yaml:textual_status,,,,,high,machine_checked,corpus/purananuru/poems/072.md,d7187e44c0a168cd92aaa5f94d21b1a97698ca02505868e060aa2cdd1b1d520d
asrt.65076ada5331422109bd15a8,purananuru,073,POET_ATTRIBUTION,SOURCE_EXPLICIT,ATTRIBUTED_TO,சோழன் நலங்கிள்ளி; 'நல்லுருத்திரன் பாட்டு' எனவும் பாடம்,poet_as_printed,yaml:poet_as_printed,,,,,high,machine_checked,corpus/purananuru/poems/073.md,e7443e07469632996d10839c5ab7bcd76f7e926345ca3591af2a786c496aa102
asrt.473570de5bfbecc8a6849e54,purananuru,073,TINI_VALUE,SOURCE_EXPLICIT,ASSOCIATED_WITH_TINAI,காஞ்சி துறை: வஞ்சினக் காஞ்சி,thinai_as_printed,yaml:thinai_as_printed,,,,,high,machine_checked,corpus/purananuru/poems/073.md,e7443e07469632996d10839c5ab7bcd76f7e926345ca3591af2a786c496aa102
asrt.606ce99c70d8e440604ab41f,purananuru,073,TURAI_VALUE,SOURCE_EXPLICIT,ASSOCIATED_WITH_TURAI,வஞ்சினக் காஞ்சி,thurai,yaml:thurai,,,,,high,machine_checked,corpus/purananuru/poems/073.md,e7443e07469632996d10839c5ab7bcd76f7e926345ca3591af2a786c496aa102
asrt.74961fbfd51f8c8acee7f792,purananuru,073,SOURCE_CONTEXT_NOTE,SOURCE_EXPLICIT,HAS_PRINTED_TITLE,உயிரும் தருகுவன்!,title_as_printed,yaml:title_as_printed,,,,,high,machine_checked,corpus/purananuru/poems/073.md,e7443e07469632996d10839c5ab7bcd76f7e926345ca3591af2a786c496aa102
asrt.e71bc9a60df6940d2d576bf4,purananuru,073,SOURCE_CONTEXT_NOTE,SOURCE_EXPLICIT,HAS_PRINTED_SOURCE_NOTE,"பாடியவர்:சோழன் நலங்கிள்ளி; 'நல்லுருத்திரன் பாட்டு' எனவும் பாடம்.
திணை: காஞ்சி துறை: வஞ்சினக் காஞ்சி",source_note,markdown:source-note,,,,,high,machine_checked,corpus/purananuru/poems/073.md,e7443e07469632996d10839c5ab7bcd76f7e926345ca3591af2a786c496aa102
asrt.62eba0d2dcaecfd2dd479524,purananuru,073,TEXTUAL_CONDITION,SOURCE_EXPLICIT,HAS_TEXTUAL_STATUS,complete,textual_status,yaml:textual_status,,,,,high,machine_checked,corpus/purananuru/poems/073.md,e7443e07469632996d10839c5ab7bcd76f7e926345ca3591af2a786c496aa102
asrt.458ba802ab8e2eb0bedc1332,purananuru,073,FAUNA_MENTION,SOURCE_EXPLICIT,MENTIONS_CANDIDATE,புலி,canonical_body,markdown:canonical-body,7,7,7,11,medium,human_review_required,corpus/purananuru/poems/073.md,e7443e07469632996d10839c5ab7bcd76f7e926345ca3591af2a786c496aa102
asrt.05d95bb9f002c6795d544c08,purananuru,074,TINI_VALUE,SOURCE_EXPLICIT,ASSOCIATED_WITH_TINAI,பொதுவியல் துறை,thinai_as_printed,yaml:thinai_as_printed,,,,,high,machine_checked,corpus/purananuru/poems/074.md,76610e36a166940f6eda82df9f166ccc4147cb603142f15e50097764d9de0fce
asrt.90bb12e1aa52325aaf796391,purananuru,074,TURAI_VALUE,SOURCE_EXPLICIT,ASSOCIATED_WITH_TURAI,முதுமொழிக் காஞ்சி 'தாமே தாங்கிய,thurai,yaml:thurai,,,,,high,machine_checked,corpus/purananuru/poems/074.md,76610e36a166940f6eda82df9f166ccc4147cb603142f15e50097764d9de0fce
asrt.528cde0ebda23d365c243b46,purananuru,074,SOURCE_CONTEXT_NOTE,SOURCE_EXPLICIT,HAS_PRINTED_SOURCE_NOTE,"பாடியவன்: சேரமான் கணைக்கா லிரும்பொறை
திணை: பொதுவியல் துறை; முதுமொழிக் காஞ்சி 'தாமே தாங்கிய
தாங்கரும் பையுள்' என்னும் துறைக்குக் காட்டுவர் இளம்பூரணர்",source_note,markdown:source-note,,,,,high,machine_checked,corpus/purananuru/poems/074.md,76610e36a166940f6eda82df9f166ccc4147cb603142f15e50097764d9de0fce
asrt.d9ba227747eb2481972ee295,purananuru,074,SOURCE_CONTEXT_NOTE,SOURCE_EXPLICIT,HAS_PRINTED_TITLE,வேந்தனின் உள்ளம்!,title_as_printed,yaml:title_as_printed,,,,,high,machine_checked,corpus/purananuru/poems/074.md,76610e36a166940f6eda82df9f166ccc4147cb603142f15e50097764d9de0fce
asrt.2dc01fefc4311a945216e4c1,purananuru,074,TEXTUAL_CONDITION,SOURCE_EXPLICIT,HAS_TEXTUAL_STATUS,complete,textual_status,yaml:textual_status,,,,,high,machine_checked,corpus/purananuru/poems/074.md,76610e36a166940f6eda82df9f166ccc4147cb603142f15e50097764d9de0fce
asrt.a56df4bf3f0d8d8ceacda541,purananuru,075,TINI_VALUE,SOURCE_EXPLICIT,ASSOCIATED_WITH_TINAI,பொதுவியல் துறை: பொருண்மொழிக் காஞ்சி,thinai_as_printed,yaml:thinai_as_printed,,,,,high,machine_checked,corpus/purananuru/poems/075.md,f655daec8a9b3ba1e9d4fd43f1553d832fb0b5970ada7e85e858d963a4d27fba
asrt.50bea4dd54c54438bd2a6c64,purananuru,075,TURAI_VALUE,SOURCE_EXPLICIT,ASSOCIATED_WITH_TURAI,பொருண்மொழிக் காஞ்சி,thurai,yaml:thurai,,,,,high,machine_checked,corpus/purananuru/poems/075.md,f655daec8a9b3ba1e9d4fd43f1553d832fb0b5970ada7e85e858d963a4d27fba
asrt.28921cd0304f4ef92a1f087f,purananuru,075,SOURCE_CONTEXT_NOTE,SOURCE_EXPLICIT,HAS_PRINTED_TITLE,அரச பாரம்!,title_as_printed,yaml:title_as_printed,,,,,high,machine_checked,corpus/purananuru/poems/075.md,f655daec8a9b3ba1e9d4fd43f1553d832fb0b5970ada7e85e858d963a4d27fba
asrt.9f3c5713a4fcfcfae0d0bf79,purananuru,075,SOURCE_CONTEXT_NOTE,SOURCE_EXPLICIT,HAS_PRINTED_SOURCE_NOTE,"பாடியவன்: சோழன் நலங்கிள்ளி
திணை: பொதுவியல் துறை: பொருண்மொழிக் காஞ்சி",source_note,markdown:source-note,,,,,high,machine_checked,corpus/purananuru/poems/075.md,f655daec8a9b3ba1e9d4fd43f1553d832fb0b5970ada7e85e858d963a4d27fba
asrt.1aebb1fbf9f3765fc0217c21,purananuru,075,TEXTUAL_CONDITION,SOURCE_EXPLICIT,HAS_TEXTUAL_STATUS,complete,textual_status,yaml:textual_status,,,,,high,machine_checked,corpus/purananuru/poems/075.md,f655daec8a9b3ba1e9d4fd43f1553d832fb0b5970ada7e85e858d963a4d27fba
asrt.d9a9b95fde1aa358e59d6565,purananuru,076,POET_ATTRIBUTION,SOURCE_EXPLICIT,ATTRIBUTED_TO,இடைக்குன்றூர் கிழார்,poet_as_printed,yaml:poet_as_printed,,,,,high,machine_checked,corpus/purananuru/poems/076.md,38484d7a5d7931db6c14444a0f9ca8631181d5d5737e4d8671024960dc3230af
asrt.9e5f48149dc7ce2bb25cabd3,purananuru,076,PATRON_OR_ADDRESSEE,SOURCE_EXPLICIT,ADDRESSED_TO,பாண்டியன் தலையாலங்கானத்துச் செருவென்ற நெடுஞ்செழியன்,addressee_as_printed,yaml:addressee_as_printed,,,,,high,machine_checked,corpus/purananuru/poems/076.md,38484d7a5d7931db6c14444a0f9ca8631181d5d5737e4d8671024960dc3230af
asrt.31bdbc864a088ba96aeab95b,purananuru,076,TINI_VALUE,SOURCE_EXPLICIT,ASSOCIATED_WITH_TINAI,வாகை,thinai_as_printed,yaml:thinai_as_printed,,,,,high,machine_checked,corpus/purananuru/poems/076.md,38484d7a5d7931db6c14444a0f9ca8631181d5d5737e4d8671024960dc3230af
asrt.52f0b198a800fc308f74e8db,purananuru,076,TURAI_VALUE,SOURCE_EXPLICIT,ASSOCIATED_WITH_TURAI,அரச வாகை,thurai,yaml:thurai,,,,,high,machine_checked,corpus/purananuru/poems/076.md,38484d7a5d7931db6c14444a0f9ca8631181d5d5737e4d8671024960dc3230af
asrt.e297a65bbc97c02e3f8cb167,purananuru,076,SOURCE_CONTEXT_NOTE,SOURCE_EXPLICIT,HAS_PRINTED_TITLE,அதுதான் புதுமை!,title_as_printed,yaml:title_as_printed,,,,,high,machine_checked,corpus/purananuru/poems/076.md,38484d7a5d7931db6c14444a0f9ca8631181d5d5737e4d8671024960dc3230af
asrt.59cd4dc6909f818c28594d22,purananuru,076,SOURCE_CONTEXT_NOTE,SOURCE_EXPLICIT,HAS_PRINTED_SOURCE_NOTE,"பாடியவர்: இடைக்குன்றூர் கிழார்.
பாடப்பட்டோன் : பாண்டியன் தலையாலங்கானத்துச் செருவென்ற நெடுஞ்செழியன்.
திணை :வாகை. துறை: அரச வாகை.",source_note,markdown:source-note,,,,,high,machine_checked,corpus/purananuru/poems/076.md,38484d7a5d7931db6c14444a0f9ca8631181d5d5737e4d8671024960dc3230af
asrt.04d2cdef7c80a87bc3318201,purananuru,076,TEXTUAL_CONDITION,SOURCE_EXPLICIT,HAS_TEXTUAL_STATUS,complete,textual_status,yaml:textual_status,,,,,high,machine_checked,corpus/purananuru/poems/076.md,38484d7a5d7931db6c14444a0f9ca8631181d5d5737e4d8671024960dc3230af
asrt.513ebad2799b5b60798c9b77,purananuru,077,POET_ATTRIBUTION,SOURCE_EXPLICIT,ATTRIBUTED_TO,இடைக்குன்றூர் கிழார்,poet_as_printed,yaml:poet_as_printed,,,,,high,machine_checked,corpus/purananuru/poems/077.md,8e8d632f297ddbf14dced4a3a8e7630d32e4711adaac9ed4a572349d851b540d
asrt.bb183488d35f494285b0d776,purananuru,077,PATRON_OR_ADDRESSEE,SOURCE_EXPLICIT,ADDRESSED_TO,பாண்டியன் தலையாலங்கானத்துச் செருவென்ற நெடுஞ் செழியன்,addressee_as_printed,yaml:addressee_as_printed,,,,,high,machine_checked,corpus/purananuru/poems/077.md,8e8d632f297ddbf14dced4a3a8e7630d32e4711adaac9ed4a572349d851b540d
asrt.adf3a42913a275b5eb55d4c5,purananuru,077,TINI_VALUE,SOURCE_EXPLICIT,ASSOCIATED_WITH_TINAI,வாகை,thinai_as_printed,yaml:thinai_as_printed,,,,,high,machine_checked,corpus/purananuru/poems/077.md,8e8d632f297ddbf14dced4a3a8e7630d32e4711adaac9ed4a572349d851b540d
asrt.39ac23ad2374c0e3e9596a94,purananuru,077,TURAI_VALUE,SOURCE_EXPLICIT,ASSOCIATED_WITH_TURAI,அரசவாகை,thurai,yaml:thurai,,,,,high,machine_checked,corpus/purananuru/poems/077.md,8e8d632f297ddbf14dced4a3a8e7630d32e4711adaac9ed4a572349d851b540d
asrt.962e5eaba90c6a6267569663,purananuru,077,SOURCE_CONTEXT_NOTE,SOURCE_EXPLICIT,HAS_PRINTED_SOURCE_NOTE,"பாடியவர்: இடைக்குன்றூர் கிழார்.
பாடப்பட்டோன்: பாண்டியன் தலையாலங்கானத்துச் செருவென்ற நெடுஞ் செழியன்.
திணை: வாகை. துறை: அரசவாகை.",source_note,markdown:source-note,,,,,high,machine_checked,corpus/purananuru/poems/077.md,8e8d632f297ddbf14dced4a3a8e7630d32e4711adaac9ed4a572349d851b540d
asrt.07f09f677720be535cf49a3b,purananuru,077,SOURCE_CONTEXT_NOTE,SOURCE_EXPLICIT,HAS_PRINTED_TITLE,யார்? அவன் வாழ்க!,title_as_printed,yaml:title_as_printed,,,,,high,machine_checked,corpus/purananuru/poems/077.md,8e8d632f297ddbf14dced4a3a8e7630d32e4711adaac9ed4a572349d851b540d
asrt.999227570b4afef1b46635f1,purananuru,077,TEXTUAL_CONDITION,SOURCE_EXPLICIT,HAS_TEXTUAL_STATUS,complete,textual_status,yaml:textual_status,,,,,high,machine_checked,corpus/purananuru/poems/077.md,8e8d632f297ddbf14dced4a3a8e7630d32e4711adaac9ed4a572349d851b540d
asrt.09e2bbd94d3d6892724346fe,purananuru,078,POET_ATTRIBUTION,SOURCE_EXPLICIT,ATTRIBUTED_TO,இடைக்குன்றூர் கிழார்,poet_as_printed,yaml:poet_as_printed,,,,,high,machine_checked,corpus/purananuru/poems/078.md,1c3a4c038b9657b24398ae27e8df55ed4723d5bd476d5f0ee0e41de20af5f9eb
asrt.69cddc835be6a4b9c3a5257e,purananuru,078,PATRON_OR_ADDRESSEE,SOURCE_EXPLICIT,ADDRESSED_TO,. பாண்டியன் தலையாலங்கானத்துச் செருவென்ற நெடுஞ்செழியன்,addressee_as_printed,yaml:addressee_as_printed,,,,,high,machine_checked,corpus/purananuru/poems/078.md,1c3a4c038b9657b24398ae27e8df55ed4723d5bd476d5f0ee0e41de20af5f9eb
asrt.ee2824531691e5a951bfebf7,purananuru,078,TINI_VALUE,SOURCE_EXPLICIT,ASSOCIATED_WITH_TINAI,வாகை,thinai_as_printed,yaml:thinai_as_printed,,,,,high,machine_checked,corpus/purananuru/poems/078.md,1c3a4c038b9657b24398ae27e8df55ed4723d5bd476d5f0ee0e41de20af5f9eb
asrt.739a76d564f44ee171a4d603,purananuru,078,TURAI_VALUE,SOURCE_EXPLICIT,ASSOCIATED_WITH_TURAI,அரசவாகை,thurai,yaml:thurai,,,,,high,machine_checked,corpus/purananuru/poems/078.md,1c3a4c038b9657b24398ae27e8df55ed4723d5bd476d5f0ee0e41de20af5f9eb
asrt.aefb691ecab4ac799aa2c3ec,purananuru,078,SOURCE_CONTEXT_NOTE,SOURCE_EXPLICIT,HAS_PRINTED_TITLE,அவர் ஊர் சென்று அழித்தவன்!,title_as_printed,yaml:title_as_printed,,,,,high,machine_checked,corpus/purananuru/poems/078.md,1c3a4c038b9657b24398ae27e8df55ed4723d5bd476d5f0ee0e41de20af5f9eb
asrt.309794da3ac8f6b081b54400,purananuru,078,SOURCE_CONTEXT_NOTE,SOURCE_EXPLICIT,HAS_PRINTED_SOURCE_NOTE,"பாடியவர்: இடைக்குன்றூர் கிழார்.
பாடப்பட்டோன். பாண்டியன் தலையாலங்கானத்துச் செருவென்ற நெடுஞ்செழியன்.
திணை:
வாகை. துறை: அரசவாகை.",source_note,markdown:source-note,,,,,high,machine_checked,corpus/purananuru/poems/078.md,1c3a4c038b9657b24398ae27e8df55ed4723d5bd476d5f0ee0e41de20af5f9eb
asrt.b49bc0ca5d4ef481f8403c79,purananuru,078,TEXTUAL_CONDITION,SOURCE_EXPLICIT,HAS_TEXTUAL_STATUS,complete,textual_status,yaml:textual_status,,,,,high,machine_checked,corpus/purananuru/poems/078.md,1c3a4c038b9657b24398ae27e8df55ed4723d5bd476d5f0ee0e41de20af5f9eb
asrt.9b420da0c5f0f2130f89a9d6,purananuru,078,KINSHIP_MENTION,SOURCE_EXPLICIT,MENTIONS_CANDIDATE,தந்தை,canonical_body,markdown:canonical-body,11,11,0,5,medium,human_review_required,corpus/purananuru/poems/078.md,1c3a4c038b9657b24398ae27e8df55ed4723d5bd476d5f0ee0e41de20af5f9eb
asrt.9b0280be96a0199c4b802497,purananuru,079,POET_ATTRIBUTION,SOURCE_EXPLICIT,ATTRIBUTED_TO,இடைக்குன்றூர் கிழார்,poet_as_printed,yaml:poet_as_printed,,,,,high,machine_checked,corpus/purananuru/poems/079.md,34fe902c6173f1f35405a75ada53740928f54cdf8b6d8eef41041058ad143bc9
asrt.209408ed9bc0f614dc51d71b,purananuru,079,PATRON_OR_ADDRESSEE,SOURCE_EXPLICIT,ADDRESSED_TO,பாண்டியன் தலையாலங்கானத்துச் செருவென்ற நெடுஞ்செழியன்,addressee_as_printed,yaml:addressee_as_printed,,,,,high,machine_checked,corpus/purananuru/poems/079.md,34fe902c6173f1f35405a75ada53740928f54cdf8b6d8eef41041058ad143bc9
asrt.ce14d0ed0f14a6dbc2e64ff8,purananuru,079,TINI_VALUE,SOURCE_EXPLICIT,ASSOCIATED_WITH_TINAI,வாகை,thinai_as_printed,yaml:thinai_as_printed,,,,,high,machine_checked,corpus/purananuru/poems/079.md,34fe902c6173f1f35405a75ada53740928f54cdf8b6d8eef41041058ad143bc9
asrt.80874e985163c1ac82e9a140,purananuru,079,TURAI_VALUE,SOURCE_EXPLICIT,ASSOCIATED_WITH_TURAI,அரசவாகை,thurai,yaml:thurai,,,,,high,machine_checked,corpus/purananuru/poems/079.md,34fe902c6173f1f35405a75ada53740928f54cdf8b6d8eef41041058ad143bc9
asrt.65bb63dd192b18d9318fc0f1,purananuru,079,SOURCE_CONTEXT_NOTE,SOURCE_EXPLICIT,HAS_PRINTED_TITLE,பகலோ சிறிது!,title_as_printed,yaml:title_as_printed,,,,,high,machine_checked,corpus/purananuru/poems/079.md,34fe902c6173f1f35405a75ada53740928f54cdf8b6d8eef41041058ad143bc9
asrt.1616447402d4a4d0e48e5ded,purananuru,079,SOURCE_CONTEXT_NOTE,SOURCE_EXPLICIT,HAS_PRINTED_SOURCE_NOTE,"பாடியவர்: இடைக்குன்றூர் கிழார்.
பாடப்பட்டோன்: பாண்டியன் தலையாலங்கானத்துச் செருவென்ற நெடுஞ்செழியன்.
திணை: வாகை.
துறை; அரசவாகை.",source_note,markdown:source-note,,,,,high,machine_checked,corpus/purananuru/poems/079.md,34fe902c6173f1f35405a75ada53740928f54cdf8b6d8eef41041058ad143bc9
asrt.bc8626abbddc2767c618b8a4,purananuru,079,TEXTUAL_CONDITION,SOURCE_EXPLICIT,HAS_TEXTUAL_STATUS,complete,textual_status,yaml:textual_status,,,,,high,machine_checked,corpus/purananuru/poems/079.md,34fe902c6173f1f35405a75ada53740928f54cdf8b6d8eef41041058ad143bc9
asrt.5589be67ca42525bdd6ad9f8,purananuru,080,POET_ATTRIBUTION,SOURCE_EXPLICIT,ATTRIBUTED_TO,சாத்தந்தையார்,poet_as_printed,yaml:poet_as_printed,,,,,high,machine_checked,corpus/purananuru/poems/080.md,fbff791b7b97c228285c417280a41ee349066bd01ec898e9e2441765c1ab437e
asrt.502614b16839295ab0566a2d,purananuru,080,PATRON_OR_ADDRESSEE,SOURCE_EXPLICIT,ADDRESSED_TO,சோழன் போர்வைக்கோப் பெருநற்கிள்ளி,addressee_as_printed,yaml:addressee_as_printed,,,,,high,machine_checked,corpus/purananuru/poems/080.md,fbff791b7b97c228285c417280a41ee349066bd01ec898e9e2441765c1ab437e
asrt.d7649e59b288b1537deee0c4,purananuru,080,TINI_VALUE,SOURCE_EXPLICIT,ASSOCIATED_WITH_TINAI,தும்பை,thinai_as_printed,yaml:thinai_as_printed,,,,,high,machine_checked,corpus/purananuru/poems/080.md,fbff791b7b97c228285c417280a41ee349066bd01ec898e9e2441765c1ab437e
asrt.7a729fc6d28a5304df416c3d,purananuru,080,TURAI_VALUE,SOURCE_EXPLICIT,ASSOCIATED_WITH_TURAI,எருமை மறம்,thurai,yaml:thurai,,,,,high,machine_checked,corpus/purananuru/poems/080.md,fbff791b7b97c228285c417280a41ee349066bd01ec898e9e2441765c1ab437e
asrt.9dec0fcaa07244c81c3e0b65,purananuru,080,SOURCE_CONTEXT_NOTE,SOURCE_EXPLICIT,HAS_PRINTED_TITLE,காணாய் இதனை!,title_as_printed,yaml:title_as_printed,,,,,high,machine_checked,corpus/purananuru/poems/080.md,fbff791b7b97c228285c417280a41ee349066bd01ec898e9e2441765c1ab437e
asrt.d3ac29d9e0610ed06fec06bf,purananuru,080,SOURCE_CONTEXT_NOTE,SOURCE_EXPLICIT,HAS_PRINTED_SOURCE_NOTE,"பாடியவர்: சாத்தந்தையார்.
பாடப்பட்டோன்: சோழன் போர்வைக்கோப் பெருநற்கிள்ளி.
திணை: தும்பை. துறை: எருமை மறம்.",source_note,markdown:source-note,,,,,high,machine_checked,corpus/purananuru/poems/080.md,fbff791b7b97c228285c417280a41ee349066bd01ec898e9e2441765c1ab437e
asrt.9320ec2dfa1a84db8023df38,purananuru,080,TEXTUAL_CONDITION,SOURCE_EXPLICIT,HAS_TEXTUAL_STATUS,complete,textual_status,yaml:textual_status,,,,,high,machine_checked,corpus/purananuru/poems/080.md,fbff791b7b97c228285c417280a41ee349066bd01ec898e9e2441765c1ab437e
asrt.9de04fe7663a813437ea4c64,purananuru,080,FAUNA_MENTION,SOURCE_EXPLICIT,MENTIONS_CANDIDATE,யானை,canonical_body,markdown:canonical-body,7,7,21,25,medium,human_review_required,corpus/purananuru/poems/080.md,fbff791b7b97c228285c417280a41ee349066bd01ec898e9e2441765c1ab437e
asrt.9a106a6d522df4501095ded0,purananuru,080,WARFARE_MENTION,SOURCE_EXPLICIT,MENTIONS_CANDIDATE,போர்,canonical_body,markdown:canonical-body,6,6,0,4,medium,human_review_required,corpus/purananuru/poems/080.md,fbff791b7b97c228285c417280a41ee349066bd01ec898e9e2441765c1ab437e
asrt.c6e71fbc5cfaf31d7b175917,purananuru,081,POET_ATTRIBUTION,SOURCE_EXPLICIT,ATTRIBUTED_TO,சாத்தந்தையார்,poet_as_printed,yaml:poet_as_printed,,,,,high,machine_checked,corpus/purananuru/poems/081.md,ce1e1653a3a13652fef7925ef50938aec95b0f5169cfb186dc3108f93a11da0f
asrt.1d0067fc260496ff23d1fcc4,purananuru,081,PATRON_OR_ADDRESSEE,SOURCE_EXPLICIT,ADDRESSED_TO,சோழன் போர்வைக்கோப் பெருநற்கிள்ளி,addressee_as_printed,yaml:addressee_as_printed,,,,,high,machine_checked,corpus/purananuru/poems/081.md,ce1e1653a3a13652fef7925ef50938aec95b0f5169cfb186dc3108f93a11da0f
asrt.1c0a9066c229ae68ac0586a1,purananuru,081,TINI_VALUE,SOURCE_EXPLICIT,ASSOCIATED_WITH_TINAI,வாகை துறை: அரசவாகை,thinai_as_printed,yaml:thinai_as_printed,,,,,high,machine_checked,corpus/purananuru/poems/081.md,ce1e1653a3a13652fef7925ef50938aec95b0f5169cfb186dc3108f93a11da0f
asrt.78b0fc6c6f43db23dc7e9747,purananuru,081,TURAI_VALUE,SOURCE_EXPLICIT,ASSOCIATED_WITH_TURAI,அரசவாகை,thurai,yaml:thurai,,,,,high,machine_checked,corpus/purananuru/poems/081.md,ce1e1653a3a13652fef7925ef50938aec95b0f5169cfb186dc3108f93a11da0f
asrt.cd98539386586d09f518e578,purananuru,081,SOURCE_CONTEXT_NOTE,SOURCE_EXPLICIT,HAS_PRINTED_SOURCE_NOTE,"பாடியவர்: சாத்தந்தையார்
பாடப்பட்டோன்: சோழன் போர்வைக்கோப் பெருநற்கிள்ளி
திணை:வாகை துறை: அரசவாகை",source_note,markdown:source-note,,,,,high,machine_checked,corpus/purananuru/poems/081.md,ce1e1653a3a13652fef7925ef50938aec95b0f5169cfb186dc3108f93a11da0f
asrt.940fb39373b22216a07b53df,purananuru,081,SOURCE_CONTEXT_NOTE,SOURCE_EXPLICIT,HAS_PRINTED_TITLE,யார்கொல் அளியர்?,title_as_printed,yaml:title_as_printed,,,,,high,machine_checked,corpus/purananuru/poems/081.md,ce1e1653a3a13652fef7925ef50938aec95b0f5169cfb186dc3108f93a11da0f
asrt.bd173abf56bac1a826693c8c,purananuru,081,TEXTUAL_CONDITION,SOURCE_EXPLICIT,HAS_TEXTUAL_STATUS,complete,textual_status,yaml:textual_status,,,,,high,machine_checked,corpus/purananuru/poems/081.md,ce1e1653a3a13652fef7925ef50938aec95b0f5169cfb186dc3108f93a11da0f
asrt.9ad774efb1a84598c580f872,purananuru,082,POET_ATTRIBUTION,SOURCE_EXPLICIT,ATTRIBUTED_TO,சாத்தந்தையார்,poet_as_printed,yaml:poet_as_printed,,,,,high,machine_checked,corpus/purananuru/poems/082.md,47e195be627e5981c4d8e0ed29b235b3f8fa6c683cf8c99e69fc9000e1ecd307
asrt.23b5e78badbaa6e7bc691eb8,purananuru,082,PATRON_OR_ADDRESSEE,SOURCE_EXPLICIT,ADDRESSED_TO,சோழன் போர்வைக்கோப் பெருநற்கிள்ளி,addressee_as_printed,yaml:addressee_as_printed,,,,,high,machine_checked,corpus/purananuru/poems/082.md,47e195be627e5981c4d8e0ed29b235b3f8fa6c683cf8c99e69fc9000e1ecd307
asrt.03dbee80897c78ca247eb53c,purananuru,082,TINI_VALUE,SOURCE_EXPLICIT,ASSOCIATED_WITH_TINAI,வாகை,thinai_as_printed,yaml:thinai_as_printed,,,,,high,machine_checked,corpus/purananuru/poems/082.md,47e195be627e5981c4d8e0ed29b235b3f8fa6c683cf8c99e69fc9000e1ecd307
asrt.f926fc330d00dd0a67d7315f,purananuru,082,TURAI_VALUE,SOURCE_EXPLICIT,ASSOCIATED_WITH_TURAI,அரசவாகை,thurai,yaml:thurai,,,,,high,machine_checked,corpus/purananuru/poems/082.md,47e195be627e5981c4d8e0ed29b235b3f8fa6c683cf8c99e69fc9000e1ecd307
asrt.391e56a5659de1805d727098,purananuru,082,SOURCE_CONTEXT_NOTE,SOURCE_EXPLICIT,HAS_PRINTED_TITLE,ஊசி வேகமும் போர் வேகமும்!,title_as_printed,yaml:title_as_printed,,,,,high,machine_checked,corpus/purananuru/poems/082.md,47e195be627e5981c4d8e0ed29b235b3f8fa6c683cf8c99e69fc9000e1ecd307
asrt.2cb81ae331d8ff7806e5fb54,purananuru,082,SOURCE_CONTEXT_NOTE,SOURCE_EXPLICIT,HAS_PRINTED_SOURCE_NOTE,"பாடியவர் :சாத்தந்தையார்.
பாடப்பட்டோன்: சோழன் போர்வைக்கோப் பெருநற்கிள்ளி.
திணை: வாகை. துறை: அரசவாகை.",source_note,markdown:source-note,,,,,high,machine_checked,corpus/purananuru/poems/082.md,47e195be627e5981c4d8e0ed29b235b3f8fa6c683cf8c99e69fc9000e1ecd307
asrt.0768f39c42a4726f7e7eedec,purananuru,082,TEXTUAL_CONDITION,SOURCE_EXPLICIT,HAS_TEXTUAL_STATUS,complete,textual_status,yaml:textual_status,,,,,high,machine_checked,corpus/purananuru/poems/082.md,47e195be627e5981c4d8e0ed29b235b3f8fa6c683cf8c99e69fc9000e1ecd307
asrt.2adc09ceff46b2e457ec1576,purananuru,083,POET_ATTRIBUTION,SOURCE_EXPLICIT,ATTRIBUTED_TO,பெருங்கோழி நாய்கண் மகள் நக்கண்ணையார்,poet_as_printed,yaml:poet_as_printed,,,,,high,machine_checked,corpus/purananuru/poems/083.md,83e3b35c11da5e0fd0364af5cb1a32a06867bb0b07aef010a17f02b60d65dacb
asrt.0cc255f36edb45068a9dfdcb,purananuru,083,PATRON_OR_ADDRESSEE,SOURCE_EXPLICIT,ADDRESSED_TO,சோழன் போர்வைக்கோப் பெருநற்கிள்ளி,addressee_as_printed,yaml:addressee_as_printed,,,,,high,machine_checked,corpus/purananuru/poems/083.md,83e3b35c11da5e0fd0364af5cb1a32a06867bb0b07aef010a17f02b60d65dacb
asrt.107d582740ae2a6773cff9d4,purananuru,083,TINI_VALUE,SOURCE_EXPLICIT,ASSOCIATED_WITH_TINAI,கைக்கிளை,thinai_as_printed,yaml:thinai_as_printed,,,,,high,machine_checked,corpus/purananuru/poems/083.md,83e3b35c11da5e0fd0364af5cb1a32a06867bb0b07aef010a17f02b60d65dacb
asrt.e6785442a4b8d118adab7f2e,purananuru,083,TURAI_VALUE,SOURCE_EXPLICIT,ASSOCIATED_WITH_TURAI,பழிச்சுதல்,thurai,yaml:thurai,,,,,high,machine_checked,corpus/purananuru/poems/083.md,83e3b35c11da5e0fd0364af5cb1a32a06867bb0b07aef010a17f02b60d65dacb
asrt.6da18a390a016b404a5b5723,purananuru,083,SOURCE_CONTEXT_NOTE,SOURCE_EXPLICIT,HAS_PRINTED_TITLE,இருபாற்பட்ட ஊர்!,title_as_printed,yaml:title_as_printed,,,,,high,machine_checked,corpus/purananuru/poems/083.md,83e3b35c11da5e0fd0364af5cb1a32a06867bb0b07aef010a17f02b60d65dacb
asrt.2faf4aaecd98e5d97d27a04f,purananuru,083,SOURCE_CONTEXT_NOTE,SOURCE_EXPLICIT,HAS_PRINTED_SOURCE_NOTE,"பாடியவர்: பெருங்கோழி நாய்கண் மகள் நக்கண்ணையார்.
பாடப்பட்டோன்: சோழன் போர்வைக்கோப் பெருநற்கிள்ளி.
திணை: கைக்கிளை. துறை: பழிச்சுதல்.",source_note,markdown:source-note,,,,,high,machine_checked,corpus/purananuru/poems/083.md,83e3b35c11da5e0fd0364af5cb1a32a06867bb0b07aef010a17f02b60d65dacb
asrt.56242725a2a0f465756804f8,purananuru,083,TEXTUAL_CONDITION,SOURCE_EXPLICIT,HAS_TEXTUAL_STATUS,complete,textual_status,yaml:textual_status,,,,,high,machine_checked,corpus/purananuru/poems/083.md,83e3b35c11da5e0fd0364af5cb1a32a06867bb0b07aef010a17f02b60d65dacb
asrt.9228e00b90193ccb0f62bc06,purananuru,084,POET_ATTRIBUTION,SOURCE_EXPLICIT,ATTRIBUTED_TO,பெருங்கோழி நாய்கன் மகள் நக்கண்ணையார்,poet_as_printed,yaml:poet_as_printed,,,,,high,machine_checked,corpus/purananuru/poems/084.md,463c9b1ed61dcfd5518f485b21be8ecc4a860777e777c8bf9934773f594d03e9
asrt.511de82ebc501e0ab57a4aa9,purananuru,084,PATRON_OR_ADDRESSEE,SOURCE_EXPLICIT,ADDRESSED_TO,சோழன் போர்வைக்கோப் பெருநற்கிள்ளி,addressee_as_printed,yaml:addressee_as_printed,,,,,high,machine_checked,corpus/purananuru/poems/084.md,463c9b1ed61dcfd5518f485b21be8ecc4a860777e777c8bf9934773f594d03e9
asrt.86c4b76e9d95974e6c2870e6,purananuru,084,TINI_VALUE,SOURCE_EXPLICIT,ASSOCIATED_WITH_TINAI,கைக்கிளை,thinai_as_printed,yaml:thinai_as_printed,,,,,high,machine_checked,corpus/purananuru/poems/084.md,463c9b1ed61dcfd5518f485b21be8ecc4a860777e777c8bf9934773f594d03e9
asrt.d33f0ddf4c6e981544a8f205,purananuru,084,TURAI_VALUE,SOURCE_EXPLICIT,ASSOCIATED_WITH_TURAI,பழிச்சுதல்,thurai,yaml:thurai,,,,,high,machine_checked,corpus/purananuru/poems/084.md,463c9b1ed61dcfd5518f485b21be8ecc4a860777e777c8bf9934773f594d03e9
asrt.487247a2f5d1aefcd4ce7ae2,purananuru,084,SOURCE_CONTEXT_NOTE,SOURCE_EXPLICIT,HAS_PRINTED_SOURCE_NOTE,"பாடியவர்: பெருங்கோழி நாய்கன் மகள் நக்கண்ணையார்.
பாடப்பட்டோன் : சோழன் போர்வைக்கோப் பெருநற்கிள்ளி.
திணை: கைக்கிளை. துறை: பழிச்சுதல்.",source_note,markdown:source-note,,,,,high,machine_checked,corpus/purananuru/poems/084.md,463c9b1ed61dcfd5518f485b21be8ecc4a860777e777c8bf9934773f594d03e9
asrt.0397235241ecfae159ecce93,purananuru,084,SOURCE_CONTEXT_NOTE,SOURCE_EXPLICIT,HAS_PRINTED_TITLE,புற்கையும் பெருந்தோளும்!,title_as_printed,yaml:title_as_printed,,,,,high,machine_checked,corpus/purananuru/poems/084.md,463c9b1ed61dcfd5518f485b21be8ecc4a860777e777c8bf9934773f594d03e9
asrt.a8d6791b6da202dc382cfd9f,purananuru,084,TEXTUAL_CONDITION,SOURCE_EXPLICIT,HAS_TEXTUAL_STATUS,complete,textual_status,yaml:textual_status,,,,,high,machine_checked,corpus/purananuru/poems/084.md,463c9b1ed61dcfd5518f485b21be8ecc4a860777e777c8bf9934773f594d03e9
asrt.9ea559773ff2e02444b11125,purananuru,085,POET_ATTRIBUTION,SOURCE_EXPLICIT,ATTRIBUTED_TO,பெருங்கோழி நாய்கன் மகள் நக்கண்ணையார்,poet_as_printed,yaml:poet_as_printed,,,,,high,machine_checked,corpus/purananuru/poems/085.md,e85c5d44b5cdace78d861b80ef6326060d38df15f1c431d42ff5ce334ae8e0e6
asrt.0070cc88e8ef5e803fd52ba9,purananuru,085,PATRON_OR_ADDRESSEE,SOURCE_EXPLICIT,ADDRESSED_TO,சோழன் போர்வைக்கோப் பெருநற்கிள்ளி,addressee_as_printed,yaml:addressee_as_printed,,,,,high,machine_checked,corpus/purananuru/poems/085.md,e85c5d44b5cdace78d861b80ef6326060d38df15f1c431d42ff5ce334ae8e0e6
asrt.cf8058f072a9ea6b6b434ac0,purananuru,085,TINI_VALUE,SOURCE_EXPLICIT,ASSOCIATED_WITH_TINAI,கைக்கிளை துறை: பழிச்சுதல்,thinai_as_printed,yaml:thinai_as_printed,,,,,high,machine_checked,corpus/purananuru/poems/085.md,e85c5d44b5cdace78d861b80ef6326060d38df15f1c431d42ff5ce334ae8e0e6
asrt.ac0e148acb60ea0991b57301,purananuru,085,TURAI_VALUE,SOURCE_EXPLICIT,ASSOCIATED_WITH_TURAI,பழிச்சுதல்,thurai,yaml:thurai,,,,,high,machine_checked,corpus/purananuru/poems/085.md,e85c5d44b5cdace78d861b80ef6326060d38df15f1c431d42ff5ce334ae8e0e6
asrt.5aa552d8ae7fc6cc7c0c59ac,purananuru,085,SOURCE_CONTEXT_NOTE,SOURCE_EXPLICIT,HAS_PRINTED_SOURCE_NOTE,"பாடியவர்: பெருங்கோழி நாய்கன் மகள் நக்கண்ணையார்.
பாடப்பட்டோன்: சோழன் போர்வைக்கோப் பெருநற்கிள்ளி.
திணை: கைக்கிளை துறை: பழிச்சுதல்.",source_note,markdown:source-note,,,,,high,machine_checked,corpus/purananuru/poems/085.md,e85c5d44b5cdace78d861b80ef6326060d38df15f1c431d42ff5ce334ae8e0e6
asrt.9ba54c1fe40d539920cf2b7b,purananuru,085,SOURCE_CONTEXT_NOTE,SOURCE_EXPLICIT,HAS_PRINTED_TITLE,யான் கண்டனன்!,title_as_printed,yaml:title_as_printed,,,,,high,machine_checked,corpus/purananuru/poems/085.md,e85c5d44b5cdace78d861b80ef6326060d38df15f1c431d42ff5ce334ae8e0e6
asrt.d0cee34282d09d2e7e53cf4f,purananuru,085,TEXTUAL_CONDITION,SOURCE_EXPLICIT,HAS_TEXTUAL_STATUS,complete,textual_status,yaml:textual_status,,,,,high,machine_checked,corpus/purananuru/poems/085.md,e85c5d44b5cdace78d861b80ef6326060d38df15f1c431d42ff5ce334ae8e0e6
asrt.fb1c8aaac9fb7f4f85ee9d67,purananuru,086,POET_ATTRIBUTION,SOURCE_EXPLICIT,ATTRIBUTED_TO,காவற் பெண்டு காதற்பெண்டு எனவும் பாடம்,poet_as_printed,yaml:poet_as_printed,,,,,high,machine_checked,corpus/purananuru/poems/086.md,8a6e98133ebba488aec9994fa1ea7deaf86429bbb8e1f14a8fd38871c332b77b
asrt.0ffc3f16404209df9acf8675,purananuru,086,TINI_VALUE,SOURCE_EXPLICIT,ASSOCIATED_WITH_TINAI,வாகை துறை: ஏறாண் முல்லை,thinai_as_printed,yaml:thinai_as_printed,,,,,high,machine_checked,corpus/purananuru/poems/086.md,8a6e98133ebba488aec9994fa1ea7deaf86429bbb8e1f14a8fd38871c332b77b
asrt.0143c51e247b091db1551a43,purananuru,086,TURAI_VALUE,SOURCE_EXPLICIT,ASSOCIATED_WITH_TURAI,ஏறாண் முல்லை,thurai,yaml:thurai,,,,,high,machine_checked,corpus/purananuru/poems/086.md,8a6e98133ebba488aec9994fa1ea7deaf86429bbb8e1f14a8fd38871c332b77b
asrt.f1b84b4851ec529cb320f9e7,purananuru,086,SOURCE_CONTEXT_NOTE,SOURCE_EXPLICIT,HAS_PRINTED_TITLE,கல்லளை போல வயிறு!,title_as_printed,yaml:title_as_printed,,,,,high,machine_checked,corpus/purananuru/poems/086.md,8a6e98133ebba488aec9994fa1ea7deaf86429bbb8e1f14a8fd38871c332b77b
asrt.3057799943f903edf9ac8a9d,purananuru,086,SOURCE_CONTEXT_NOTE,SOURCE_EXPLICIT,HAS_PRINTED_SOURCE_NOTE,"பாடியவர்: காவற் பெண்டு காதற்பெண்டு எனவும் பாடம்.
பாடப்பட்டோன்
திணை: வாகை துறை: ஏறாண் முல்லை",source_note,markdown:source-note,,,,,high,machine_checked,corpus/purananuru/poems/086.md,8a6e98133ebba488aec9994fa1ea7deaf86429bbb8e1f14a8fd38871c332b77b
asrt.e34e9095c7e59098abed21f1,purananuru,086,TEXTUAL_CONDITION,SOURCE_EXPLICIT,HAS_TEXTUAL_STATUS,complete,textual_status,yaml:textual_status,,,,,high,machine_checked,corpus/purananuru/poems/086.md,8a6e98133ebba488aec9994fa1ea7deaf86429bbb8e1f14a8fd38871c332b77b
asrt.74b856f07f9b14e0403c04b9,purananuru,086,FAUNA_MENTION,SOURCE_EXPLICIT,MENTIONS_CANDIDATE,புலி,canonical_body,markdown:canonical-body,3,3,0,4,medium,human_review_required,corpus/purananuru/poems/086.md,8a6e98133ebba488aec9994fa1ea7deaf86429bbb8e1f14a8fd38871c332b77b
asrt.3b739058a148254c6ec43ca9,purananuru,087,POET_ATTRIBUTION,SOURCE_EXPLICIT,ATTRIBUTED_TO,ஔவையார்,poet_as_printed,yaml:poet_as_printed,,,,,high,machine_checked,corpus/purananuru/poems/087.md,7838de88f0f45381a7be3f99b00054ff80722f9d1975ed44e491255255e7bb27
asrt.12fca3ffb9cd006cae4443c0,purananuru,087,PATRON_OR_ADDRESSEE,SOURCE_EXPLICIT,ADDRESSED_TO,அதியமான் நெடுமானஞ்சி,addressee_as_printed,yaml:addressee_as_printed,,,,,high,machine_checked,corpus/purananuru/poems/087.md,7838de88f0f45381a7be3f99b00054ff80722f9d1975ed44e491255255e7bb27
asrt.53588471ff81467a245226d6,purananuru,087,TINI_VALUE,SOURCE_EXPLICIT,ASSOCIATED_WITH_TINAI,தும்பை,thinai_as_printed,yaml:thinai_as_printed,,,,,high,machine_checked,corpus/purananuru/poems/087.md,7838de88f0f45381a7be3f99b00054ff80722f9d1975ed44e491255255e7bb27
asrt.716d8d5e56341772b8295da4,purananuru,087,TURAI_VALUE,SOURCE_EXPLICIT,ASSOCIATED_WITH_TURAI,தானை மறம்,thurai,yaml:thurai,,,,,high,machine_checked,corpus/purananuru/poems/087.md,7838de88f0f45381a7be3f99b00054ff80722f9d1975ed44e491255255e7bb27
asrt.f11d873a04545ab262ff077d,purananuru,087,SOURCE_CONTEXT_NOTE,SOURCE_EXPLICIT,HAS_PRINTED_TITLE,எம்முளும் உளன்!,title_as_printed,yaml:title_as_printed,,,,,high,machine_checked,corpus/purananuru/poems/087.md,7838de88f0f45381a7be3f99b00054ff80722f9d1975ed44e491255255e7bb27
asrt.4e500c54f235654163a7a0cb,purananuru,087,SOURCE_CONTEXT_NOTE,SOURCE_EXPLICIT,HAS_PRINTED_SOURCE_NOTE,"பாடியவர்: ஔவையார்.
பாடப்பட்டோன் :அதியமான் நெடுமானஞ்சி.
திணை; தும்பை. துறை; தானை மறம்.",source_note,markdown:source-note,,,,,high,machine_checked,corpus/purananuru/poems/087.md,7838de88f0f45381a7be3f99b00054ff80722f9d1975ed44e491255255e7bb27
asrt.08c40fd2eed515f01694ba98,purananuru,087,TEXTUAL_CONDITION,SOURCE_EXPLICIT,HAS_TEXTUAL_STATUS,complete,textual_status,yaml:textual_status,,,,,high,machine_checked,corpus/purananuru/poems/087.md,7838de88f0f45381a7be3f99b00054ff80722f9d1975ed44e491255255e7bb27
asrt.36647bdedd6ec3be2dbe04cc,purananuru,087,WARFARE_MENTION,SOURCE_EXPLICIT,MENTIONS_CANDIDATE,போர்,canonical_body,markdown:canonical-body,1,1,31,35,medium,human_review_required,corpus/purananuru/poems/087.md,7838de88f0f45381a7be3f99b00054ff80722f9d1975ed44e491255255e7bb27
asrt.befb306edc361b5a9afebba3,purananuru,088,POET_ATTRIBUTION,SOURCE_EXPLICIT,ATTRIBUTED_TO,ஔவையார்,poet_as_printed,yaml:poet_as_printed,,,,,high,machine_checked,corpus/purananuru/poems/088.md,d39e35864d2a73981c93714ac91c84177ca9d3b48f9a759e18789c431de587aa
asrt.e6041033620eb858e9500974,purananuru,088,PATRON_OR_ADDRESSEE,SOURCE_EXPLICIT,ADDRESSED_TO,அதியமான் நெடுமானஞ்சி,addressee_as_printed,yaml:addressee_as_printed,,,,,high,machine_checked,corpus/purananuru/poems/088.md,d39e35864d2a73981c93714ac91c84177ca9d3b48f9a759e18789c431de587aa
asrt.77f3a659e0b65812eee21d9c,purananuru,088,TINI_VALUE,SOURCE_EXPLICIT,ASSOCIATED_WITH_TINAI,தும்பை,thinai_as_printed,yaml:thinai_as_printed,,,,,high,machine_checked,corpus/purananuru/poems/088.md,d39e35864d2a73981c93714ac91c84177ca9d3b48f9a759e18789c431de587aa
asrt.95d0e8508e893feef9d26f45,purananuru,088,TURAI_VALUE,SOURCE_EXPLICIT,ASSOCIATED_WITH_TURAI,தானை மறம்,thurai,yaml:thurai,,,,,high,machine_checked,corpus/purananuru/poems/088.md,d39e35864d2a73981c93714ac91c84177ca9d3b48f9a759e18789c431de587aa
asrt.1829b5659b8497717d0bb6fb,purananuru,088,SOURCE_CONTEXT_NOTE,SOURCE_EXPLICIT,HAS_PRINTED_TITLE,எவருஞ் சொல்லாதீர்!,title_as_printed,yaml:title_as_printed,,,,,high,machine_checked,corpus/purananuru/poems/088.md,d39e35864d2a73981c93714ac91c84177ca9d3b48f9a759e18789c431de587aa
asrt.1deb780a18339cd8879ce62f,purananuru,088,SOURCE_CONTEXT_NOTE,SOURCE_EXPLICIT,HAS_PRINTED_SOURCE_NOTE,"பாடியவர்: ஔவையார்.
பாடப்பட்டோன் :அதியமான் நெடுமானஞ்சி.
திணை; தும்பை. துறை; தானை மறம்.",source_note,markdown:source-note,,,,,high,machine_checked,corpus/purananuru/poems/088.md,d39e35864d2a73981c93714ac91c84177ca9d3b48f9a759e18789c431de587aa
asrt.9fdc7c0cf5277c954f6723a2,purananuru,088,TEXTUAL_CONDITION,SOURCE_EXPLICIT,HAS_TEXTUAL_STATUS,complete,textual_status,yaml:textual_status,,,,,high,machine_checked,corpus/purananuru/poems/088.md,d39e35864d2a73981c93714ac91c84177ca9d3b48f9a759e18789c431de587aa
asrt.c20621662fe90ce65f2974ce,purananuru,089,POET_ATTRIBUTION,SOURCE_EXPLICIT,ATTRIBUTED_TO,ஔவையார்,poet_as_printed,yaml:poet_as_printed,,,,,high,machine_checked,corpus/purananuru/poems/089.md,876a2bae292ef57aed01bc8f00580e77246cbc01d31ce9455cdd2606f6bc149d
asrt.dc4828cc1b551e483b1f643b,purananuru,089,PATRON_OR_ADDRESSEE,SOURCE_EXPLICIT,ADDRESSED_TO,அதியமான் நெடுமான் அஞ்சி,addressee_as_printed,yaml:addressee_as_printed,,,,,high,machine_checked,corpus/purananuru/poems/089.md,876a2bae292ef57aed01bc8f00580e77246cbc01d31ce9455cdd2606f6bc149d
asrt.c944ed138ed0f43557aef9b0,purananuru,089,TINI_VALUE,SOURCE_EXPLICIT,ASSOCIATED_WITH_TINAI,தும்பை,thinai_as_printed,yaml:thinai_as_printed,,,,,high,machine_checked,corpus/purananuru/poems/089.md,876a2bae292ef57aed01bc8f00580e77246cbc01d31ce9455cdd2606f6bc149d
asrt.8b1baeda207ad36975b87a2b,purananuru,089,TURAI_VALUE,SOURCE_EXPLICIT,ASSOCIATED_WITH_TURAI,தானை மறம்,thurai,yaml:thurai,,,,,high,machine_checked,corpus/purananuru/poems/089.md,876a2bae292ef57aed01bc8f00580e77246cbc01d31ce9455cdd2606f6bc149d
asrt.6becef00c56b24952551564d,purananuru,089,SOURCE_CONTEXT_NOTE,SOURCE_EXPLICIT,HAS_PRINTED_TITLE,என்னையும் உளனே!,title_as_printed,yaml:title_as_printed,,,,,high,machine_checked,corpus/purananuru/poems/089.md,876a2bae292ef57aed01bc8f00580e77246cbc01d31ce9455cdd2606f6bc149d
asrt.b28b023a07669949f11ef1f7,purananuru,089,SOURCE_CONTEXT_NOTE,SOURCE_EXPLICIT,HAS_PRINTED_SOURCE_NOTE,"பாடியவர்: ஔவையார்.
பாடப்பட்டோன்: அதியமான் நெடுமான் அஞ்சி.
திணை : தும்பை. துறை: தானை மறம்.",source_note,markdown:source-note,,,,,high,machine_checked,corpus/purananuru/poems/089.md,876a2bae292ef57aed01bc8f00580e77246cbc01d31ce9455cdd2606f6bc149d
asrt.3592a4a8a8740ba2424d3833,purananuru,089,TEXTUAL_CONDITION,SOURCE_EXPLICIT,HAS_TEXTUAL_STATUS,complete,textual_status,yaml:textual_status,,,,,high,machine_checked,corpus/purananuru/poems/089.md,876a2bae292ef57aed01bc8f00580e77246cbc01d31ce9455cdd2606f6bc149d
asrt.d8789f23ac8a4700efe615e7,purananuru,089,WARFARE_MENTION,SOURCE_EXPLICIT,MENTIONS_CANDIDATE,போர்,canonical_body,markdown:canonical-body,9,9,4,8,medium,human_review_required,corpus/purananuru/poems/089.md,876a2bae292ef57aed01bc8f00580e77246cbc01d31ce9455cdd2606f6bc149d
asrt.8946f1464d4fcb546b75a39e,purananuru,090,POET_ATTRIBUTION,SOURCE_EXPLICIT,ATTRIBUTED_TO,ஔவையார்,poet_as_printed,yaml:poet_as_printed,,,,,high,machine_checked,corpus/purananuru/poems/090.md,01360d5a2bec15223ea92256f06dd6fb9abd22094d49ec578b1426354af3bf2c
asrt.aea0208fd5e5f84b54c63c1b,purananuru,090,PATRON_OR_ADDRESSEE,SOURCE_EXPLICIT,ADDRESSED_TO,அதியமான் நெடுமான் அஞ்சி,addressee_as_printed,yaml:addressee_as_printed,,,,,high,machine_checked,corpus/purananuru/poems/090.md,01360d5a2bec15223ea92256f06dd6fb9abd22094d49ec578b1426354af3bf2c
asrt.2935c032e7558a092b1a414a,purananuru,090,TINI_VALUE,SOURCE_EXPLICIT,ASSOCIATED_WITH_TINAI,தும்பை,thinai_as_printed,yaml:thinai_as_printed,,,,,high,machine_checked,corpus/purananuru/poems/090.md,01360d5a2bec15223ea92256f06dd6fb9abd22094d49ec578b1426354af3bf2c
asrt.b108c0621a638fed64df05d2,purananuru,090,TURAI_VALUE,SOURCE_EXPLICIT,ASSOCIATED_WITH_TURAI,தானை மறம்,thurai,yaml:thurai,,,,,high,machine_checked,corpus/purananuru/poems/090.md,01360d5a2bec15223ea92256f06dd6fb9abd22094d49ec578b1426354af3bf2c
asrt.c3363aa8ddd24c2683a031b2,purananuru,090,SOURCE_CONTEXT_NOTE,SOURCE_EXPLICIT,HAS_PRINTED_SOURCE_NOTE,"பாடியவர்: ஔவையார்.
பாடப்பட்டோன்: அதியமான் நெடுமான் அஞ்சி.
திணை : தும்பை. துறை: தானை மறம்.",source_note,markdown:source-note,,,,,high,machine_checked,corpus/purananuru/poems/090.md,01360d5a2bec15223ea92256f06dd6fb9abd22094d49ec578b1426354af3bf2c
asrt.d1b635102147753f92cbbf1a,purananuru,090,SOURCE_CONTEXT_NOTE,SOURCE_EXPLICIT,HAS_PRINTED_TITLE,புலியும் மானினமும்!,title_as_printed,yaml:title_as_printed,,,,,high,machine_checked,corpus/purananuru/poems/090.md,01360d5a2bec15223ea92256f06dd6fb9abd22094d49ec578b1426354af3bf2c
asrt.f6848e8c0d001321f8923213,purananuru,090,TEXTUAL_CONDITION,SOURCE_EXPLICIT,HAS_TEXTUAL_STATUS,complete,textual_status,yaml:textual_status,,,,,high,machine_checked,corpus/purananuru/poems/090.md,01360d5a2bec15223ea92256f06dd6fb9abd22094d49ec578b1426354af3bf2c
asrt.5cf7ed7f0dd96e5a8f974086,purananuru,091,POET_ATTRIBUTION,SOURCE_EXPLICIT,ATTRIBUTED_TO,ஔவையார்,poet_as_printed,yaml:poet_as_printed,,,,,high,machine_checked,corpus/purananuru/poems/091.md,885301d103bbcfa8d8c07b87841c8f2d44a9bc9145f549cb755ff5a989276107
asrt.3340473b5eaff0f62a9b93f6,purananuru,091,PATRON_OR_ADDRESSEE,SOURCE_EXPLICIT,ADDRESSED_TO,அதியமான் நெடுமான் அஞ்சி,addressee_as_printed,yaml:addressee_as_printed,,,,,high,machine_checked,corpus/purananuru/poems/091.md,885301d103bbcfa8d8c07b87841c8f2d44a9bc9145f549cb755ff5a989276107
asrt.8808e428dece28fbc374124b,purananuru,091,TINI_VALUE,SOURCE_EXPLICIT,ASSOCIATED_WITH_TINAI,தும்பை,thinai_as_printed,yaml:thinai_as_printed,,,,,high,machine_checked,corpus/purananuru/poems/091.md,885301d103bbcfa8d8c07b87841c8f2d44a9bc9145f549cb755ff5a989276107
asrt.f0eda6db8ebc85c6272d5c48,purananuru,091,TURAI_VALUE,SOURCE_EXPLICIT,ASSOCIATED_WITH_TURAI,வாழ்த்தியல்,thurai,yaml:thurai,,,,,high,machine_checked,corpus/purananuru/poems/091.md,885301d103bbcfa8d8c07b87841c8f2d44a9bc9145f549cb755ff5a989276107
asrt.e451c515fd99c02621ac16a8,purananuru,091,SOURCE_CONTEXT_NOTE,SOURCE_EXPLICIT,HAS_PRINTED_TITLE,எமக்கு ஈத்தனையே!,title_as_printed,yaml:title_as_printed,,,,,high,machine_checked,corpus/purananuru/poems/091.md,885301d103bbcfa8d8c07b87841c8f2d44a9bc9145f549cb755ff5a989276107
asrt.c1676fb5ab6cc4077b199f94,purananuru,091,SOURCE_CONTEXT_NOTE,SOURCE_EXPLICIT,HAS_PRINTED_SOURCE_NOTE,"பாடியவர்: ஔவையார்.
பாடப்பட்டோன்: அதியமான் நெடுமான் அஞ்சி.
திணை : தும்பை. துறை: வாழ்த்தியல்.",source_note,markdown:source-note,,,,,high,machine_checked,corpus/purananuru/poems/091.md,885301d103bbcfa8d8c07b87841c8f2d44a9bc9145f549cb755ff5a989276107
asrt.b71f02c8b5708fdde07127d9,purananuru,091,TEXTUAL_CONDITION,SOURCE_EXPLICIT,HAS_TEXTUAL_STATUS,complete,textual_status,yaml:textual_status,,,,,high,machine_checked,corpus/purananuru/poems/091.md,885301d103bbcfa8d8c07b87841c8f2d44a9bc9145f549cb755ff5a989276107
asrt.5543a3bc886070674918ec28,purananuru,092,POET_ATTRIBUTION,SOURCE_EXPLICIT,ATTRIBUTED_TO,ஔவையார்,poet_as_printed,yaml:poet_as_printed,,,,,high,machine_checked,corpus/purananuru/poems/092.md,4a5f8353f867ec095851041cba13d77840acbc31bbc58321ac79a495f515a077
asrt.2b0f25b4f5ff06131fbbe977,purananuru,092,PATRON_OR_ADDRESSEE,SOURCE_EXPLICIT,ADDRESSED_TO,அதியமான் நெடுமான் அஞ்சி,addressee_as_printed,yaml:addressee_as_printed,,,,,high,machine_checked,corpus/purananuru/poems/092.md,4a5f8353f867ec095851041cba13d77840acbc31bbc58321ac79a495f515a077
asrt.ca114373b67c8622aa5b8d3e,purananuru,092,TINI_VALUE,SOURCE_EXPLICIT,ASSOCIATED_WITH_TINAI,தும்பை,thinai_as_printed,yaml:thinai_as_printed,,,,,high,machine_checked,corpus/purananuru/poems/092.md,4a5f8353f867ec095851041cba13d77840acbc31bbc58321ac79a495f515a077
asrt.980b252ea2047fbdc1844303,purananuru,092,TURAI_VALUE,SOURCE_EXPLICIT,ASSOCIATED_WITH_TURAI,இயன் மொழி,thurai,yaml:thurai,,,,,high,machine_checked,corpus/purananuru/poems/092.md,4a5f8353f867ec095851041cba13d77840acbc31bbc58321ac79a495f515a077
asrt.bd1b18c6b20e5e24d3194bb9,purananuru,092,SOURCE_CONTEXT_NOTE,SOURCE_EXPLICIT,HAS_PRINTED_SOURCE_NOTE,"பாடியவர்: ஔவையார்.
பாடப்பட்டோன்: அதியமான் நெடுமான் அஞ்சி.
திணை : தும்பை. துறை: இயன் மொழி.",source_note,markdown:source-note,,,,,high,machine_checked,corpus/purananuru/poems/092.md,4a5f8353f867ec095851041cba13d77840acbc31bbc58321ac79a495f515a077
asrt.ab7825d6572db803d0863532,purananuru,092,SOURCE_CONTEXT_NOTE,SOURCE_EXPLICIT,HAS_PRINTED_TITLE,மழலையும் பெருமையும்!,title_as_printed,yaml:title_as_printed,,,,,high,machine_checked,corpus/purananuru/poems/092.md,4a5f8353f867ec095851041cba13d77840acbc31bbc58321ac79a495f515a077
asrt.b8c3f2c4812bc4b18ab09ea1,purananuru,092,TEXTUAL_CONDITION,SOURCE_EXPLICIT,HAS_TEXTUAL_STATUS,complete,textual_status,yaml:textual_status,,,,,high,machine_checked,corpus/purananuru/poems/092.md,4a5f8353f867ec095851041cba13d77840acbc31bbc58321ac79a495f515a077
asrt.cba10cfd50b1e53afc622b8b,purananuru,093,POET_ATTRIBUTION,SOURCE_EXPLICIT,ATTRIBUTED_TO,ஔவையார்,poet_as_printed,yaml:poet_as_printed,,,,,high,machine_checked,corpus/purananuru/poems/093.md,077bf7e7d968abe24f36c6c0e9611305bb50091c767fa1fa2345631920f2cc4e
asrt.6f16772bf104c0cc5fbc8571,purananuru,093,PATRON_OR_ADDRESSEE,SOURCE_EXPLICIT,ADDRESSED_TO,அதியமான் நெடுமான் அஞ்சி,addressee_as_printed,yaml:addressee_as_printed,,,,,high,machine_checked,corpus/purananuru/poems/093.md,077bf7e7d968abe24f36c6c0e9611305bb50091c767fa1fa2345631920f2cc4e
asrt.f5541caac44d868c6f370fa6,purananuru,093,TINI_VALUE,SOURCE_EXPLICIT,ASSOCIATED_WITH_TINAI,வாகை,thinai_as_printed,yaml:thinai_as_printed,,,,,high,machine_checked,corpus/purananuru/poems/093.md,077bf7e7d968abe24f36c6c0e9611305bb50091c767fa1fa2345631920f2cc4e
asrt.48960c071241cf0f84850e28,purananuru,093,TURAI_VALUE,SOURCE_EXPLICIT,ASSOCIATED_WITH_TURAI,அரச வாகை,thurai,yaml:thurai,,,,,high,machine_checked,corpus/purananuru/poems/093.md,077bf7e7d968abe24f36c6c0e9611305bb50091c767fa1fa2345631920f2cc4e
asrt.3adc83f1b5e9f63947a19caf,purananuru,093,SOURCE_CONTEXT_NOTE,SOURCE_EXPLICIT,HAS_PRINTED_SOURCE_NOTE,"பாடியவர்: ஔவையார்.
பாடப்பட்டோன்: அதியமான் நெடுமான் அஞ்சி.
திணை : வாகை. துறை: அரச வாகை.",source_note,markdown:source-note,,,,,high,machine_checked,corpus/purananuru/poems/093.md,077bf7e7d968abe24f36c6c0e9611305bb50091c767fa1fa2345631920f2cc4e
asrt.7afe9e70f051fa9f8cbae5c1,purananuru,093,SOURCE_CONTEXT_NOTE,SOURCE_EXPLICIT,HAS_PRINTED_TITLE,பெருந்தகை புண்பட்டாய்!,title_as_printed,yaml:title_as_printed,,,,,high,machine_checked,corpus/purananuru/poems/093.md,077bf7e7d968abe24f36c6c0e9611305bb50091c767fa1fa2345631920f2cc4e
asrt.baa7a6fdd69330a9313bf3bf,purananuru,093,TEXTUAL_CONDITION,SOURCE_EXPLICIT,HAS_TEXTUAL_STATUS,complete,textual_status,yaml:textual_status,,,,,high,machine_checked,corpus/purananuru/poems/093.md,077bf7e7d968abe24f36c6c0e9611305bb50091c767fa1fa2345631920f2cc4e
asrt.d83726a5ed769ebd0486f784,purananuru,093,COMMUNITY_MENTION,SOURCE_EXPLICIT,MENTIONS_CANDIDATE,மறவர்,canonical_body,markdown:canonical-body,10,10,10,15,medium,human_review_required,corpus/purananuru/poems/093.md,077bf7e7d968abe24f36c6c0e9611305bb50091c767fa1fa2345631920f2cc4e
asrt.c02fc75dfa8b643bf5453f22,purananuru,093,FAUNA_MENTION,SOURCE_EXPLICIT,MENTIONS_CANDIDATE,யானை,canonical_body,markdown:canonical-body,13,13,7,11,medium,human_review_required,corpus/purananuru/poems/093.md,077bf7e7d968abe24f36c6c0e9611305bb50091c767fa1fa2345631920f2cc4e
asrt.ed23edc2f2135c8bbb443cb0,purananuru,094,POET_ATTRIBUTION,SOURCE_EXPLICIT,ATTRIBUTED_TO,ஔவையார்,poet_as_printed,yaml:poet_as_printed,,,,,high,machine_checked,corpus/purananuru/poems/094.md,5117e5bd49129085c93e7a5bcc10080a7f25037d41b28645b4202fd20dcee0f8
asrt.280938e657a62df00e223b35,purananuru,094,PATRON_OR_ADDRESSEE,SOURCE_EXPLICIT,ADDRESSED_TO,அதியமான் நெடுமான் அஞ்சி,addressee_as_printed,yaml:addressee_as_printed,,,,,high,machine_checked,corpus/purananuru/poems/094.md,5117e5bd49129085c93e7a5bcc10080a7f25037d41b28645b4202fd20dcee0f8
asrt.7fbd7a8ffd1ee15139ccb78c,purananuru,094,TINI_VALUE,SOURCE_EXPLICIT,ASSOCIATED_WITH_TINAI,வாகை,thinai_as_printed,yaml:thinai_as_printed,,,,,high,machine_checked,corpus/purananuru/poems/094.md,5117e5bd49129085c93e7a5bcc10080a7f25037d41b28645b4202fd20dcee0f8
asrt.d065d7883cefbedddcd2a23f,purananuru,094,TURAI_VALUE,SOURCE_EXPLICIT,ASSOCIATED_WITH_TURAI,அரச வாகை,thurai,yaml:thurai,,,,,high,machine_checked,corpus/purananuru/poems/094.md,5117e5bd49129085c93e7a5bcc10080a7f25037d41b28645b4202fd20dcee0f8
asrt.d7604f0c4edbfc95c7cf4c58,purananuru,094,SOURCE_CONTEXT_NOTE,SOURCE_EXPLICIT,HAS_PRINTED_TITLE,சிறுபிள்ளை பெருங்களிறு!,title_as_printed,yaml:title_as_printed,,,,,high,machine_checked,corpus/purananuru/poems/094.md,5117e5bd49129085c93e7a5bcc10080a7f25037d41b28645b4202fd20dcee0f8
asrt.24b5dc3810f77c95fcf0c228,purananuru,094,SOURCE_CONTEXT_NOTE,SOURCE_EXPLICIT,HAS_PRINTED_SOURCE_NOTE,"பாடியவர்: ஔவையார்.
பாடப்பட்டோன்: அதியமான் நெடுமான் அஞ்சி.
திணை : வாகை. துறை: அரச வாகை.",source_note,markdown:source-note,,,,,high,machine_checked,corpus/purananuru/poems/094.md,5117e5bd49129085c93e7a5bcc10080a7f25037d41b28645b4202fd20dcee0f8
asrt.3dbc0ef0d81c32fe3f3d39ec,purananuru,094,TEXTUAL_CONDITION,SOURCE_EXPLICIT,HAS_TEXTUAL_STATUS,complete,textual_status,yaml:textual_status,,,,,high,machine_checked,corpus/purananuru/poems/094.md,5117e5bd49129085c93e7a5bcc10080a7f25037d41b28645b4202fd20dcee0f8
asrt.933ea88d672a6d9cd23abeb8,purananuru,095,POET_ATTRIBUTION,SOURCE_EXPLICIT,ATTRIBUTED_TO,ஔவையார்,poet_as_printed,yaml:poet_as_printed,,,,,high,machine_checked,corpus/purananuru/poems/095.md,a6041b98b208b8a9a6428d048024f4ddc02e4721387a4d9b9e6ca61a65b266af
asrt.eee19a01b535b7c01f434d27,purananuru,095,PATRON_OR_ADDRESSEE,SOURCE_EXPLICIT,ADDRESSED_TO,அதியமான் நெடுமான் அஞ்சி,addressee_as_printed,yaml:addressee_as_printed,,,,,high,machine_checked,corpus/purananuru/poems/095.md,a6041b98b208b8a9a6428d048024f4ddc02e4721387a4d9b9e6ca61a65b266af
asrt.6d054d3a123d9d95a04e436e,purananuru,095,TINI_VALUE,SOURCE_EXPLICIT,ASSOCIATED_WITH_TINAI,பாடாண்,thinai_as_printed,yaml:thinai_as_printed,,,,,high,machine_checked,corpus/purananuru/poems/095.md,a6041b98b208b8a9a6428d048024f4ddc02e4721387a4d9b9e6ca61a65b266af
asrt.1539cd67165c1b5865059a1f,purananuru,095,TURAI_VALUE,SOURCE_EXPLICIT,ASSOCIATED_WITH_TURAI,"வாண் மங்கலம்,",thurai,yaml:thurai,,,,,high,machine_checked,corpus/purananuru/poems/095.md,a6041b98b208b8a9a6428d048024f4ddc02e4721387a4d9b9e6ca61a65b266af
asrt.dbc79f699e0c37ea8a7f6183,purananuru,095,SOURCE_CONTEXT_NOTE,SOURCE_EXPLICIT,HAS_PRINTED_SOURCE_NOTE,"பாடியவர்: ஔவையார்.
பாடப்பட்டோன்: அதியமான் நெடுமான் அஞ்சி.
திணை : பாடாண். துறை: வாண் மங்கலம்,",source_note,markdown:source-note,,,,,high,machine_checked,corpus/purananuru/poems/095.md,a6041b98b208b8a9a6428d048024f4ddc02e4721387a4d9b9e6ca61a65b266af
asrt.d8c523f4cb48e2801230900c,purananuru,095,SOURCE_CONTEXT_NOTE,SOURCE_EXPLICIT,HAS_PRINTED_TITLE,புதியதும் உடைந்ததும்!,title_as_printed,yaml:title_as_printed,,,,,high,machine_checked,corpus/purananuru/poems/095.md,a6041b98b208b8a9a6428d048024f4ddc02e4721387a4d9b9e6ca61a65b266af
asrt.5591b1f8db423d3be1eec7fb,purananuru,095,TEXTUAL_CONDITION,SOURCE_EXPLICIT,HAS_TEXTUAL_STATUS,complete,textual_status,yaml:textual_status,,,,,high,machine_checked,corpus/purananuru/poems/095.md,a6041b98b208b8a9a6428d048024f4ddc02e4721387a4d9b9e6ca61a65b266af
asrt.64bc27d0ba0b18cc26cc1473,purananuru,096,POET_ATTRIBUTION,SOURCE_EXPLICIT,ATTRIBUTED_TO,ஔவையார்,poet_as_printed,yaml:poet_as_printed,,,,,high,machine_checked,corpus/purananuru/poems/096.md,69e36e84d247b1310a76b4128e59973178e5a74c14d96ea31f2360ff857f56fd
asrt.dbd6b5edf7b16aa5e3e9afb8,purananuru,096,PATRON_OR_ADDRESSEE,SOURCE_EXPLICIT,ADDRESSED_TO,அதியமான் மகன் பொகுட்டெழினி,addressee_as_printed,yaml:addressee_as_printed,,,,,high,machine_checked,corpus/purananuru/poems/096.md,69e36e84d247b1310a76b4128e59973178e5a74c14d96ea31f2360ff857f56fd
asrt.74f7e782ddfe064fa407399e,purananuru,096,TINI_VALUE,SOURCE_EXPLICIT,ASSOCIATED_WITH_TINAI,பாடாண்,thinai_as_printed,yaml:thinai_as_printed,,,,,high,machine_checked,corpus/purananuru/poems/096.md,69e36e84d247b1310a76b4128e59973178e5a74c14d96ea31f2360ff857f56fd
asrt.f11fe495277848709fa344ed,purananuru,096,TURAI_VALUE,SOURCE_EXPLICIT,ASSOCIATED_WITH_TURAI,இயன் மொழி,thurai,yaml:thurai,,,,,high,machine_checked,corpus/purananuru/poems/096.md,69e36e84d247b1310a76b4128e59973178e5a74c14d96ea31f2360ff857f56fd
asrt.4a387b208337e297f0abcc23,purananuru,096,SOURCE_CONTEXT_NOTE,SOURCE_EXPLICIT,HAS_PRINTED_TITLE,அவன் செல்லும் ஊர்!,title_as_printed,yaml:title_as_printed,,,,,high,machine_checked,corpus/purananuru/poems/096.md,69e36e84d247b1310a76b4128e59973178e5a74c14d96ea31f2360ff857f56fd
asrt.2b70a9319adc8700581ae124,purananuru,096,SOURCE_CONTEXT_NOTE,SOURCE_EXPLICIT,HAS_PRINTED_SOURCE_NOTE,"பாடியவர்: ஔவையார்.
பாடப்பட்டோன்: அதியமான் மகன் பொகுட்டெழினி.
திணை : பாடாண். துறை: இயன் மொழி.",source_note,markdown:source-note,,,,,high,machine_checked,corpus/purananuru/poems/096.md,69e36e84d247b1310a76b4128e59973178e5a74c14d96ea31f2360ff857f56fd
asrt.a4068e9b76e260d6909868d7,purananuru,096,TEXTUAL_CONDITION,SOURCE_EXPLICIT,HAS_TEXTUAL_STATUS,complete,textual_status,yaml:textual_status,,,,,high,machine_checked,corpus/purananuru/poems/096.md,69e36e84d247b1310a76b4128e59973178e5a74c14d96ea31f2360ff857f56fd
asrt.1a06badb0b7cebb6d8258683,purananuru,097,POET_ATTRIBUTION,SOURCE_EXPLICIT,ATTRIBUTED_TO,ஔவையார்,poet_as_printed,yaml:poet_as_printed,,,,,high,machine_checked,corpus/purananuru/poems/097.md,02e07d927e118544ac91efd4230c977fa65b8b403dc5e1f18e6dbdb577f8775f
asrt.c2406917ab404da7cf8b0a34,purananuru,097,PATRON_OR_ADDRESSEE,SOURCE_EXPLICIT,ADDRESSED_TO,அதியமான் நெடுமான் அஞ்சி,addressee_as_printed,yaml:addressee_as_printed,,,,,high,machine_checked,corpus/purananuru/poems/097.md,02e07d927e118544ac91efd4230c977fa65b8b403dc5e1f18e6dbdb577f8775f
asrt.29ab0bd778fa3c869bdd017f,purananuru,097,TINI_VALUE,SOURCE_EXPLICIT,ASSOCIATED_WITH_TINAI,பாடாண்,thinai_as_printed,yaml:thinai_as_printed,,,,,high,machine_checked,corpus/purananuru/poems/097.md,02e07d927e118544ac91efd4230c977fa65b8b403dc5e1f18e6dbdb577f8775f
asrt.3afa7973ea9a2ea9b9330a41,purananuru,097,TURAI_VALUE,SOURCE_EXPLICIT,ASSOCIATED_WITH_TURAI,இயன் மொழி,thurai,yaml:thurai,,,,,high,machine_checked,corpus/purananuru/poems/097.md,02e07d927e118544ac91efd4230c977fa65b8b403dc5e1f18e6dbdb577f8775f
asrt.540831fe9cf85d74f15e117a,purananuru,097,SOURCE_CONTEXT_NOTE,SOURCE_EXPLICIT,HAS_PRINTED_SOURCE_NOTE,"பாடியவர்: ஔவையார்.
பாடப்பட்டோன்: அதியமான் நெடுமான் அஞ்சி.
திணை : பாடாண். துறை: இயன் மொழி.",source_note,markdown:source-note,,,,,high,machine_checked,corpus/purananuru/poems/097.md,02e07d927e118544ac91efd4230c977fa65b8b403dc5e1f18e6dbdb577f8775f
asrt.9149fb6320e545392a626a49,purananuru,097,SOURCE_CONTEXT_NOTE,SOURCE_EXPLICIT,HAS_PRINTED_TITLE,மூதூர்க்கு உரிமை!,title_as_printed,yaml:title_as_printed,,,,,high,machine_checked,corpus/purananuru/poems/097.md,02e07d927e118544ac91efd4230c977fa65b8b403dc5e1f18e6dbdb577f8775f
asrt.ac66b9137299c1e854b69227,purananuru,097,TEXTUAL_CONDITION,SOURCE_EXPLICIT,HAS_TEXTUAL_STATUS,complete,textual_status,yaml:textual_status,,,,,high,machine_checked,corpus/purananuru/poems/097.md,02e07d927e118544ac91efd4230c977fa65b8b403dc5e1f18e6dbdb577f8775f
asrt.6c9a30705b8e96cdc2808444,purananuru,097,WATER_BODY_MENTION,SOURCE_EXPLICIT,MENTIONS_CANDIDATE,கடல்,canonical_body,markdown:canonical-body,14,14,30,34,medium,human_review_required,corpus/purananuru/poems/097.md,02e07d927e118544ac91efd4230c977fa65b8b403dc5e1f18e6dbdb577f8775f
asrt.a80792f98bf5727746d76b44,purananuru,097,COMMUNITY_MENTION,SOURCE_EXPLICIT,MENTIONS_CANDIDATE,மறவர்,canonical_body,markdown:canonical-body,11,11,26,31,medium,human_review_required,corpus/purananuru/poems/097.md,02e07d927e118544ac91efd4230c977fa65b8b403dc5e1f18e6dbdb577f8775f
asrt.b29b0d06fd99fea724aa9a6f,purananuru,097,WARFARE_MENTION,SOURCE_EXPLICIT,MENTIONS_CANDIDATE,வாள்,canonical_body,markdown:canonical-body,1,1,31,35,medium,human_review_required,corpus/purananuru/poems/097.md,02e07d927e118544ac91efd4230c977fa65b8b403dc5e1f18e6dbdb577f8775f
asrt.c2b91d73596364be892db834,purananuru,098,POET_ATTRIBUTION,SOURCE_EXPLICIT,ATTRIBUTED_TO,ஔவையார்,poet_as_printed,yaml:poet_as_printed,,,,,high,machine_checked,corpus/purananuru/poems/098.md,79ba66b4d83f6a37e99bfc30f0bf4e7b815c6437304268621512265f96df240c
asrt.587f1cf97dfb4cb6c6b8ea6a,purananuru,098,PATRON_OR_ADDRESSEE,SOURCE_EXPLICIT,ADDRESSED_TO,அதியமான் நெடுமான் அஞ்சி,addressee_as_printed,yaml:addressee_as_printed,,,,,high,machine_checked,corpus/purananuru/poems/098.md,79ba66b4d83f6a37e99bfc30f0bf4e7b815c6437304268621512265f96df240c
asrt.12170cebec72b27779baa535,purananuru,098,TINI_VALUE,SOURCE_EXPLICIT,ASSOCIATED_WITH_TINAI,வாகை,thinai_as_printed,yaml:thinai_as_printed,,,,,high,machine_checked,corpus/purananuru/poems/098.md,79ba66b4d83f6a37e99bfc30f0bf4e7b815c6437304268621512265f96df240c
asrt.154562ceea7990a577372e7b,purananuru,098,TURAI_VALUE,SOURCE_EXPLICIT,ASSOCIATED_WITH_TURAI,அரச வாகை,thurai,yaml:thurai,,,,,high,machine_checked,corpus/purananuru/poems/098.md,79ba66b4d83f6a37e99bfc30f0bf4e7b815c6437304268621512265f96df240c
asrt.d1035b7b2ca75e948839be1e,purananuru,098,SOURCE_CONTEXT_NOTE,SOURCE_EXPLICIT,HAS_PRINTED_SOURCE_NOTE,"பாடியவர்: ஔவையார்.
பாடப்பட்டோன்: அதியமான் நெடுமான் அஞ்சி.
திணை : வாகை. துறை: அரச வாகை. திணை: வஞ்சியும், துறை; கொற்றவள்ளையுமாம்.",source_note,markdown:source-note,,,,,high,machine_checked,corpus/purananuru/poems/098.md,79ba66b4d83f6a37e99bfc30f0bf4e7b815c6437304268621512265f96df240c
asrt.e5ffe56be2068fbedf89709c,purananuru,098,SOURCE_CONTEXT_NOTE,SOURCE_EXPLICIT,HAS_PRINTED_TITLE,வளநாடு கெடுவதோ!,title_as_printed,yaml:title_as_printed,,,,,high,machine_checked,corpus/purananuru/poems/098.md,79ba66b4d83f6a37e99bfc30f0bf4e7b815c6437304268621512265f96df240c
asrt.629cb6f6071b7d0281baa9ac,purananuru,098,TEXTUAL_CONDITION,SOURCE_EXPLICIT,HAS_TEXTUAL_STATUS,complete,textual_status,yaml:textual_status,,,,,high,machine_checked,corpus/purananuru/poems/098.md,79ba66b4d83f6a37e99bfc30f0bf4e7b815c6437304268621512265f96df240c
asrt.0448b66c3f85b6087edd805f,purananuru,098,FAUNA_MENTION,SOURCE_EXPLICIT,MENTIONS_CANDIDATE,களிறு,canonical_body,markdown:canonical-body,3,3,5,10,medium,human_review_required,corpus/purananuru/poems/098.md,79ba66b4d83f6a37e99bfc30f0bf4e7b815c6437304268621512265f96df240c
asrt.7e5d8b65cb4a53d30d703699,purananuru,098,WARFARE_MENTION,SOURCE_EXPLICIT,MENTIONS_CANDIDATE,வாள்,canonical_body,markdown:canonical-body,12,12,0,4,medium,human_review_required,corpus/purananuru/poems/098.md,79ba66b4d83f6a37e99bfc30f0bf4e7b815c6437304268621512265f96df240c
asrt.d7af47440fe1344350eb0398,purananuru,099,TEXTUAL_CONDITION,SOURCE_EXPLICIT,HAS_TEXTUAL_STATUS,complete,textual_status,yaml:textual_status,,,,,high,machine_checked,corpus/purananuru/poems/099.md,4ad07768b9f719fba5a844f8bdc5b200b606ca71fa079a9728cd06bf4beb9fe2
asrt.c7243870ac0edf1366c36811,purananuru,100,POET_ATTRIBUTION,SOURCE_EXPLICIT,ATTRIBUTED_TO,ஔவையார். பாடப்பட்டோன்: அதியமான் நெடுமான் அஞ்சி,poet_as_printed,yaml:poet_as_printed,,,,,high,machine_checked,corpus/purananuru/poems/100.md,67934faf1411a076c9292236280fd9edd491a565fb8c51032a18459bafe2c2b4
asrt.922d00594f32c248d3d41c9b,purananuru,100,TINI_VALUE,SOURCE_EXPLICIT,ASSOCIATED_WITH_TINAI,வாகை,thinai_as_printed,yaml:thinai_as_printed,,,,,high,machine_checked,corpus/purananuru/poems/100.md,67934faf1411a076c9292236280fd9edd491a565fb8c51032a18459bafe2c2b4
asrt.979cc5b569c3f562bee596ca,purananuru,100,TURAI_VALUE,SOURCE_EXPLICIT,ASSOCIATED_WITH_TURAI,அரச வாகை,thurai,yaml:thurai,,,,,high,machine_checked,corpus/purananuru/poems/100.md,67934faf1411a076c9292236280fd9edd491a565fb8c51032a18459bafe2c2b4
asrt.67106dab2cc3094e8db929b5,purananuru,100,SOURCE_CONTEXT_NOTE,SOURCE_EXPLICIT,HAS_PRINTED_TITLE,சினமும் சேயும்!,title_as_printed,yaml:title_as_printed,,,,,high,machine_checked,corpus/purananuru/poems/100.md,67934faf1411a076c9292236280fd9edd491a565fb8c51032a18459bafe2c2b4
asrt.2b442110603a057eca633ff4,purananuru,100,SOURCE_CONTEXT_NOTE,SOURCE_EXPLICIT,HAS_PRINTED_SOURCE_NOTE,"பாடியவர்: ஔவையார். பாடப்பட்டோன்: அதியமான் நெடுமான் அஞ்சி.
திணை : வாகை. துறை: அரச வாகை.
குறிப்பு: அதியமான் தவமகன் பிறந்தானைக் கண்டானை, அவர் பாடியது.",source_note,markdown:source-note,,,,,high,machine_checked,corpus/purananuru/poems/100.md,67934faf1411a076c9292236280fd9edd491a565fb8c51032a18459bafe2c2b4
asrt.66aeea46b78d832806f9a00b,purananuru,100,TEXTUAL_CONDITION,SOURCE_EXPLICIT,HAS_TEXTUAL_STATUS,complete,textual_status,yaml:textual_status,,,,,high,machine_checked,corpus/purananuru/poems/100.md,67934faf1411a076c9292236280fd9edd491a565fb8c51032a18459bafe2c2b4
asrt.c53eee7c58bb91dd522c96c2,purananuru,100,ECONOMIC_ACTIVITY,SOURCE_EXPLICIT,MENTIONS_CANDIDATE,வரி,canonical_body,markdown:canonical-body,5,5,0,3,medium,human_review_required,corpus/purananuru/poems/100.md,67934faf1411a076c9292236280fd9edd491a565fb8c51032a18459bafe2c2b4
asrt.e55047e91eba6bded40f7ed7,purananuru,101,POET_ATTRIBUTION,SOURCE_EXPLICIT,ATTRIBUTED_TO,"ஔவையார்,",poet_as_printed,yaml:poet_as_printed,,,,,high,machine_checked,corpus/purananuru/poems/101.md,cafdf2132ac1cb2ea98c369fdb8bfdec5ca29608b57aa2a9b0fb71c6ec723aed
asrt.e4b582a1761b01cfec4750f1,purananuru,101,PATRON_OR_ADDRESSEE,SOURCE_EXPLICIT,ADDRESSED_TO,அதியமான் நெடுமான் அஞ்சி,addressee_as_printed,yaml:addressee_as_printed,,,,,high,machine_checked,corpus/purananuru/poems/101.md,cafdf2132ac1cb2ea98c369fdb8bfdec5ca29608b57aa2a9b0fb71c6ec723aed
asrt.3338a4d5fb1e1d8714ab0136,purananuru,101,TINI_VALUE,SOURCE_EXPLICIT,ASSOCIATED_WITH_TINAI,பாடாண்,thinai_as_printed,yaml:thinai_as_printed,,,,,high,machine_checked,corpus/purananuru/poems/101.md,cafdf2132ac1cb2ea98c369fdb8bfdec5ca29608b57aa2a9b0fb71c6ec723aed
asrt.36a3aacd970cb496ac9eed44,purananuru,101,TURAI_VALUE,SOURCE_EXPLICIT,ASSOCIATED_WITH_TURAI,பரிசில் கடா நிலை,thurai,yaml:thurai,,,,,high,machine_checked,corpus/purananuru/poems/101.md,cafdf2132ac1cb2ea98c369fdb8bfdec5ca29608b57aa2a9b0fb71c6ec723aed
asrt.25f3b4e80127be2b90beaa24,purananuru,101,SOURCE_CONTEXT_NOTE,SOURCE_EXPLICIT,HAS_PRINTED_TITLE,பலநாளும் தலைநாளும்!,title_as_printed,yaml:title_as_printed,,,,,high,machine_checked,corpus/purananuru/poems/101.md,cafdf2132ac1cb2ea98c369fdb8bfdec5ca29608b57aa2a9b0fb71c6ec723aed
asrt.2ac061b6fea748308bc636cd,purananuru,101,SOURCE_CONTEXT_NOTE,SOURCE_EXPLICIT,HAS_PRINTED_SOURCE_NOTE,"பாடியவர்: ஔவையார்,
பாடப்பட்டோன்: அதியமான் நெடுமான் அஞ்சி.
திணை: பாடாண். துறை: பரிசில் கடா நிலை.",source_note,markdown:source-note,,,,,high,machine_checked,corpus/purananuru/poems/101.md,cafdf2132ac1cb2ea98c369fdb8bfdec5ca29608b57aa2a9b0fb71c6ec723aed
asrt.acff0790d2863c23e3ce612f,purananuru,101,TEXTUAL_CONDITION,SOURCE_EXPLICIT,HAS_TEXTUAL_STATUS,complete,textual_status,yaml:textual_status,,,,,high,machine_checked,corpus/purananuru/poems/101.md,cafdf2132ac1cb2ea98c369fdb8bfdec5ca29608b57aa2a9b0fb71c6ec723aed
asrt.e24f29798088e7da8ef2f040,purananuru,101,FAUNA_MENTION,SOURCE_EXPLICIT,MENTIONS_CANDIDATE,யானை,canonical_body,markdown:canonical-body,4,4,15,19,medium,human_review_required,corpus/purananuru/poems/101.md,cafdf2132ac1cb2ea98c369fdb8bfdec5ca29608b57aa2a9b0fb71c6ec723aed
asrt.5df7fffbea9eb2195b0ca765,purananuru,101,GIFT_MENTION,SOURCE_EXPLICIT,MENTIONS_CANDIDATE,பரிசில்,canonical_body,markdown:canonical-body,5,5,10,17,medium,human_review_required,corpus/purananuru/poems/101.md,cafdf2132ac1cb2ea98c369fdb8bfdec5ca29608b57aa2a9b0fb71c6ec723aed
asrt.5234ddb9bcadbbaaeb1a862c,purananuru,102,POET_ATTRIBUTION,SOURCE_EXPLICIT,ATTRIBUTED_TO,ஔவையார்,poet_as_printed,yaml:poet_as_printed,,,,,high,machine_checked,corpus/purananuru/poems/102.md,a8b9913b47262e8420188564e191c29e2d69ea14d4cd047adf0c16fb3528e2b8
asrt.b9e524fee7c4e5e9bc3844ba,purananuru,102,PATRON_OR_ADDRESSEE,SOURCE_EXPLICIT,ADDRESSED_TO,அதியமான் நெடுமான் அஞ்சியின் மகன் பொகுட்டெழினி,addressee_as_printed,yaml:addressee_as_printed,,,,,high,machine_checked,corpus/purananuru/poems/102.md,a8b9913b47262e8420188564e191c29e2d69ea14d4cd047adf0c16fb3528e2b8
asrt.40e84668443e6f729d596b8b,purananuru,102,TINI_VALUE,SOURCE_EXPLICIT,ASSOCIATED_WITH_TINAI,பாடாண்,thinai_as_printed,yaml:thinai_as_printed,,,,,high,machine_checked,corpus/purananuru/poems/102.md,a8b9913b47262e8420188564e191c29e2d69ea14d4cd047adf0c16fb3528e2b8
asrt.86e4abfb137807c5d8c60c30,purananuru,102,TURAI_VALUE,SOURCE_EXPLICIT,ASSOCIATED_WITH_TURAI,இயன்மொழி,thurai,yaml:thurai,,,,,high,machine_checked,corpus/purananuru/poems/102.md,a8b9913b47262e8420188564e191c29e2d69ea14d4cd047adf0c16fb3528e2b8
asrt.026f3be05166b5e11a47e74b,purananuru,102,SOURCE_CONTEXT_NOTE,SOURCE_EXPLICIT,HAS_PRINTED_TITLE,சேம அச்சு!,title_as_printed,yaml:title_as_printed,,,,,high,machine_checked,corpus/purananuru/poems/102.md,a8b9913b47262e8420188564e191c29e2d69ea14d4cd047adf0c16fb3528e2b8
asrt.c4696d378c36bd64f20f3f08,purananuru,102,SOURCE_CONTEXT_NOTE,SOURCE_EXPLICIT,HAS_PRINTED_SOURCE_NOTE,"பாடியவர்: ஔவையார்.
பாடப்பட்டோன்: அதியமான் நெடுமான் அஞ்சியின் மகன் பொகுட்டெழினி.
திணை: பாடாண். துறை: இயன்மொழி.",source_note,markdown:source-note,,,,,high,machine_checked,corpus/purananuru/poems/102.md,a8b9913b47262e8420188564e191c29e2d69ea14d4cd047adf0c16fb3528e2b8
asrt.ad183be1bcefe527ceb419c7,purananuru,102,TEXTUAL_CONDITION,SOURCE_EXPLICIT,HAS_TEXTUAL_STATUS,complete,textual_status,yaml:textual_status,,,,,high,machine_checked,corpus/purananuru/poems/102.md,a8b9913b47262e8420188564e191c29e2d69ea14d4cd047adf0c16fb3528e2b8
asrt.fe10a6f6d2baced4b3556ce2,purananuru,103,POET_ATTRIBUTION,SOURCE_EXPLICIT,ATTRIBUTED_TO,ஔவையார்,poet_as_printed,yaml:poet_as_printed,,,,,high,machine_checked,corpus/purananuru/poems/103.md,8233d5ced995726efc12d35324ce50a451b95c7477623216140012c300ebb4a0
asrt.889520867b3a558f167efe07,purananuru,103,PATRON_OR_ADDRESSEE,SOURCE_EXPLICIT,ADDRESSED_TO,அதியமான் நெடுமான் அஞ்சி,addressee_as_printed,yaml:addressee_as_printed,,,,,high,machine_checked,corpus/purananuru/poems/103.md,8233d5ced995726efc12d35324ce50a451b95c7477623216140012c300ebb4a0
asrt.2b9f6eeb540e50f90e20babc,purananuru,103,TINI_VALUE,SOURCE_EXPLICIT,ASSOCIATED_WITH_TINAI,பாடாண்,thinai_as_printed,yaml:thinai_as_printed,,,,,high,machine_checked,corpus/purananuru/poems/103.md,8233d5ced995726efc12d35324ce50a451b95c7477623216140012c300ebb4a0
asrt.f75badf9ec38d243835868b8,purananuru,103,TURAI_VALUE,SOURCE_EXPLICIT,ASSOCIATED_WITH_TURAI,விறலியாற்றுப்படை,thurai,yaml:thurai,,,,,high,machine_checked,corpus/purananuru/poems/103.md,8233d5ced995726efc12d35324ce50a451b95c7477623216140012c300ebb4a0
asrt.9eacc465ab296939f6d73cfe,purananuru,103,SOURCE_CONTEXT_NOTE,SOURCE_EXPLICIT,HAS_PRINTED_SOURCE_NOTE,"பாடியவர்: ஔவையார்.
பாடப்பட்டோன்: அதியமான் நெடுமான் அஞ்சி.
திணை: பாடாண். துறை: விறலியாற்றுப்படை.",source_note,markdown:source-note,,,,,high,machine_checked,corpus/purananuru/poems/103.md,8233d5ced995726efc12d35324ce50a451b95c7477623216140012c300ebb4a0
asrt.64db242c80e1c8289f038c86,purananuru,103,SOURCE_CONTEXT_NOTE,SOURCE_EXPLICIT,HAS_PRINTED_TITLE,புரத்தல் வல்லன்!,title_as_printed,yaml:title_as_printed,,,,,high,machine_checked,corpus/purananuru/poems/103.md,8233d5ced995726efc12d35324ce50a451b95c7477623216140012c300ebb4a0
asrt.4f586348868de296e6f66a94,purananuru,103,TEXTUAL_CONDITION,SOURCE_EXPLICIT,HAS_TEXTUAL_STATUS,complete,textual_status,yaml:textual_status,,,,,high,machine_checked,corpus/purananuru/poems/103.md,8233d5ced995726efc12d35324ce50a451b95c7477623216140012c300ebb4a0
asrt.a590ddad75443d39938151b4,purananuru,103,FAUNA_MENTION,SOURCE_EXPLICIT,MENTIONS_CANDIDATE,களிறு,canonical_body,markdown:canonical-body,7,7,20,25,medium,human_review_required,corpus/purananuru/poems/103.md,8233d5ced995726efc12d35324ce50a451b95c7477623216140012c300ebb4a0
asrt.8ce48f2f8a7bd7cb16543bc4,purananuru,103,WARFARE_MENTION,SOURCE_EXPLICIT,MENTIONS_CANDIDATE,வேல்,canonical_body,markdown:canonical-body,8,8,21,25,medium,human_review_required,corpus/purananuru/poems/103.md,8233d5ced995726efc12d35324ce50a451b95c7477623216140012c300ebb4a0
asrt.141efcbec76733dabbe90ce8,purananuru,104,POET_ATTRIBUTION,SOURCE_EXPLICIT,ATTRIBUTED_TO,ஔவையார்,poet_as_printed,yaml:poet_as_printed,,,,,high,machine_checked,corpus/purananuru/poems/104.md,4254dfab0138f091c5eb830fd144fd387a062727e614c6970c90010213bf3d00
asrt.045e3ce7bbd927b9921dd683,purananuru,104,PATRON_OR_ADDRESSEE,SOURCE_EXPLICIT,ADDRESSED_TO,அதியமான் நெடுமான் அஞ்சி,addressee_as_printed,yaml:addressee_as_printed,,,,,high,machine_checked,corpus/purananuru/poems/104.md,4254dfab0138f091c5eb830fd144fd387a062727e614c6970c90010213bf3d00
asrt.320664f3d915950e9cf82fbb,purananuru,104,TINI_VALUE,SOURCE_EXPLICIT,ASSOCIATED_WITH_TINAI,வாகை,thinai_as_printed,yaml:thinai_as_printed,,,,,high,machine_checked,corpus/purananuru/poems/104.md,4254dfab0138f091c5eb830fd144fd387a062727e614c6970c90010213bf3d00
asrt.b43e0319e0a8d310257e5406,purananuru,104,TURAI_VALUE,SOURCE_EXPLICIT,ASSOCIATED_WITH_TURAI,அரசவாகை,thurai,yaml:thurai,,,,,high,machine_checked,corpus/purananuru/poems/104.md,4254dfab0138f091c5eb830fd144fd387a062727e614c6970c90010213bf3d00
asrt.f8f426c4e9dd86b682c408b4,purananuru,104,SOURCE_CONTEXT_NOTE,SOURCE_EXPLICIT,HAS_PRINTED_SOURCE_NOTE,"பாடியவர்: ஔவையார்.
பாடப்பட்டோன்: அதியமான் நெடுமான் அஞ்சி.
திணை: வாகை. துறை: அரசவாகை.",source_note,markdown:source-note,,,,,high,machine_checked,corpus/purananuru/poems/104.md,4254dfab0138f091c5eb830fd144fd387a062727e614c6970c90010213bf3d00
asrt.6e2b2630896b235649a1fce0,purananuru,104,SOURCE_CONTEXT_NOTE,SOURCE_EXPLICIT,HAS_PRINTED_TITLE,யானையும் முதலையும்!,title_as_printed,yaml:title_as_printed,,,,,high,machine_checked,corpus/purananuru/poems/104.md,4254dfab0138f091c5eb830fd144fd387a062727e614c6970c90010213bf3d00
asrt.c311a722facc57b005d67335,purananuru,104,TEXTUAL_CONDITION,SOURCE_EXPLICIT,HAS_TEXTUAL_STATUS,complete,textual_status,yaml:textual_status,,,,,high,machine_checked,corpus/purananuru/poems/104.md,4254dfab0138f091c5eb830fd144fd387a062727e614c6970c90010213bf3d00
asrt.f7b7994ce3ec89a96829b798,purananuru,104,FAUNA_MENTION,SOURCE_EXPLICIT,MENTIONS_CANDIDATE,களிறு,canonical_body,markdown:canonical-body,3,3,17,22,medium,human_review_required,corpus/purananuru/poems/104.md,4254dfab0138f091c5eb830fd144fd387a062727e614c6970c90010213bf3d00
asrt.1bb2b111d3dbfabfd51ab0a5,purananuru,105,POET_ATTRIBUTION,SOURCE_EXPLICIT,ATTRIBUTED_TO,கபிலர்,poet_as_printed,yaml:poet_as_printed,,,,,high,machine_checked,corpus/purananuru/poems/105.md,106bc94b09b5644d67a5a930ada285473d8d6a45e36008ebd76dfd81ca1e1058
asrt.47ce98e4c2c0d8d380131744,purananuru,105,PATRON_OR_ADDRESSEE,SOURCE_EXPLICIT,ADDRESSED_TO,வேள் பாரி,addressee_as_printed,yaml:addressee_as_printed,,,,,high,machine_checked,corpus/purananuru/poems/105.md,106bc94b09b5644d67a5a930ada285473d8d6a45e36008ebd76dfd81ca1e1058
asrt.693f6bde567cbc8d3879ff90,purananuru,105,TINI_VALUE,SOURCE_EXPLICIT,ASSOCIATED_WITH_TINAI,பாடாண்,thinai_as_printed,yaml:thinai_as_printed,,,,,high,machine_checked,corpus/purananuru/poems/105.md,106bc94b09b5644d67a5a930ada285473d8d6a45e36008ebd76dfd81ca1e1058
asrt.459400b04a372a1c95cb746c,purananuru,105,TURAI_VALUE,SOURCE_EXPLICIT,ASSOCIATED_WITH_TURAI,விறலியாற்றுப்படை,thurai,yaml:thurai,,,,,high,machine_checked,corpus/purananuru/poems/105.md,106bc94b09b5644d67a5a930ada285473d8d6a45e36008ebd76dfd81ca1e1058
asrt.a8bab5c010a02fa6c99c00bc,purananuru,105,SOURCE_CONTEXT_NOTE,SOURCE_EXPLICIT,HAS_PRINTED_TITLE,தேனாறும் கானாறும்!,title_as_printed,yaml:title_as_printed,,,,,high,machine_checked,corpus/purananuru/poems/105.md,106bc94b09b5644d67a5a930ada285473d8d6a45e36008ebd76dfd81ca1e1058
asrt.4e6076455f17691b234a569c,purananuru,105,SOURCE_CONTEXT_NOTE,SOURCE_EXPLICIT,HAS_PRINTED_SOURCE_NOTE,"பாடியவர்: கபிலர்.
பாடப்பட்டோன்: வேள் பாரி.
திணை: பாடாண். துறை: விறலியாற்றுப்படை.",source_note,markdown:source-note,,,,,high,machine_checked,corpus/purananuru/poems/105.md,106bc94b09b5644d67a5a930ada285473d8d6a45e36008ebd76dfd81ca1e1058
asrt.134b90fd534693b51e9a351d,purananuru,105,TEXTUAL_CONDITION,SOURCE_EXPLICIT,HAS_TEXTUAL_STATUS,complete,textual_status,yaml:textual_status,,,,,high,machine_checked,corpus/purananuru/poems/105.md,106bc94b09b5644d67a5a930ada285473d8d6a45e36008ebd76dfd81ca1e1058
asrt.065bda1ab60d4d5f593bcacf,purananuru,105,WARFARE_MENTION,SOURCE_EXPLICIT,MENTIONS_CANDIDATE,வாள்,canonical_body,markdown:canonical-body,1,1,17,21,medium,human_review_required,corpus/purananuru/poems/105.md,106bc94b09b5644d67a5a930ada285473d8d6a45e36008ebd76dfd81ca1e1058
asrt.b20308404ad47119dcfddf50,purananuru,106,POET_ATTRIBUTION,SOURCE_EXPLICIT,ATTRIBUTED_TO,கபிலர்,poet_as_printed,yaml:poet_as_printed,,,,,high,machine_checked,corpus/purananuru/poems/106.md,c6508f54aba93795812468ca161d7ea4db7e3009864eac3179c75d11c67d6d37
asrt.bc191cc52a304abf65157197,purananuru,106,PATRON_OR_ADDRESSEE,SOURCE_EXPLICIT,ADDRESSED_TO,வேள் பாரி,addressee_as_printed,yaml:addressee_as_printed,,,,,high,machine_checked,corpus/purananuru/poems/106.md,c6508f54aba93795812468ca161d7ea4db7e3009864eac3179c75d11c67d6d37
asrt.dc5cdec427745a0d1e9abec2,purananuru,106,TINI_VALUE,SOURCE_EXPLICIT,ASSOCIATED_WITH_TINAI,பாடாண்,thinai_as_printed,yaml:thinai_as_printed,,,,,high,machine_checked,corpus/purananuru/poems/106.md,c6508f54aba93795812468ca161d7ea4db7e3009864eac3179c75d11c67d6d37
asrt.11fc95b36124ce2c088be776,purananuru,106,TURAI_VALUE,SOURCE_EXPLICIT,ASSOCIATED_WITH_TURAI,இயன்மொழி,thurai,yaml:thurai,,,,,high,machine_checked,corpus/purananuru/poems/106.md,c6508f54aba93795812468ca161d7ea4db7e3009864eac3179c75d11c67d6d37
asrt.ee7ebf88d5d3fd0180499847,purananuru,106,SOURCE_CONTEXT_NOTE,SOURCE_EXPLICIT,HAS_PRINTED_TITLE,தெய்வமும் பாரியும்!,title_as_printed,yaml:title_as_printed,,,,,high,machine_checked,corpus/purananuru/poems/106.md,c6508f54aba93795812468ca161d7ea4db7e3009864eac3179c75d11c67d6d37
asrt.4b13b751d1862c1d9083bad8,purananuru,106,SOURCE_CONTEXT_NOTE,SOURCE_EXPLICIT,HAS_PRINTED_SOURCE_NOTE,"பாடியவர்: கபிலர்.
பாடப்பட்டோன்: வேள் பாரி.
திணை: பாடாண். துறை: இயன்மொழி.",source_note,markdown:source-note,,,,,high,machine_checked,corpus/purananuru/poems/106.md,c6508f54aba93795812468ca161d7ea4db7e3009864eac3179c75d11c67d6d37
asrt.f3679a329c8997784bbd93d5,purananuru,106,TEXTUAL_CONDITION,SOURCE_EXPLICIT,HAS_TEXTUAL_STATUS,complete,textual_status,yaml:textual_status,,,,,high,machine_checked,corpus/purananuru/poems/106.md,c6508f54aba93795812468ca161d7ea4db7e3009864eac3179c75d11c67d6d37
asrt.d9a096639c2d5c2d1c170b73,purananuru,107,POET_ATTRIBUTION,SOURCE_EXPLICIT,ATTRIBUTED_TO,கபிலர்,poet_as_printed,yaml:poet_as_printed,,,,,high,machine_checked,corpus/purananuru/poems/107.md,b1267673e9429bcb52873395b2b2199eb030bab9e02d6e56995cf86864c51dce
asrt.eecb4943bf0583e0edc7833b,purananuru,107,PATRON_OR_ADDRESSEE,SOURCE_EXPLICIT,ADDRESSED_TO,வேள் பாரி,addressee_as_printed,yaml:addressee_as_printed,,,,,high,machine_checked,corpus/purananuru/poems/107.md,b1267673e9429bcb52873395b2b2199eb030bab9e02d6e56995cf86864c51dce
asrt.bad99171e746903ba34c3d26,purananuru,107,TINI_VALUE,SOURCE_EXPLICIT,ASSOCIATED_WITH_TINAI,பாடாண்,thinai_as_printed,yaml:thinai_as_printed,,,,,high,machine_checked,corpus/purananuru/poems/107.md,b1267673e9429bcb52873395b2b2199eb030bab9e02d6e56995cf86864c51dce
asrt.b1a2965e2d6abe0be7a85c61,purananuru,107,TURAI_VALUE,SOURCE_EXPLICIT,ASSOCIATED_WITH_TURAI,இயன்மொழி,thurai,yaml:thurai,,,,,high,machine_checked,corpus/purananuru/poems/107.md,b1267673e9429bcb52873395b2b2199eb030bab9e02d6e56995cf86864c51dce
asrt.1ae794e06a4fda4bcba82f57,purananuru,107,SOURCE_CONTEXT_NOTE,SOURCE_EXPLICIT,HAS_PRINTED_SOURCE_NOTE,"பாடியவர்: கபிலர்.
பாடப்பட்டோன்: வேள் பாரி.
திணை: பாடாண். துறை: இயன்மொழி.",source_note,markdown:source-note,,,,,high,machine_checked,corpus/purananuru/poems/107.md,b1267673e9429bcb52873395b2b2199eb030bab9e02d6e56995cf86864c51dce
asrt.63f729ea07a5d0d36f84c74b,purananuru,107,SOURCE_CONTEXT_NOTE,SOURCE_EXPLICIT,HAS_PRINTED_TITLE,மாரியும் பாரியும்!,title_as_printed,yaml:title_as_printed,,,,,high,machine_checked,corpus/purananuru/poems/107.md,b1267673e9429bcb52873395b2b2199eb030bab9e02d6e56995cf86864c51dce
asrt.3e16310ef06dd4f19f34e9df,purananuru,107,TEXTUAL_CONDITION,SOURCE_EXPLICIT,HAS_TEXTUAL_STATUS,complete,textual_status,yaml:textual_status,,,,,high,machine_checked,corpus/purananuru/poems/107.md,b1267673e9429bcb52873395b2b2199eb030bab9e02d6e56995cf86864c51dce
asrt.aab6b230ef0b5eb2fb7384db,purananuru,108,POET_ATTRIBUTION,SOURCE_EXPLICIT,ATTRIBUTED_TO,கபிலர்,poet_as_printed,yaml:poet_as_printed,,,,,high,machine_checked,corpus/purananuru/poems/108.md,f1ff05a30e34c8060a2df323a12049abee2e4ee66cecc98798d8ee60871b0b11
asrt.0e4c40e33915e7bcefa20544,purananuru,108,PATRON_OR_ADDRESSEE,SOURCE_EXPLICIT,ADDRESSED_TO,வேள் பாரி,addressee_as_printed,yaml:addressee_as_printed,,,,,high,machine_checked,corpus/purananuru/poems/108.md,f1ff05a30e34c8060a2df323a12049abee2e4ee66cecc98798d8ee60871b0b11
asrt.96edf8dd4ead6cd607792dd4,purananuru,108,TINI_VALUE,SOURCE_EXPLICIT,ASSOCIATED_WITH_TINAI,பாடாண்,thinai_as_printed,yaml:thinai_as_printed,,,,,high,machine_checked,corpus/purananuru/poems/108.md,f1ff05a30e34c8060a2df323a12049abee2e4ee66cecc98798d8ee60871b0b11
asrt.829ba02ba06d9a624901011b,purananuru,108,TURAI_VALUE,SOURCE_EXPLICIT,ASSOCIATED_WITH_TURAI,இயன்மொழி,thurai,yaml:thurai,,,,,high,machine_checked,corpus/purananuru/poems/108.md,f1ff05a30e34c8060a2df323a12049abee2e4ee66cecc98798d8ee60871b0b11
asrt.f23341e83f234bfb1f1db7f9,purananuru,108,SOURCE_CONTEXT_NOTE,SOURCE_EXPLICIT,HAS_PRINTED_TITLE,பறம்பும் பாரியும்!,title_as_printed,yaml:title_as_printed,,,,,high,machine_checked,corpus/purananuru/poems/108.md,f1ff05a30e34c8060a2df323a12049abee2e4ee66cecc98798d8ee60871b0b11
asrt.4140948b57a9ec4bba03f423,purananuru,108,SOURCE_CONTEXT_NOTE,SOURCE_EXPLICIT,HAS_PRINTED_SOURCE_NOTE,"பாடியவர்: கபிலர்.
பாடப்பட்டோன்: வேள் பாரி.
திணை: பாடாண். துறை: இயன்மொழி.",source_note,markdown:source-note,,,,,high,machine_checked,corpus/purananuru/poems/108.md,f1ff05a30e34c8060a2df323a12049abee2e4ee66cecc98798d8ee60871b0b11
asrt.5f8a4cc809d6cc1ec6f16a24,purananuru,108,TEXTUAL_CONDITION,SOURCE_EXPLICIT,HAS_TEXTUAL_STATUS,complete,textual_status,yaml:textual_status,,,,,high,machine_checked,corpus/purananuru/poems/108.md,f1ff05a30e34c8060a2df323a12049abee2e4ee66cecc98798d8ee60871b0b11
asrt.07eb2d5f2f272740e26ef4e1,purananuru,109,POET_ATTRIBUTION,SOURCE_EXPLICIT,ATTRIBUTED_TO,கபிலர்,poet_as_printed,yaml:poet_as_printed,,,,,high,machine_checked,corpus/purananuru/poems/109.md,55b5d3ec404b46953021dcc83d16be3c36abd54f99a32e978ffbff7e1c6106d1
asrt.50d2bee40b7f3bdb4a4b3a7a,purananuru,109,PATRON_OR_ADDRESSEE,SOURCE_EXPLICIT,ADDRESSED_TO,வேள் பாரி,addressee_as_printed,yaml:addressee_as_printed,,,,,high,machine_checked,corpus/purananuru/poems/109.md,55b5d3ec404b46953021dcc83d16be3c36abd54f99a32e978ffbff7e1c6106d1
asrt.e387545d0288168dd7e49327,purananuru,109,TINI_VALUE,SOURCE_EXPLICIT,ASSOCIATED_WITH_TINAI,நொச்சி,thinai_as_printed,yaml:thinai_as_printed,,,,,high,machine_checked,corpus/purananuru/poems/109.md,55b5d3ec404b46953021dcc83d16be3c36abd54f99a32e978ffbff7e1c6106d1
asrt.bd387ea90ff839e290a07c2f,purananuru,109,TURAI_VALUE,SOURCE_EXPLICIT,ASSOCIATED_WITH_TURAI,மகண் மறுத்தல்,thurai,yaml:thurai,,,,,high,machine_checked,corpus/purananuru/poems/109.md,55b5d3ec404b46953021dcc83d16be3c36abd54f99a32e978ffbff7e1c6106d1
asrt.72f81935f3a9684fd8b2caef,purananuru,109,SOURCE_CONTEXT_NOTE,SOURCE_EXPLICIT,HAS_PRINTED_SOURCE_NOTE,"பாடியவர்: கபிலர்.
பாடப்பட்டோன்: வேள் பாரி.
திணை: நொச்சி. துறை: மகண் மறுத்தல்.",source_note,markdown:source-note,,,,,high,machine_checked,corpus/purananuru/poems/109.md,55b5d3ec404b46953021dcc83d16be3c36abd54f99a32e978ffbff7e1c6106d1
asrt.7b0d1b63f904754a76a05fb7,purananuru,109,SOURCE_CONTEXT_NOTE,SOURCE_EXPLICIT,HAS_PRINTED_TITLE,மூவேந்தர் முன் கபிலர்!,title_as_printed,yaml:title_as_printed,,,,,high,machine_checked,corpus/purananuru/poems/109.md,55b5d3ec404b46953021dcc83d16be3c36abd54f99a32e978ffbff7e1c6106d1
asrt.d5a4a9271e00e54b60799f7f,purananuru,109,TEXTUAL_CONDITION,SOURCE_EXPLICIT,HAS_TEXTUAL_STATUS,complete,textual_status,yaml:textual_status,,,,,high,machine_checked,corpus/purananuru/poems/109.md,55b5d3ec404b46953021dcc83d16be3c36abd54f99a32e978ffbff7e1c6106d1
asrt.7ecbae4707a86457c8d39c21,purananuru,109,OCCUPATION_MENTION,SOURCE_EXPLICIT,MENTIONS_CANDIDATE,உழவர்,canonical_body,markdown:canonical-body,3,3,0,5,medium,human_review_required,corpus/purananuru/poems/109.md,55b5d3ec404b46953021dcc83d16be3c36abd54f99a32e978ffbff7e1c6106d1
asrt.fe28709f0d4ad44930ffe77d,purananuru,109,FAUNA_MENTION,SOURCE_EXPLICIT,MENTIONS_CANDIDATE,மீன்,canonical_body,markdown:canonical-body,10,10,0,4,medium,human_review_required,corpus/purananuru/poems/109.md,55b5d3ec404b46953021dcc83d16be3c36abd54f99a32e978ffbff7e1c6106d1
asrt.63b5042fdea4303a0361f563,purananuru,110,POET_ATTRIBUTION,SOURCE_EXPLICIT,ATTRIBUTED_TO,கபிலர்,poet_as_printed,yaml:poet_as_printed,,,,,high,machine_checked,corpus/purananuru/poems/110.md,87ed14aee693574d69d35269733d5125914b12b1cdd6ab49103ff0866145fdfa
asrt.372b964abd3ce2309c272b72,purananuru,110,PATRON_OR_ADDRESSEE,SOURCE_EXPLICIT,ADDRESSED_TO,வேள் பாரி,addressee_as_printed,yaml:addressee_as_printed,,,,,high,machine_checked,corpus/purananuru/poems/110.md,87ed14aee693574d69d35269733d5125914b12b1cdd6ab49103ff0866145fdfa
asrt.d89a619efc89c3c68737d5d2,purananuru,110,TINI_VALUE,SOURCE_EXPLICIT,ASSOCIATED_WITH_TINAI,நொச்சி,thinai_as_printed,yaml:thinai_as_printed,,,,,high,machine_checked,corpus/purananuru/poems/110.md,87ed14aee693574d69d35269733d5125914b12b1cdd6ab49103ff0866145fdfa
asrt.a702225dedd524e52e154f2f,purananuru,110,SOURCE_CONTEXT_NOTE,SOURCE_EXPLICIT,HAS_PRINTED_SOURCE_NOTE,"பாடியவர்: கபிலர்.
பாடப்பட்டோன்: வேள் பாரி.
திணை: நொச்சி. துறை: ..மகள் மறுத்தல்.
சிறப்பு: 'மூவிருங்கூடி' என்றது, மூவேந்தரும் ஒருங்கே முற்றிய செய்தியை வலியுறுத்தும்.",source_note,markdown:source-note,,,,,high,machine_checked,corpus/purananuru/poems/110.md,87ed14aee693574d69d35269733d5125914b12b1cdd6ab49103ff0866145fdfa
asrt.e09b24cb576ccb501f239abc,purananuru,110,SOURCE_CONTEXT_NOTE,SOURCE_EXPLICIT,HAS_PRINTED_TITLE,யாமும் பாரியும் உளமே!,title_as_printed,yaml:title_as_printed,,,,,high,machine_checked,corpus/purananuru/poems/110.md,87ed14aee693574d69d35269733d5125914b12b1cdd6ab49103ff0866145fdfa
asrt.57c458eb4da4d185caba8c12,purananuru,110,TEXTUAL_CONDITION,SOURCE_EXPLICIT,HAS_TEXTUAL_STATUS,complete,textual_status,yaml:textual_status,,,,,high,machine_checked,corpus/purananuru/poems/110.md,87ed14aee693574d69d35269733d5125914b12b1cdd6ab49103ff0866145fdfa
asrt.40ff1af937d6ccac74cf094c,purananuru,111,POET_ATTRIBUTION,SOURCE_EXPLICIT,ATTRIBUTED_TO,"கபிலர்,",poet_as_printed,yaml:poet_as_printed,,,,,high,machine_checked,corpus/purananuru/poems/111.md,c578d548563a5f68e465c1d199d56f23775c65ee793c24f88a19600ee58c51e8
asrt.fdbb472ecd028e8300613565,purananuru,111,PATRON_OR_ADDRESSEE,SOURCE_EXPLICIT,ADDRESSED_TO,வேள் பாரி,addressee_as_printed,yaml:addressee_as_printed,,,,,high,machine_checked,corpus/purananuru/poems/111.md,c578d548563a5f68e465c1d199d56f23775c65ee793c24f88a19600ee58c51e8
asrt.0abc10c3cb6d7b4ab9157e63,purananuru,111,TINI_VALUE,SOURCE_EXPLICIT,ASSOCIATED_WITH_TINAI,நொச்சி,thinai_as_printed,yaml:thinai_as_printed,,,,,high,machine_checked,corpus/purananuru/poems/111.md,c578d548563a5f68e465c1d199d56f23775c65ee793c24f88a19600ee58c51e8
asrt.0126c74d70b96cee363690dc,purananuru,111,TURAI_VALUE,SOURCE_EXPLICIT,ASSOCIATED_WITH_TURAI,மகள் மறுத்தல்,thurai,yaml:thurai,,,,,high,machine_checked,corpus/purananuru/poems/111.md,c578d548563a5f68e465c1d199d56f23775c65ee793c24f88a19600ee58c51e8
asrt.6e2e119617ac995fcffe8729,purananuru,111,SOURCE_CONTEXT_NOTE,SOURCE_EXPLICIT,HAS_PRINTED_SOURCE_NOTE,"பாடியவர்: கபிலர்,
பாடப்பட்டோன்: வேள் பாரி.
திணை: நொச்சி. துறை: மகள் மறுத்தல்.
சிறப்பு: பாரியின் மறமேம்பாடும், கொடை மடமும் கூறுதல்.",source_note,markdown:source-note,,,,,high,machine_checked,corpus/purananuru/poems/111.md,c578d548563a5f68e465c1d199d56f23775c65ee793c24f88a19600ee58c51e8
asrt.69d7109dcb44b95a6cd0e553,purananuru,111,SOURCE_CONTEXT_NOTE,SOURCE_EXPLICIT,HAS_PRINTED_TITLE,விறலிக்கு எளிது!,title_as_printed,yaml:title_as_printed,,,,,high,machine_checked,corpus/purananuru/poems/111.md,c578d548563a5f68e465c1d199d56f23775c65ee793c24f88a19600ee58c51e8
asrt.1d961e14b39d2ba5abf9522b,purananuru,111,TEXTUAL_CONDITION,SOURCE_EXPLICIT,HAS_TEXTUAL_STATUS,complete,textual_status,yaml:textual_status,,,,,high,machine_checked,corpus/purananuru/poems/111.md,c578d548563a5f68e465c1d199d56f23775c65ee793c24f88a19600ee58c51e8
asrt.96b1fa3454ebc924d5f9c0ea,purananuru,111,FLORA_MENTION,SOURCE_EXPLICIT,MENTIONS_CANDIDATE,மலர்,canonical_body,markdown:canonical-body,3,3,13,17,medium,human_review_required,corpus/purananuru/poems/111.md,c578d548563a5f68e465c1d199d56f23775c65ee793c24f88a19600ee58c51e8
asrt.002d47cdb4000ad6aac49369,purananuru,112,POET_ATTRIBUTION,SOURCE_EXPLICIT,ATTRIBUTED_TO,பாரி மகளிர்,poet_as_printed,yaml:poet_as_printed,,,,,high,machine_checked,corpus/purananuru/poems/112.md,e825ae710001bf0f03d719cf5ebc3386e915a5c91ca1979b4e57f1a5849a3140
asrt.1d8aab6ea2771370b7a4ec63,purananuru,112,TINI_VALUE,SOURCE_EXPLICIT,ASSOCIATED_WITH_TINAI,பொதுவியல் துறை: கையறு நிலை,thinai_as_printed,yaml:thinai_as_printed,,,,,high,machine_checked,corpus/purananuru/poems/112.md,e825ae710001bf0f03d719cf5ebc3386e915a5c91ca1979b4e57f1a5849a3140
asrt.b620b7aee002178faf1be330,purananuru,112,TURAI_VALUE,SOURCE_EXPLICIT,ASSOCIATED_WITH_TURAI,கையறு நிலை,thurai,yaml:thurai,,,,,high,machine_checked,corpus/purananuru/poems/112.md,e825ae710001bf0f03d719cf5ebc3386e915a5c91ca1979b4e57f1a5849a3140
asrt.999b777981357e17b7a4d9a3,purananuru,112,SOURCE_CONTEXT_NOTE,SOURCE_EXPLICIT,HAS_PRINTED_TITLE,உடையேம் இலமே!,title_as_printed,yaml:title_as_printed,,,,,high,machine_checked,corpus/purananuru/poems/112.md,e825ae710001bf0f03d719cf5ebc3386e915a5c91ca1979b4e57f1a5849a3140
asrt.79c4354f9ec2ffd4f0986e8d,purananuru,112,SOURCE_CONTEXT_NOTE,SOURCE_EXPLICIT,HAS_PRINTED_SOURCE_NOTE,"பாடியவர்: பாரி மகளிர்
திணை: பொதுவியல் துறை: கையறு நிலை",source_note,markdown:source-note,,,,,high,machine_checked,corpus/purananuru/poems/112.md,e825ae710001bf0f03d719cf5ebc3386e915a5c91ca1979b4e57f1a5849a3140
asrt.fd2dd02ae1993363e2b9e1b4,purananuru,112,TEXTUAL_CONDITION,SOURCE_EXPLICIT,HAS_TEXTUAL_STATUS,complete,textual_status,yaml:textual_status,,,,,high,machine_checked,corpus/purananuru/poems/112.md,e825ae710001bf0f03d719cf5ebc3386e915a5c91ca1979b4e57f1a5849a3140
asrt.ecae4e4c17f4d1d9a4428701,purananuru,113,POET_ATTRIBUTION,SOURCE_EXPLICIT,ATTRIBUTED_TO,கபிலர்,poet_as_printed,yaml:poet_as_printed,,,,,high,machine_checked,corpus/purananuru/poems/113.md,49d158528aeb543628adb6a4b3851e801a10b012820e700ebf0ff1a5e9335fd2
asrt.3c02f93be4d7cff3e330ba5d,purananuru,113,TINI_VALUE,SOURCE_EXPLICIT,ASSOCIATED_WITH_TINAI,பொதுவியல்,thinai_as_printed,yaml:thinai_as_printed,,,,,high,machine_checked,corpus/purananuru/poems/113.md,49d158528aeb543628adb6a4b3851e801a10b012820e700ebf0ff1a5e9335fd2
asrt.1df20777a06bf776eab73fe4,purananuru,113,TURAI_VALUE,SOURCE_EXPLICIT,ASSOCIATED_WITH_TURAI,கையறுநிலை,thurai,yaml:thurai,,,,,high,machine_checked,corpus/purananuru/poems/113.md,49d158528aeb543628adb6a4b3851e801a10b012820e700ebf0ff1a5e9335fd2
asrt.a51ebc32d0762526d83298be,purananuru,113,SOURCE_CONTEXT_NOTE,SOURCE_EXPLICIT,HAS_PRINTED_TITLE,பறம்பு கண்டு புலம்பல்!,title_as_printed,yaml:title_as_printed,,,,,high,machine_checked,corpus/purananuru/poems/113.md,49d158528aeb543628adb6a4b3851e801a10b012820e700ebf0ff1a5e9335fd2
asrt.e48ef032eb04b92954310ec4,purananuru,113,SOURCE_CONTEXT_NOTE,SOURCE_EXPLICIT,HAS_PRINTED_SOURCE_NOTE,"பாடியவர் : கபிலர்.
திணை: பொதுவியல். துறை: கையறுநிலை.
சிறப்பு : நட்புக் கெழுமிய புலவரின் உள்ளம்.",source_note,markdown:source-note,,,,,high,machine_checked,corpus/purananuru/poems/113.md,49d158528aeb543628adb6a4b3851e801a10b012820e700ebf0ff1a5e9335fd2
asrt.fe3fc81e7c4ff76c73c22f26,purananuru,113,TEXTUAL_CONDITION,SOURCE_EXPLICIT,HAS_TEXTUAL_STATUS,complete,textual_status,yaml:textual_status,,,,,high,machine_checked,corpus/purananuru/poems/113.md,49d158528aeb543628adb6a4b3851e801a10b012820e700ebf0ff1a5e9335fd2
asrt.faefce2e7d4332cc5159d18f,purananuru,114,POET_ATTRIBUTION,SOURCE_EXPLICIT,ATTRIBUTED_TO,கபிலர்,poet_as_printed,yaml:poet_as_printed,,,,,high,machine_checked,corpus/purananuru/poems/114.md,3bc16f4d81f06b9c769c8af817dc18b9ad788cc847aa11868a787ce0fc0d81f5
asrt.69e8238bdefb14524aa1e55f,purananuru,114,TINI_VALUE,SOURCE_EXPLICIT,ASSOCIATED_WITH_TINAI,பொதுவியல் துறை: கையறுநிலை,thinai_as_printed,yaml:thinai_as_printed,,,,,high,machine_checked,corpus/purananuru/poems/114.md,3bc16f4d81f06b9c769c8af817dc18b9ad788cc847aa11868a787ce0fc0d81f5
asrt.0c55637b998f14606a811b66,purananuru,114,TURAI_VALUE,SOURCE_EXPLICIT,ASSOCIATED_WITH_TURAI,கையறுநிலை,thurai,yaml:thurai,,,,,high,machine_checked,corpus/purananuru/poems/114.md,3bc16f4d81f06b9c769c8af817dc18b9ad788cc847aa11868a787ce0fc0d81f5
asrt.2a9475d9bbc6073c039e8a2f,purananuru,114,SOURCE_CONTEXT_NOTE,SOURCE_EXPLICIT,HAS_PRINTED_TITLE,உயர்ந்தோன் மலை!,title_as_printed,yaml:title_as_printed,,,,,high,machine_checked,corpus/purananuru/poems/114.md,3bc16f4d81f06b9c769c8af817dc18b9ad788cc847aa11868a787ce0fc0d81f5
asrt.ba66619f56de03aa856ae471,purananuru,114,SOURCE_CONTEXT_NOTE,SOURCE_EXPLICIT,HAS_PRINTED_SOURCE_NOTE,"பாடியவர் : கபிலர்
திணை: பொதுவியல் துறை: கையறுநிலை
சிறப்பு : மன்னனை இழந்ததால் மலையும் வளமிழந்தது என்பது.",source_note,markdown:source-note,,,,,high,machine_checked,corpus/purananuru/poems/114.md,3bc16f4d81f06b9c769c8af817dc18b9ad788cc847aa11868a787ce0fc0d81f5
asrt.616fec7e300cedb13bb771d6,purananuru,114,TEXTUAL_CONDITION,SOURCE_EXPLICIT,HAS_TEXTUAL_STATUS,complete,textual_status,yaml:textual_status,,,,,high,machine_checked,corpus/purananuru/poems/114.md,3bc16f4d81f06b9c769c8af817dc18b9ad788cc847aa11868a787ce0fc0d81f5
asrt.a72257ff97f0a7f641326c92,purananuru,114,FAUNA_MENTION,SOURCE_EXPLICIT,MENTIONS_CANDIDATE,களிறு,canonical_body,markdown:canonical-body,3,3,0,5,medium,human_review_required,corpus/purananuru/poems/114.md,3bc16f4d81f06b9c769c8af817dc18b9ad788cc847aa11868a787ce0fc0d81f5
asrt.dea20091e04daabb5042eb9c,purananuru,115,POET_ATTRIBUTION,SOURCE_EXPLICIT,ATTRIBUTED_TO,கபிலர்,poet_as_printed,yaml:poet_as_printed,,,,,high,machine_checked,corpus/purananuru/poems/115.md,474192a2346873fde04118edd44e116424d5121129644af2ce17b566d16c0e4f
asrt.198585d324ac107423b7e9b6,purananuru,115,TINI_VALUE,SOURCE_EXPLICIT,ASSOCIATED_WITH_TINAI,பொதுவியல் துறை: கையறுநிலை,thinai_as_printed,yaml:thinai_as_printed,,,,,high,machine_checked,corpus/purananuru/poems/115.md,474192a2346873fde04118edd44e116424d5121129644af2ce17b566d16c0e4f
asrt.3dd0c27f115c5a7d62cbc143,purananuru,115,TURAI_VALUE,SOURCE_EXPLICIT,ASSOCIATED_WITH_TURAI,கையறுநிலை,thurai,yaml:thurai,,,,,high,machine_checked,corpus/purananuru/poems/115.md,474192a2346873fde04118edd44e116424d5121129644af2ce17b566d16c0e4f
asrt.e241f361f4edfe6ff0e7dfde,purananuru,115,SOURCE_CONTEXT_NOTE,SOURCE_EXPLICIT,HAS_PRINTED_TITLE,அந்தோ பெரும நீயே!,title_as_printed,yaml:title_as_printed,,,,,high,machine_checked,corpus/purananuru/poems/115.md,474192a2346873fde04118edd44e116424d5121129644af2ce17b566d16c0e4f
asrt.7858995f196ebbc72e25989d,purananuru,115,SOURCE_CONTEXT_NOTE,SOURCE_EXPLICIT,HAS_PRINTED_SOURCE_NOTE,"பாடியவர் : கபிலர்
திணை: பொதுவியல் துறை: கையறுநிலை
சிறப்பு : பறம்பின் வளமை.",source_note,markdown:source-note,,,,,high,machine_checked,corpus/purananuru/poems/115.md,474192a2346873fde04118edd44e116424d5121129644af2ce17b566d16c0e4f
asrt.96fbe04a8bd50f56d865027e,purananuru,115,TEXTUAL_CONDITION,SOURCE_EXPLICIT,HAS_TEXTUAL_STATUS,complete,textual_status,yaml:textual_status,,,,,high,machine_checked,corpus/purananuru/poems/115.md,474192a2346873fde04118edd44e116424d5121129644af2ce17b566d16c0e4f
asrt.81c0794d8fc40ab78651720d,purananuru,115,COMMUNITY_MENTION,SOURCE_EXPLICIT,MENTIONS_CANDIDATE,பாணர்,canonical_body,markdown:canonical-body,2,2,0,5,medium,human_review_required,corpus/purananuru/poems/115.md,474192a2346873fde04118edd44e116424d5121129644af2ce17b566d16c0e4f
asrt.a0842b97a29689a4aa5572fe,purananuru,115,FAUNA_MENTION,SOURCE_EXPLICIT,MENTIONS_CANDIDATE,யானை,canonical_body,markdown:canonical-body,5,5,7,11,medium,human_review_required,corpus/purananuru/poems/115.md,474192a2346873fde04118edd44e116424d5121129644af2ce17b566d16c0e4f
asrt.35993280e750e64644d63426,purananuru,115,WARFARE_MENTION,SOURCE_EXPLICIT,MENTIONS_CANDIDATE,வேல்,canonical_body,markdown:canonical-body,4,4,30,34,medium,human_review_required,corpus/purananuru/poems/115.md,474192a2346873fde04118edd44e116424d5121129644af2ce17b566d16c0e4f
asrt.788b680b7b7df1cf66777091,purananuru,116,POET_ATTRIBUTION,SOURCE_EXPLICIT,ATTRIBUTED_TO,கபிலர்,poet_as_printed,yaml:poet_as_printed,,,,,high,machine_checked,corpus/purananuru/poems/116.md,168e623767f5e75d98194174e7be535495bd580704b51349093b1046f545c378
asrt.475ca62a52d913d90655cbfc,purananuru,116,TINI_VALUE,SOURCE_EXPLICIT,ASSOCIATED_WITH_TINAI,பொதுவியல் துறை: கையறுநிலை,thinai_as_printed,yaml:thinai_as_printed,,,,,high,machine_checked,corpus/purananuru/poems/116.md,168e623767f5e75d98194174e7be535495bd580704b51349093b1046f545c378
asrt.7452ce02f92d615350b718d2,purananuru,116,TURAI_VALUE,SOURCE_EXPLICIT,ASSOCIATED_WITH_TURAI,கையறுநிலை,thurai,yaml:thurai,,,,,high,machine_checked,corpus/purananuru/poems/116.md,168e623767f5e75d98194174e7be535495bd580704b51349093b1046f545c378
asrt.6780afc5b9e0554c6d505b8d,purananuru,116,SOURCE_CONTEXT_NOTE,SOURCE_EXPLICIT,HAS_PRINTED_TITLE,குதிரையும் உப்புவண்டியும்!,title_as_printed,yaml:title_as_printed,,,,,high,machine_checked,corpus/purananuru/poems/116.md,168e623767f5e75d98194174e7be535495bd580704b51349093b1046f545c378
asrt.666ab57f0b0055fd30dc1f7c,purananuru,116,SOURCE_CONTEXT_NOTE,SOURCE_EXPLICIT,HAS_PRINTED_SOURCE_NOTE,"பாடியவர் : கபிலர்
திணை: பொதுவியல் துறை: கையறுநிலை",source_note,markdown:source-note,,,,,high,machine_checked,corpus/purananuru/poems/116.md,168e623767f5e75d98194174e7be535495bd580704b51349093b1046f545c378
asrt.940b7b6f1005c52ac71a013c,purananuru,116,TEXTUAL_CONDITION,SOURCE_EXPLICIT,HAS_TEXTUAL_STATUS,complete,textual_status,yaml:textual_status,,,,,high,machine_checked,corpus/purananuru/poems/116.md,168e623767f5e75d98194174e7be535495bd580704b51349093b1046f545c378
asrt.fefdde77c9a89c3133c8dd6d,purananuru,116,KINSHIP_MENTION,SOURCE_EXPLICIT,MENTIONS_CANDIDATE,தந்தை,canonical_body,markdown:canonical-body,14,14,22,27,medium,human_review_required,corpus/purananuru/poems/116.md,168e623767f5e75d98194174e7be535495bd580704b51349093b1046f545c378
asrt.844263e7df0037ef10a69ef1,purananuru,116,FLORA_MENTION,SOURCE_EXPLICIT,MENTIONS_CANDIDATE,மரம்,canonical_body,markdown:canonical-body,12,12,16,20,medium,human_review_required,corpus/purananuru/poems/116.md,168e623767f5e75d98194174e7be535495bd580704b51349093b1046f545c378
asrt.15be49f67011135fc1b2e80c,purananuru,116,COMMODITY_MENTION,SOURCE_EXPLICIT,MENTIONS_CANDIDATE,உப்பு,canonical_body,markdown:canonical-body,8,8,0,5,medium,human_review_required,corpus/purananuru/poems/116.md,168e623767f5e75d98194174e7be535495bd580704b51349093b1046f545c378
asrt.2a2600725bfbc70579f0dd63,purananuru,116,WARFARE_MENTION,SOURCE_EXPLICIT,MENTIONS_CANDIDATE,போர்,canonical_body,markdown:canonical-body,16,16,14,18,medium,human_review_required,corpus/purananuru/poems/116.md,168e623767f5e75d98194174e7be535495bd580704b51349093b1046f545c378
asrt.194a7b571807f140b170daf0,purananuru,117,POET_ATTRIBUTION,SOURCE_EXPLICIT,ATTRIBUTED_TO,கபிலர்,poet_as_printed,yaml:poet_as_printed,,,,,high,machine_checked,corpus/purananuru/poems/117.md,657ab183821f7d0b880eca1e8442089b58db2465f40bddec89fe0c972ffc6042
asrt.9df98fbbde2251065468c7ee,purananuru,117,TINI_VALUE,SOURCE_EXPLICIT,ASSOCIATED_WITH_TINAI,பொதுவியல் துறை: கையறுநிலை,thinai_as_printed,yaml:thinai_as_printed,,,,,high,machine_checked,corpus/purananuru/poems/117.md,657ab183821f7d0b880eca1e8442089b58db2465f40bddec89fe0c972ffc6042
asrt.e823d24ea6b9e17685f05818,purananuru,117,TURAI_VALUE,SOURCE_EXPLICIT,ASSOCIATED_WITH_TURAI,கையறுநிலை,thurai,yaml:thurai,,,,,high,machine_checked,corpus/purananuru/poems/117.md,657ab183821f7d0b880eca1e8442089b58db2465f40bddec89fe0c972ffc6042
asrt.938bee0bbe0898df5aed0b6b,purananuru,117,SOURCE_CONTEXT_NOTE,SOURCE_EXPLICIT,HAS_PRINTED_TITLE,தந்தை நாடு!,title_as_printed,yaml:title_as_printed,,,,,high,machine_checked,corpus/purananuru/poems/117.md,657ab183821f7d0b880eca1e8442089b58db2465f40bddec89fe0c972ffc6042
asrt.15762907c5bbbf53eef36d70,purananuru,117,SOURCE_CONTEXT_NOTE,SOURCE_EXPLICIT,HAS_PRINTED_SOURCE_NOTE,"பாடியவர் : கபிலர்
திணை: பொதுவியல் துறை: கையறுநிலை",source_note,markdown:source-note,,,,,high,machine_checked,corpus/purananuru/poems/117.md,657ab183821f7d0b880eca1e8442089b58db2465f40bddec89fe0c972ffc6042
asrt.b5032d2be8254f848113b291,purananuru,117,TEXTUAL_CONDITION,SOURCE_EXPLICIT,HAS_TEXTUAL_STATUS,complete,textual_status,yaml:textual_status,,,,,high,machine_checked,corpus/purananuru/poems/117.md,657ab183821f7d0b880eca1e8442089b58db2465f40bddec89fe0c972ffc6042
asrt.b61469dda95cb42d597d166c,purananuru,117,RULER_MENTION,SOURCE_EXPLICIT,MENTIONS_CANDIDATE,ஆய்,canonical_body,markdown:canonical-body,10,10,0,3,medium,human_review_required,corpus/purananuru/poems/117.md,657ab183821f7d0b880eca1e8442089b58db2465f40bddec89fe0c972ffc6042
asrt.b5413b4465b902dae4950031,purananuru,117,KINSHIP_MENTION,SOURCE_EXPLICIT,MENTIONS_CANDIDATE,தந்தை,canonical_body,markdown:canonical-body,10,10,18,23,medium,human_review_required,corpus/purananuru/poems/117.md,657ab183821f7d0b880eca1e8442089b58db2465f40bddec89fe0c972ffc6042
asrt.7f737541d731d421daec1761,purananuru,117,FLORA_MENTION,SOURCE_EXPLICIT,MENTIONS_CANDIDATE,முல்லை,canonical_body,markdown:canonical-body,9,9,7,13,medium,human_review_required,corpus/purananuru/poems/117.md,657ab183821f7d0b880eca1e8442089b58db2465f40bddec89fe0c972ffc6042
asrt.0fae73dcef0b7b44438f3497,purananuru,117,FAUNA_MENTION,SOURCE_EXPLICIT,MENTIONS_CANDIDATE,மீன்,canonical_body,markdown:canonical-body,1,1,5,9,medium,human_review_required,corpus/purananuru/poems/117.md,657ab183821f7d0b880eca1e8442089b58db2465f40bddec89fe0c972ffc6042
asrt.a8f6e6ce09789b86032d2268,purananuru,118,POET_ATTRIBUTION,SOURCE_EXPLICIT,ATTRIBUTED_TO,கபிலர்,poet_as_printed,yaml:poet_as_printed,,,,,high,machine_checked,corpus/purananuru/poems/118.md,cfe7a44964fb2ae9216d788a260571986d0c1cfacbce936d405a430b30d1f2a1
asrt.22061b62b5aa3f7e2a64becf,purananuru,118,TINI_VALUE,SOURCE_EXPLICIT,ASSOCIATED_WITH_TINAI,பொதுவியல் துறை: கையறுநிலை,thinai_as_printed,yaml:thinai_as_printed,,,,,high,machine_checked,corpus/purananuru/poems/118.md,cfe7a44964fb2ae9216d788a260571986d0c1cfacbce936d405a430b30d1f2a1
asrt.80ac310a6bb18e1f2f3e0fd4,purananuru,118,TURAI_VALUE,SOURCE_EXPLICIT,ASSOCIATED_WITH_TURAI,கையறுநிலை,thurai,yaml:thurai,,,,,high,machine_checked,corpus/purananuru/poems/118.md,cfe7a44964fb2ae9216d788a260571986d0c1cfacbce936d405a430b30d1f2a1
asrt.8766f6776ff6c832a5255847,purananuru,118,SOURCE_CONTEXT_NOTE,SOURCE_EXPLICIT,HAS_PRINTED_TITLE,சிறுகுளம் உடைந்துபோம்!,title_as_printed,yaml:title_as_printed,,,,,high,machine_checked,corpus/purananuru/poems/118.md,cfe7a44964fb2ae9216d788a260571986d0c1cfacbce936d405a430b30d1f2a1
asrt.26a83487faef685009140cc8,purananuru,118,SOURCE_CONTEXT_NOTE,SOURCE_EXPLICIT,HAS_PRINTED_SOURCE_NOTE,"பாடியவர் : கபிலர்
திணை: பொதுவியல் துறை: கையறுநிலை",source_note,markdown:source-note,,,,,high,machine_checked,corpus/purananuru/poems/118.md,cfe7a44964fb2ae9216d788a260571986d0c1cfacbce936d405a430b30d1f2a1
asrt.8e3151acd038fa1c465450c6,purananuru,118,TEXTUAL_CONDITION,SOURCE_EXPLICIT,HAS_TEXTUAL_STATUS,complete,textual_status,yaml:textual_status,,,,,high,machine_checked,corpus/purananuru/poems/118.md,cfe7a44964fb2ae9216d788a260571986d0c1cfacbce936d405a430b30d1f2a1
asrt.303bd2fa291a8c70e328db06,purananuru,118,WARFARE_MENTION,SOURCE_EXPLICIT,MENTIONS_CANDIDATE,வேல்,canonical_body,markdown:canonical-body,4,4,5,9,medium,human_review_required,corpus/purananuru/poems/118.md,cfe7a44964fb2ae9216d788a260571986d0c1cfacbce936d405a430b30d1f2a1
asrt.d370a86d0a31df07ca7779de,purananuru,119,POET_ATTRIBUTION,SOURCE_EXPLICIT,ATTRIBUTED_TO,கபிலர்,poet_as_printed,yaml:poet_as_printed,,,,,high,machine_checked,corpus/purananuru/poems/119.md,4316779ad7c30cfa81c800a0e85eef6108cf8d24663f880664442de5cd70f113
asrt.69dc8457d19ca6d0d6f15858,purananuru,119,TINI_VALUE,SOURCE_EXPLICIT,ASSOCIATED_WITH_TINAI,பொதுவியல் துறை: கையறுநிலை,thinai_as_printed,yaml:thinai_as_printed,,,,,high,machine_checked,corpus/purananuru/poems/119.md,4316779ad7c30cfa81c800a0e85eef6108cf8d24663f880664442de5cd70f113
asrt.bba32b38b15b58ab7b331ae7,purananuru,119,TURAI_VALUE,SOURCE_EXPLICIT,ASSOCIATED_WITH_TURAI,கையறுநிலை,thurai,yaml:thurai,,,,,high,machine_checked,corpus/purananuru/poems/119.md,4316779ad7c30cfa81c800a0e85eef6108cf8d24663f880664442de5cd70f113
asrt.e27f2f8cf14acf24646a2dce,purananuru,119,SOURCE_CONTEXT_NOTE,SOURCE_EXPLICIT,HAS_PRINTED_SOURCE_NOTE,"பாடியவர் : கபிலர்
திணை: பொதுவியல் துறை: கையறுநிலை
சிறப்பு: 'நிழலில் நீளிடைத் தனிமரம்' போல விளங்கிய பாரியது வள்ளன்மை.",source_note,markdown:source-note,,,,,high,machine_checked,corpus/purananuru/poems/119.md,4316779ad7c30cfa81c800a0e85eef6108cf8d24663f880664442de5cd70f113
asrt.797357e7d231506ef0612998,purananuru,119,SOURCE_CONTEXT_NOTE,SOURCE_EXPLICIT,HAS_PRINTED_TITLE,வேந்தரிற் சிறந்த பாரி!,title_as_printed,yaml:title_as_printed,,,,,high,machine_checked,corpus/purananuru/poems/119.md,4316779ad7c30cfa81c800a0e85eef6108cf8d24663f880664442de5cd70f113
asrt.66e9be7b5718d37e721d38ac,purananuru,119,TEXTUAL_CONDITION,SOURCE_EXPLICIT,HAS_TEXTUAL_STATUS,complete,textual_status,yaml:textual_status,,,,,high,machine_checked,corpus/purananuru/poems/119.md,4316779ad7c30cfa81c800a0e85eef6108cf8d24663f880664442de5cd70f113
asrt.8160c840a7e0d9f49307fa1d,purananuru,120,POET_ATTRIBUTION,SOURCE_EXPLICIT,ATTRIBUTED_TO,கபிலர்,poet_as_printed,yaml:poet_as_printed,,,,,high,machine_checked,corpus/purananuru/poems/120.md,77b729ae72f1ff27d2a2ec65348665e0631870f62cab4355bf20542aa15a6944
asrt.b372a5dbb7ba4cc0ca1b6735,purananuru,120,TINI_VALUE,SOURCE_EXPLICIT,ASSOCIATED_WITH_TINAI,பொதுவியல் துறை: கையறுநிலை,thinai_as_printed,yaml:thinai_as_printed,,,,,high,machine_checked,corpus/purananuru/poems/120.md,77b729ae72f1ff27d2a2ec65348665e0631870f62cab4355bf20542aa15a6944
asrt.c2182e7c81bef57912475611,purananuru,120,TURAI_VALUE,SOURCE_EXPLICIT,ASSOCIATED_WITH_TURAI,கையறுநிலை,thurai,yaml:thurai,,,,,high,machine_checked,corpus/purananuru/poems/120.md,77b729ae72f1ff27d2a2ec65348665e0631870f62cab4355bf20542aa15a6944
asrt.9904c2bebb392e63a299a934,purananuru,120,SOURCE_CONTEXT_NOTE,SOURCE_EXPLICIT,HAS_PRINTED_TITLE,கம்பலை கண்ட நாடு!,title_as_printed,yaml:title_as_printed,,,,,high,machine_checked,corpus/purananuru/poems/120.md,77b729ae72f1ff27d2a2ec65348665e0631870f62cab4355bf20542aa15a6944
asrt.adf1c2cd122c4debea831aae,purananuru,120,SOURCE_CONTEXT_NOTE,SOURCE_EXPLICIT,HAS_PRINTED_SOURCE_NOTE,"பாடியவர்: கபிலர்
திணை: பொதுவியல் துறை: கையறுநிலை",source_note,markdown:source-note,,,,,high,machine_checked,corpus/purananuru/poems/120.md,77b729ae72f1ff27d2a2ec65348665e0631870f62cab4355bf20542aa15a6944
asrt.233f3a922ada4168cd5f0ecf,purananuru,120,TEXTUAL_CONDITION,SOURCE_EXPLICIT,HAS_TEXTUAL_STATUS,complete,textual_status,yaml:textual_status,,,,,high,machine_checked,corpus/purananuru/poems/120.md,77b729ae72f1ff27d2a2ec65348665e0631870f62cab4355bf20542aa15a6944
asrt.606bc896bdb5b172cc84c4fb,purananuru,120,KINSHIP_MENTION,SOURCE_EXPLICIT,MENTIONS_CANDIDATE,தந்தை,canonical_body,markdown:canonical-body,17,17,27,32,medium,human_review_required,corpus/purananuru/poems/120.md,77b729ae72f1ff27d2a2ec65348665e0631870f62cab4355bf20542aa15a6944
asrt.a78c7e07207e787066f764e1,purananuru,121,POET_ATTRIBUTION,SOURCE_EXPLICIT,ATTRIBUTED_TO,கபிலர்,poet_as_printed,yaml:poet_as_printed,,,,,high,machine_checked,corpus/purananuru/poems/121.md,70a66cae1eb91fddda02b6bca26660c4b7e849f8b246b6f793117e740985e457
asrt.bc8ad11a3e6e09f18a59fc2d,purananuru,121,PATRON_OR_ADDRESSEE,SOURCE_EXPLICIT,ADDRESSED_TO,மலையமான் திருமுடிக்காரி,addressee_as_printed,yaml:addressee_as_printed,,,,,high,machine_checked,corpus/purananuru/poems/121.md,70a66cae1eb91fddda02b6bca26660c4b7e849f8b246b6f793117e740985e457
asrt.18db45416b08089eeb411d59,purananuru,121,TINI_VALUE,SOURCE_EXPLICIT,ASSOCIATED_WITH_TINAI,பொதுவியல்,thinai_as_printed,yaml:thinai_as_printed,,,,,high,machine_checked,corpus/purananuru/poems/121.md,70a66cae1eb91fddda02b6bca26660c4b7e849f8b246b6f793117e740985e457
asrt.2724925fc1583df5c82c08b5,purananuru,121,TURAI_VALUE,SOURCE_EXPLICIT,ASSOCIATED_WITH_TURAI,பொருண் மொழிக் காஞ்சி,thurai,yaml:thurai,,,,,high,machine_checked,corpus/purananuru/poems/121.md,70a66cae1eb91fddda02b6bca26660c4b7e849f8b246b6f793117e740985e457
asrt.cbc6b6bdcbfa5766eac5655d,purananuru,121,SOURCE_CONTEXT_NOTE,SOURCE_EXPLICIT,HAS_PRINTED_SOURCE_NOTE,"பாடியவர் : கபிலர்.
பாடப்பட்டோன்: மலையமான் திருமுடிக்காரி.
திணை: பொதுவியல். துறை: பொருண் மொழிக் காஞ்சி.",source_note,markdown:source-note,,,,,high,machine_checked,corpus/purananuru/poems/121.md,70a66cae1eb91fddda02b6bca26660c4b7e849f8b246b6f793117e740985e457
asrt.62a582972328a9c5be362231,purananuru,121,SOURCE_CONTEXT_NOTE,SOURCE_EXPLICIT,HAS_PRINTED_TITLE,புலவரும் பொதுநோக்கமும்!,title_as_printed,yaml:title_as_printed,,,,,high,machine_checked,corpus/purananuru/poems/121.md,70a66cae1eb91fddda02b6bca26660c4b7e849f8b246b6f793117e740985e457
asrt.87101bf95059d5a0b69022d1,purananuru,121,TEXTUAL_CONDITION,SOURCE_EXPLICIT,HAS_TEXTUAL_STATUS,complete,textual_status,yaml:textual_status,,,,,high,machine_checked,corpus/purananuru/poems/121.md,70a66cae1eb91fddda02b6bca26660c4b7e849f8b246b6f793117e740985e457
asrt.bd5ca8ea2fd69b99439cf71c,purananuru,121,GIFT_MENTION,SOURCE_EXPLICIT,MENTIONS_CANDIDATE,பரிசில்,canonical_body,markdown:canonical-body,2,2,15,22,medium,human_review_required,corpus/purananuru/poems/121.md,70a66cae1eb91fddda02b6bca26660c4b7e849f8b246b6f793117e740985e457
asrt.4a27185336c612a86e467f75,purananuru,122,POET_ATTRIBUTION,SOURCE_EXPLICIT,ATTRIBUTED_TO,கபிலர்,poet_as_printed,yaml:poet_as_printed,,,,,high,machine_checked,corpus/purananuru/poems/122.md,69bcce85bcce39e12d74d00f122ea519787da406990acc772c615e10ea539380
asrt.193e8a22cdf756abad143af8,purananuru,122,PATRON_OR_ADDRESSEE,SOURCE_EXPLICIT,ADDRESSED_TO,மலையமான் திருமுடிக்காரி,addressee_as_printed,yaml:addressee_as_printed,,,,,high,machine_checked,corpus/purananuru/poems/122.md,69bcce85bcce39e12d74d00f122ea519787da406990acc772c615e10ea539380
asrt.359111b5d59901d6445ccce6,purananuru,122,TINI_VALUE,SOURCE_EXPLICIT,ASSOCIATED_WITH_TINAI,பாடாண்,thinai_as_printed,yaml:thinai_as_printed,,,,,high,machine_checked,corpus/purananuru/poems/122.md,69bcce85bcce39e12d74d00f122ea519787da406990acc772c615e10ea539380
asrt.5134379f8a86552d716b5f26,purananuru,122,TURAI_VALUE,SOURCE_EXPLICIT,ASSOCIATED_WITH_TURAI,இயன் மொழி,thurai,yaml:thurai,,,,,high,machine_checked,corpus/purananuru/poems/122.md,69bcce85bcce39e12d74d00f122ea519787da406990acc772c615e10ea539380
asrt.3ae348cc80036dc9f90e8a1f,purananuru,122,SOURCE_CONTEXT_NOTE,SOURCE_EXPLICIT,HAS_PRINTED_SOURCE_NOTE,"பாடியவர் : கபிலர்.
பாடப்பட்டோன்: மலையமான் திருமுடிக்காரி.
திணை: பாடாண். துறை: இயன் மொழி.",source_note,markdown:source-note,,,,,high,machine_checked,corpus/purananuru/poems/122.md,69bcce85bcce39e12d74d00f122ea519787da406990acc772c615e10ea539380
asrt.b65b57159a17848e8cea07ac,purananuru,122,SOURCE_CONTEXT_NOTE,SOURCE_EXPLICIT,HAS_PRINTED_TITLE,பெருமிதம் ஏனோ!,title_as_printed,yaml:title_as_printed,,,,,high,machine_checked,corpus/purananuru/poems/122.md,69bcce85bcce39e12d74d00f122ea519787da406990acc772c615e10ea539380
asrt.1bcfa4cef49d9d0d7bd7d4d1,purananuru,122,TEXTUAL_CONDITION,SOURCE_EXPLICIT,HAS_TEXTUAL_STATUS,complete,textual_status,yaml:textual_status,,,,,high,machine_checked,corpus/purananuru/poems/122.md,69bcce85bcce39e12d74d00f122ea519787da406990acc772c615e10ea539380
asrt.40109475313a4bc28a0db869,purananuru,122,WATER_BODY_MENTION,SOURCE_EXPLICIT,MENTIONS_CANDIDATE,கடல்,canonical_body,markdown:canonical-body,1,1,0,4,medium,human_review_required,corpus/purananuru/poems/122.md,69bcce85bcce39e12d74d00f122ea519787da406990acc772c615e10ea539380
asrt.0d24c8727dea109ca7ab5795,purananuru,123,POET_ATTRIBUTION,SOURCE_EXPLICIT,ATTRIBUTED_TO,கபிலர்,poet_as_printed,yaml:poet_as_printed,,,,,high,machine_checked,corpus/purananuru/poems/123.md,0abf2983461f9dd0a8dd38195c779ce5c8db231d8cf3de2981995a28d634a9c5
asrt.28f259e44e8f836f964eba5f,purananuru,123,PATRON_OR_ADDRESSEE,SOURCE_EXPLICIT,ADDRESSED_TO,மலையமான் திருமுடிக்காரி,addressee_as_printed,yaml:addressee_as_printed,,,,,high,machine_checked,corpus/purananuru/poems/123.md,0abf2983461f9dd0a8dd38195c779ce5c8db231d8cf3de2981995a28d634a9c5
asrt.27c4cfc94c5b64c8299ea7a6,purananuru,123,TINI_VALUE,SOURCE_EXPLICIT,ASSOCIATED_WITH_TINAI,பாடாண்,thinai_as_printed,yaml:thinai_as_printed,,,,,high,machine_checked,corpus/purananuru/poems/123.md,0abf2983461f9dd0a8dd38195c779ce5c8db231d8cf3de2981995a28d634a9c5
asrt.5d7b155690fab89267f9d307,purananuru,123,TURAI_VALUE,SOURCE_EXPLICIT,ASSOCIATED_WITH_TURAI,இயன் மொழி,thurai,yaml:thurai,,,,,high,machine_checked,corpus/purananuru/poems/123.md,0abf2983461f9dd0a8dd38195c779ce5c8db231d8cf3de2981995a28d634a9c5
asrt.7471e452d3ab281bb91a0c8d,purananuru,123,SOURCE_CONTEXT_NOTE,SOURCE_EXPLICIT,HAS_PRINTED_SOURCE_NOTE,"பாடியவர் : கபிலர்.
பாடப்பட்டோன்: மலையமான் திருமுடிக்காரி.
திணை: பாடாண். துறை: இயன் மொழி.",source_note,markdown:source-note,,,,,high,machine_checked,corpus/purananuru/poems/123.md,0abf2983461f9dd0a8dd38195c779ce5c8db231d8cf3de2981995a28d634a9c5
asrt.af8a3a754112d6b45776c964,purananuru,123,SOURCE_CONTEXT_NOTE,SOURCE_EXPLICIT,HAS_PRINTED_TITLE,மயக்கமும் இயற்கையும்!,title_as_printed,yaml:title_as_printed,,,,,high,machine_checked,corpus/purananuru/poems/123.md,0abf2983461f9dd0a8dd38195c779ce5c8db231d8cf3de2981995a28d634a9c5
asrt.0b1a6e48adb1a9a3d49a34ac,purananuru,123,TEXTUAL_CONDITION,SOURCE_EXPLICIT,HAS_TEXTUAL_STATUS,complete,textual_status,yaml:textual_status,,,,,high,machine_checked,corpus/purananuru/poems/123.md,0abf2983461f9dd0a8dd38195c779ce5c8db231d8cf3de2981995a28d634a9c5
asrt.8be28493fa98073a7bac859f,purananuru,124,POET_ATTRIBUTION,SOURCE_EXPLICIT,ATTRIBUTED_TO,கபிலர்,poet_as_printed,yaml:poet_as_printed,,,,,high,machine_checked,corpus/purananuru/poems/124.md,28df8f5cec65943188b49a8aaff5f78af67b9b73db1e86db3b26f259a2357009
asrt.1b4ab8296e1018b60a8ea45f,purananuru,124,PATRON_OR_ADDRESSEE,SOURCE_EXPLICIT,ADDRESSED_TO,மலையமான் திருமுடிக்காரி,addressee_as_printed,yaml:addressee_as_printed,,,,,high,machine_checked,corpus/purananuru/poems/124.md,28df8f5cec65943188b49a8aaff5f78af67b9b73db1e86db3b26f259a2357009
asrt.dcb08830ad771506e7096625,purananuru,124,TINI_VALUE,SOURCE_EXPLICIT,ASSOCIATED_WITH_TINAI,பாடாண்,thinai_as_printed,yaml:thinai_as_printed,,,,,high,machine_checked,corpus/purananuru/poems/124.md,28df8f5cec65943188b49a8aaff5f78af67b9b73db1e86db3b26f259a2357009
asrt.7c843ee48261538d518014f2,purananuru,124,TURAI_VALUE,SOURCE_EXPLICIT,ASSOCIATED_WITH_TURAI,இயன் மொழி,thurai,yaml:thurai,,,,,high,machine_checked,corpus/purananuru/poems/124.md,28df8f5cec65943188b49a8aaff5f78af67b9b73db1e86db3b26f259a2357009
asrt.8441bcf1cf2148bc202ebc7b,purananuru,124,SOURCE_CONTEXT_NOTE,SOURCE_EXPLICIT,HAS_PRINTED_SOURCE_NOTE,"பாடியவர் : கபிலர்.
பாடப்பட்டோன்: மலையமான் திருமுடிக்காரி.
திணை: பாடாண். துறை: இயன் மொழி.",source_note,markdown:source-note,,,,,high,machine_checked,corpus/purananuru/poems/124.md,28df8f5cec65943188b49a8aaff5f78af67b9b73db1e86db3b26f259a2357009
asrt.d5ab41180d8bccffeb849854,purananuru,124,SOURCE_CONTEXT_NOTE,SOURCE_EXPLICIT,HAS_PRINTED_TITLE,வறிது திரும்பார்!,title_as_printed,yaml:title_as_printed,,,,,high,machine_checked,corpus/purananuru/poems/124.md,28df8f5cec65943188b49a8aaff5f78af67b9b73db1e86db3b26f259a2357009
asrt.95526e80c2b0004b185c96e1,purananuru,124,TEXTUAL_CONDITION,SOURCE_EXPLICIT,HAS_TEXTUAL_STATUS,complete,textual_status,yaml:textual_status,,,,,high,machine_checked,corpus/purananuru/poems/124.md,28df8f5cec65943188b49a8aaff5f78af67b9b73db1e86db3b26f259a2357009
asrt.87b3ebe3a1f0194faea257a4,purananuru,125,POET_ATTRIBUTION,SOURCE_EXPLICIT,ATTRIBUTED_TO,வடமவண்ணக்கண் பெருஞ்சாத்தனார்,poet_as_printed,yaml:poet_as_printed,,,,,high,machine_checked,corpus/purananuru/poems/125.md,1ca3f7c3e6e42db2938a17150d9b07c2aece72cd5ecf32bdb6f70a15df18841a
asrt.25eb85575335915edda06eaa,purananuru,125,PATRON_OR_ADDRESSEE,SOURCE_EXPLICIT,ADDRESSED_TO,தேர்வண் மலையன்,addressee_as_printed,yaml:addressee_as_printed,,,,,high,machine_checked,corpus/purananuru/poems/125.md,1ca3f7c3e6e42db2938a17150d9b07c2aece72cd5ecf32bdb6f70a15df18841a
asrt.ae5f083a105ac23d5dece9c9,purananuru,125,TINI_VALUE,SOURCE_EXPLICIT,ASSOCIATED_WITH_TINAI,வாகை,thinai_as_printed,yaml:thinai_as_printed,,,,,high,machine_checked,corpus/purananuru/poems/125.md,1ca3f7c3e6e42db2938a17150d9b07c2aece72cd5ecf32bdb6f70a15df18841a
asrt.c2f8c1ac8fd5f067abe8859a,purananuru,125,TURAI_VALUE,SOURCE_EXPLICIT,ASSOCIATED_WITH_TURAI,அரச வாகை,thurai,yaml:thurai,,,,,high,machine_checked,corpus/purananuru/poems/125.md,1ca3f7c3e6e42db2938a17150d9b07c2aece72cd5ecf32bdb6f70a15df18841a
asrt.9e446a808fa46dad7f1b1bbc,purananuru,125,SOURCE_CONTEXT_NOTE,SOURCE_EXPLICIT,HAS_PRINTED_SOURCE_NOTE,"பாடியவர் : வடமவண்ணக்கண் பெருஞ்சாத்தனார்.
பாடப்பட்டோன்: தேர்வண் மலையன்.
திணை: வாகை. துறை: அரச வாகை.
குறிப்பு: சேரமான் மாந்தரஞ் சேரல் இரும்பொறையும், சோழன் இராச சூயம்வேட்ட பெருநற் கிள்ளியும் பொருதவழிச், சோழற்குத் துப்பாகிய மலையனைப் பாடியது; பேரிசாத்தனார் பாட்டு எனவும் கொள்வர்.",source_note,markdown:source-note,,,,,high,machine_checked,corpus/purananuru/poems/125.md,1ca3f7c3e6e42db2938a17150d9b07c2aece72cd5ecf32bdb6f70a15df18841a
asrt.d59b7db184aa6115b9901a63,purananuru,125,SOURCE_CONTEXT_NOTE,SOURCE_EXPLICIT,HAS_PRINTED_TITLE,புகழால் ஒருவன்!,title_as_printed,yaml:title_as_printed,,,,,high,machine_checked,corpus/purananuru/poems/125.md,1ca3f7c3e6e42db2938a17150d9b07c2aece72cd5ecf32bdb6f70a15df18841a
asrt.236bc15ec7caf155501507c1,purananuru,125,TEXTUAL_CONDITION,SOURCE_EXPLICIT,HAS_TEXTUAL_STATUS,complete,textual_status,yaml:textual_status,,,,,high,machine_checked,corpus/purananuru/poems/125.md,1ca3f7c3e6e42db2938a17150d9b07c2aece72cd5ecf32bdb6f70a15df18841a
asrt.e58b2f04b6f305bb63bc4542,purananuru,125,FAUNA_MENTION,SOURCE_EXPLICIT,MENTIONS_CANDIDATE,களிறு,canonical_body,markdown:canonical-body,9,9,13,18,medium,human_review_required,corpus/purananuru/poems/125.md,1ca3f7c3e6e42db2938a17150d9b07c2aece72cd5ecf32bdb6f70a15df18841a
asrt.fe9b90ed3a0f06eeab5f29f8,purananuru,126,POET_ATTRIBUTION,SOURCE_EXPLICIT,ATTRIBUTED_TO,மாறோக்கத்து நப்பசலையார்,poet_as_printed,yaml:poet_as_printed,,,,,high,machine_checked,corpus/purananuru/poems/126.md,035797c71715939e86f968d0774e34a1a8926978bf74fc0a7c76e9e2b72dfe6b
asrt.6840833b965adbde56333f6d,purananuru,126,PATRON_OR_ADDRESSEE,SOURCE_EXPLICIT,ADDRESSED_TO,மலையமான் திருமுடிக்காரி,addressee_as_printed,yaml:addressee_as_printed,,,,,high,machine_checked,corpus/purananuru/poems/126.md,035797c71715939e86f968d0774e34a1a8926978bf74fc0a7c76e9e2b72dfe6b
asrt.f6b5954be75c3a85c8cedc67,purananuru,126,TINI_VALUE,SOURCE_EXPLICIT,ASSOCIATED_WITH_TINAI,பாடாண்,thinai_as_printed,yaml:thinai_as_printed,,,,,high,machine_checked,corpus/purananuru/poems/126.md,035797c71715939e86f968d0774e34a1a8926978bf74fc0a7c76e9e2b72dfe6b
asrt.522b771aeda64c59824739d6,purananuru,126,TURAI_VALUE,SOURCE_EXPLICIT,ASSOCIATED_WITH_TURAI,பரிசில்,thurai,yaml:thurai,,,,,high,machine_checked,corpus/purananuru/poems/126.md,035797c71715939e86f968d0774e34a1a8926978bf74fc0a7c76e9e2b72dfe6b
asrt.b14955a4af3affc3caaa7f4d,purananuru,126,SOURCE_CONTEXT_NOTE,SOURCE_EXPLICIT,HAS_PRINTED_TITLE,கபிலனும் யாமும்!,title_as_printed,yaml:title_as_printed,,,,,high,machine_checked,corpus/purananuru/poems/126.md,035797c71715939e86f968d0774e34a1a8926978bf74fc0a7c76e9e2b72dfe6b
asrt.c60c479bc44305c3ba6e5113,purananuru,126,SOURCE_CONTEXT_NOTE,SOURCE_EXPLICIT,HAS_PRINTED_SOURCE_NOTE,"பாடியவர் : மாறோக்கத்து நப்பசலையார்.
பாடப்பட்டோன்: மலையமான் திருமுடிக்காரி.
திணை: பாடாண். துறை: பரிசில்",source_note,markdown:source-note,,,,,high,machine_checked,corpus/purananuru/poems/126.md,035797c71715939e86f968d0774e34a1a8926978bf74fc0a7c76e9e2b72dfe6b
asrt.0b1c19da5d080407fa6ef358,purananuru,126,TEXTUAL_CONDITION,SOURCE_EXPLICIT,HAS_TEXTUAL_STATUS,complete,textual_status,yaml:textual_status,,,,,high,machine_checked,corpus/purananuru/poems/126.md,035797c71715939e86f968d0774e34a1a8926978bf74fc0a7c76e9e2b72dfe6b
asrt.38191441d086d1725298d857,purananuru,126,COMMUNITY_MENTION,SOURCE_EXPLICIT,MENTIONS_CANDIDATE,பாணர்,canonical_body,markdown:canonical-body,1,1,32,37,medium,human_review_required,corpus/purananuru/poems/126.md,035797c71715939e86f968d0774e34a1a8926978bf74fc0a7c76e9e2b72dfe6b
asrt.2ccdf2778c0ae14e347c3089,purananuru,126,FAUNA_MENTION,SOURCE_EXPLICIT,MENTIONS_CANDIDATE,யானை,canonical_body,markdown:canonical-body,1,1,8,12,medium,human_review_required,corpus/purananuru/poems/126.md,035797c71715939e86f968d0774e34a1a8926978bf74fc0a7c76e9e2b72dfe6b
asrt.a54b7dd4a69d9f4b7aac6ede,purananuru,126,COMMODITY_MENTION,SOURCE_EXPLICIT,MENTIONS_CANDIDATE,பொன்,canonical_body,markdown:canonical-body,1,1,19,23,medium,human_review_required,corpus/purananuru/poems/126.md,035797c71715939e86f968d0774e34a1a8926978bf74fc0a7c76e9e2b72dfe6b
asrt.6afe235ac77d40b846962b53,purananuru,127,POET_ATTRIBUTION,SOURCE_EXPLICIT,ATTRIBUTED_TO,உறையூர் ஏணிச்சேரி முடமோசியார்,poet_as_printed,yaml:poet_as_printed,,,,,high,machine_checked,corpus/purananuru/poems/127.md,e1bb85af3c12741c6d33cbfd7dfa0ea627da4b4e9d70628934c7cb59b8c6195b
asrt.d25bd1e2309e76be3f78f8d4,purananuru,127,PATRON_OR_ADDRESSEE,SOURCE_EXPLICIT,ADDRESSED_TO,வேள் ஆய் அரண்டின்,addressee_as_printed,yaml:addressee_as_printed,,,,,high,machine_checked,corpus/purananuru/poems/127.md,e1bb85af3c12741c6d33cbfd7dfa0ea627da4b4e9d70628934c7cb59b8c6195b
asrt.2c123759193d6808aaf329ac,purananuru,127,TINI_VALUE,SOURCE_EXPLICIT,ASSOCIATED_WITH_TINAI,பாடாண்,thinai_as_printed,yaml:thinai_as_printed,,,,,high,machine_checked,corpus/purananuru/poems/127.md,e1bb85af3c12741c6d33cbfd7dfa0ea627da4b4e9d70628934c7cb59b8c6195b
asrt.f729272aba4f5dffb34618ba,purananuru,127,TURAI_VALUE,SOURCE_EXPLICIT,ASSOCIATED_WITH_TURAI,கடைஇநிலை,thurai,yaml:thurai,,,,,high,machine_checked,corpus/purananuru/poems/127.md,e1bb85af3c12741c6d33cbfd7dfa0ea627da4b4e9d70628934c7cb59b8c6195b
asrt.1767203c00526efb9ab246da,purananuru,127,SOURCE_CONTEXT_NOTE,SOURCE_EXPLICIT,HAS_PRINTED_TITLE,உரைசால் புகழ்!,title_as_printed,yaml:title_as_printed,,,,,high,machine_checked,corpus/purananuru/poems/127.md,e1bb85af3c12741c6d33cbfd7dfa0ea627da4b4e9d70628934c7cb59b8c6195b
asrt.4b32e3a1139c76f09e360a06,purananuru,127,SOURCE_CONTEXT_NOTE,SOURCE_EXPLICIT,HAS_PRINTED_SOURCE_NOTE,"பாடியவர் : உறையூர் ஏணிச்சேரி முடமோசியார்.
பாடப்பட்டோன்: வேள் ஆய் அரண்டின்.
திணை: பாடாண். துறை: கடைஇநிலை.",source_note,markdown:source-note,,,,,high,machine_checked,corpus/purananuru/poems/127.md,e1bb85af3c12741c6d33cbfd7dfa0ea627da4b4e9d70628934c7cb59b8c6195b
asrt.1bcf2139be9a0e2d647ac1a0,purananuru,127,TEXTUAL_CONDITION,SOURCE_EXPLICIT,HAS_TEXTUAL_STATUS,complete,textual_status,yaml:textual_status,,,,,high,machine_checked,corpus/purananuru/poems/127.md,e1bb85af3c12741c6d33cbfd7dfa0ea627da4b4e9d70628934c7cb59b8c6195b
asrt.e88d557182ceb7dc546df281,purananuru,127,COMMUNITY_MENTION,SOURCE_EXPLICIT,MENTIONS_CANDIDATE,பாணர்,canonical_body,markdown:canonical-body,2,2,16,21,medium,human_review_required,corpus/purananuru/poems/127.md,e1bb85af3c12741c6d33cbfd7dfa0ea627da4b4e9d70628934c7cb59b8c6195b
asrt.56d209ab6b6618518db49c7c,purananuru,127,GIFT_MENTION,SOURCE_EXPLICIT,MENTIONS_CANDIDATE,ஈகை,canonical_body,markdown:canonical-body,5,5,0,3,medium,human_review_required,corpus/purananuru/poems/127.md,e1bb85af3c12741c6d33cbfd7dfa0ea627da4b4e9d70628934c7cb59b8c6195b
asrt.74f020a72ea8861721479c6a,purananuru,128,POET_ATTRIBUTION,SOURCE_EXPLICIT,ATTRIBUTED_TO,உறையூர் ஏணிச்சேரி முடமோசியார்,poet_as_printed,yaml:poet_as_printed,,,,,high,machine_checked,corpus/purananuru/poems/128.md,8a1b4396c47ccea4cdd13a250f6422d2a43ae9ea4f118f09f195c3924dcd12ff
asrt.bcc0743daf9ff5f494e824b3,purananuru,128,PATRON_OR_ADDRESSEE,SOURCE_EXPLICIT,ADDRESSED_TO,ஆய் அண்டிரன்,addressee_as_printed,yaml:addressee_as_printed,,,,,high,machine_checked,corpus/purananuru/poems/128.md,8a1b4396c47ccea4cdd13a250f6422d2a43ae9ea4f118f09f195c3924dcd12ff
asrt.c42c8811e5a01a3aa63a4105,purananuru,128,TINI_VALUE,SOURCE_EXPLICIT,ASSOCIATED_WITH_TINAI,பாடாண்,thinai_as_printed,yaml:thinai_as_printed,,,,,high,machine_checked,corpus/purananuru/poems/128.md,8a1b4396c47ccea4cdd13a250f6422d2a43ae9ea4f118f09f195c3924dcd12ff
asrt.f26b8b42843aba1cdd48c991,purananuru,128,TURAI_VALUE,SOURCE_EXPLICIT,ASSOCIATED_WITH_TURAI,வாழ்த்து,thurai,yaml:thurai,,,,,high,machine_checked,corpus/purananuru/poems/128.md,8a1b4396c47ccea4cdd13a250f6422d2a43ae9ea4f118f09f195c3924dcd12ff
asrt.939acb62c075207fac8bca06,purananuru,128,SOURCE_CONTEXT_NOTE,SOURCE_EXPLICIT,HAS_PRINTED_SOURCE_NOTE,"பாடியவர் : உறையூர் ஏணிச்சேரி முடமோசியார்.
பாடப்பட்டோன்: ஆய் அண்டிரன்.
திணை: பாடாண். துறை: வாழ்த்து; இயன்மொழியும் ஆம்.",source_note,markdown:source-note,,,,,high,machine_checked,corpus/purananuru/poems/128.md,8a1b4396c47ccea4cdd13a250f6422d2a43ae9ea4f118f09f195c3924dcd12ff
asrt.807c377d5daddd0ec5d97282,purananuru,128,SOURCE_CONTEXT_NOTE,SOURCE_EXPLICIT,HAS_PRINTED_TITLE,முழவு அடித்த மந்தி!,title_as_printed,yaml:title_as_printed,,,,,high,machine_checked,corpus/purananuru/poems/128.md,8a1b4396c47ccea4cdd13a250f6422d2a43ae9ea4f118f09f195c3924dcd12ff
asrt.2cd176e4d1246217b25e4964,purananuru,128,TEXTUAL_CONDITION,SOURCE_EXPLICIT,HAS_TEXTUAL_STATUS,complete,textual_status,yaml:textual_status,,,,,high,machine_checked,corpus/purananuru/poems/128.md,8a1b4396c47ccea4cdd13a250f6422d2a43ae9ea4f118f09f195c3924dcd12ff
asrt.3a358e6a72f82459adc69f41,purananuru,128,KINSHIP_MENTION,SOURCE_EXPLICIT,MENTIONS_CANDIDATE,மகள்,canonical_body,markdown:canonical-body,6,6,4,8,medium,human_review_required,corpus/purananuru/poems/128.md,8a1b4396c47ccea4cdd13a250f6422d2a43ae9ea4f118f09f195c3924dcd12ff
asrt.fec9a3fe46b85b7764bf458a,purananuru,129,POET_ATTRIBUTION,SOURCE_EXPLICIT,ATTRIBUTED_TO,உறையூர் ஏணிச்சேரி முடமோசியார்,poet_as_printed,yaml:poet_as_printed,,,,,high,machine_checked,corpus/purananuru/poems/129.md,e09bf3f224b99ab910057113167380ebefe291215df343bc2f0801ba5ffcbba6
asrt.415f2bcbfe3b4f895a70f3ef,purananuru,129,PATRON_OR_ADDRESSEE,SOURCE_EXPLICIT,ADDRESSED_TO,ஆய் அண்டிரன்,addressee_as_printed,yaml:addressee_as_printed,,,,,high,machine_checked,corpus/purananuru/poems/129.md,e09bf3f224b99ab910057113167380ebefe291215df343bc2f0801ba5ffcbba6
asrt.dce79eb86de368dcc10bf0b0,purananuru,129,TINI_VALUE,SOURCE_EXPLICIT,ASSOCIATED_WITH_TINAI,பாடாண்,thinai_as_printed,yaml:thinai_as_printed,,,,,high,machine_checked,corpus/purananuru/poems/129.md,e09bf3f224b99ab910057113167380ebefe291215df343bc2f0801ba5ffcbba6
asrt.ac102fce98f98c47d8c50db6,purananuru,129,TURAI_VALUE,SOURCE_EXPLICIT,ASSOCIATED_WITH_TURAI,இயன் மொழி,thurai,yaml:thurai,,,,,high,machine_checked,corpus/purananuru/poems/129.md,e09bf3f224b99ab910057113167380ebefe291215df343bc2f0801ba5ffcbba6
asrt.e5e9abbcb5f5afbfcf3b1e07,purananuru,129,SOURCE_CONTEXT_NOTE,SOURCE_EXPLICIT,HAS_PRINTED_SOURCE_NOTE,"பாடியவர் : உறையூர் ஏணிச்சேரி முடமோசியார்.
பாடப்பட்டோன்: ஆய் அண்டிரன்.
திணை: பாடாண். துறை: இயன் மொழி.
சிறப்பு : தேறலுண்டு குரவை ஆடுதல்; பரிசிலர்க்கு யானைகளை வழங்கல்.",source_note,markdown:source-note,,,,,high,machine_checked,corpus/purananuru/poems/129.md,e09bf3f224b99ab910057113167380ebefe291215df343bc2f0801ba5ffcbba6
asrt.d520999c36481f50ebe793a3,purananuru,129,SOURCE_CONTEXT_NOTE,SOURCE_EXPLICIT,HAS_PRINTED_TITLE,வேங்கை முன்றில்!,title_as_printed,yaml:title_as_printed,,,,,high,machine_checked,corpus/purananuru/poems/129.md,e09bf3f224b99ab910057113167380ebefe291215df343bc2f0801ba5ffcbba6
asrt.77c7486465a79d0c1c1ed060,purananuru,129,TEXTUAL_CONDITION,SOURCE_EXPLICIT,HAS_TEXTUAL_STATUS,complete,textual_status,yaml:textual_status,,,,,high,machine_checked,corpus/purananuru/poems/129.md,e09bf3f224b99ab910057113167380ebefe291215df343bc2f0801ba5ffcbba6
asrt.3fc2d06ecfcb6cd28b60c832,purananuru,129,FLORA_MENTION,SOURCE_EXPLICIT,MENTIONS_CANDIDATE,வேங்கை,canonical_body,markdown:canonical-body,3,3,0,6,medium,human_review_required,corpus/purananuru/poems/129.md,e09bf3f224b99ab910057113167380ebefe291215df343bc2f0801ba5ffcbba6
asrt.ff64bae3e3e8345c3fe21d9b,purananuru,130,POET_ATTRIBUTION,SOURCE_EXPLICIT,ATTRIBUTED_TO,உறையூர் ஏணிச்சேரி முடமோசியார்,poet_as_printed,yaml:poet_as_printed,,,,,high,machine_checked,corpus/purananuru/poems/130.md,e95c57854c4a53e4d6b3c1089ab28da3f67055c589ace051273fac4d3f3e33e0
asrt.d66e1770d0999139def171c0,purananuru,130,PATRON_OR_ADDRESSEE,SOURCE_EXPLICIT,ADDRESSED_TO,ஆய் அண்டிரன்,addressee_as_printed,yaml:addressee_as_printed,,,,,high,machine_checked,corpus/purananuru/poems/130.md,e95c57854c4a53e4d6b3c1089ab28da3f67055c589ace051273fac4d3f3e33e0
asrt.d31f719eedf1afd321c01221,purananuru,130,TINI_VALUE,SOURCE_EXPLICIT,ASSOCIATED_WITH_TINAI,பாடாண்,thinai_as_printed,yaml:thinai_as_printed,,,,,high,machine_checked,corpus/purananuru/poems/130.md,e95c57854c4a53e4d6b3c1089ab28da3f67055c589ace051273fac4d3f3e33e0
asrt.8fa9e1e3fc9d108e8a649064,purananuru,130,TURAI_VALUE,SOURCE_EXPLICIT,ASSOCIATED_WITH_TURAI,இயன் மொழி,thurai,yaml:thurai,,,,,high,machine_checked,corpus/purananuru/poems/130.md,e95c57854c4a53e4d6b3c1089ab28da3f67055c589ace051273fac4d3f3e33e0
asrt.69f06f8bc8ad3ff4e7c27377,purananuru,130,SOURCE_CONTEXT_NOTE,SOURCE_EXPLICIT,HAS_PRINTED_TITLE,சூல் பத்து ஈனுமோ?,title_as_printed,yaml:title_as_printed,,,,,high,machine_checked,corpus/purananuru/poems/130.md,e95c57854c4a53e4d6b3c1089ab28da3f67055c589ace051273fac4d3f3e33e0
asrt.1d39521e4e6d2fa9e8360142,purananuru,130,SOURCE_CONTEXT_NOTE,SOURCE_EXPLICIT,HAS_PRINTED_SOURCE_NOTE,"பாடியவர் : உறையூர் ஏணிச்சேரி முடமோசியார்.
பாடப்பட்டோன்: ஆய் அண்டிரன்.
திணை: பாடாண். துறை: இயன் மொழி.",source_note,markdown:source-note,,,,,high,machine_checked,corpus/purananuru/poems/130.md,e95c57854c4a53e4d6b3c1089ab28da3f67055c589ace051273fac4d3f3e33e0
asrt.0d7beb68f4474a56f15b03d0,purananuru,130,TEXTUAL_CONDITION,SOURCE_EXPLICIT,HAS_TEXTUAL_STATUS,complete,textual_status,yaml:textual_status,,,,,high,machine_checked,corpus/purananuru/poems/130.md,e95c57854c4a53e4d6b3c1089ab28da3f67055c589ace051273fac4d3f3e33e0
asrt.fe89e5392563e766a89d6945,purananuru,130,FAUNA_MENTION,SOURCE_EXPLICIT,MENTIONS_CANDIDATE,யானை,canonical_body,markdown:canonical-body,5,5,7,11,medium,human_review_required,corpus/purananuru/poems/130.md,e95c57854c4a53e4d6b3c1089ab28da3f67055c589ace051273fac4d3f3e33e0
asrt.8a570d5f77b9603bf0d18713,purananuru,131,POET_ATTRIBUTION,SOURCE_EXPLICIT,ATTRIBUTED_TO,உறையூர் ஏணிச்சேரி முடமோசியார்,poet_as_printed,yaml:poet_as_printed,,,,,high,machine_checked,corpus/purananuru/poems/131.md,82dfa1fde90cffbbbf9ec8609bdcd49139cb33f3b7148791d7e8e22c5e379e91
asrt.cc02ead44f539a272a50902a,purananuru,131,PATRON_OR_ADDRESSEE,SOURCE_EXPLICIT,ADDRESSED_TO,ஆய் அண்டிரன்,addressee_as_printed,yaml:addressee_as_printed,,,,,high,machine_checked,corpus/purananuru/poems/131.md,82dfa1fde90cffbbbf9ec8609bdcd49139cb33f3b7148791d7e8e22c5e379e91
asrt.b6d0c7d9d3f9719db2335032,purananuru,131,TINI_VALUE,SOURCE_EXPLICIT,ASSOCIATED_WITH_TINAI,பாடாண்,thinai_as_printed,yaml:thinai_as_printed,,,,,high,machine_checked,corpus/purananuru/poems/131.md,82dfa1fde90cffbbbf9ec8609bdcd49139cb33f3b7148791d7e8e22c5e379e91
asrt.0a3f1783ad4c49a53f9527ba,purananuru,131,TURAI_VALUE,SOURCE_EXPLICIT,ASSOCIATED_WITH_TURAI,இயன் மொழி,thurai,yaml:thurai,,,,,high,machine_checked,corpus/purananuru/poems/131.md,82dfa1fde90cffbbbf9ec8609bdcd49139cb33f3b7148791d7e8e22c5e379e91
asrt.457e41924aa6ad501fa9c3d1,purananuru,131,SOURCE_CONTEXT_NOTE,SOURCE_EXPLICIT,HAS_PRINTED_TITLE,காடும் பாடினதோ?,title_as_printed,yaml:title_as_printed,,,,,high,machine_checked,corpus/purananuru/poems/131.md,82dfa1fde90cffbbbf9ec8609bdcd49139cb33f3b7148791d7e8e22c5e379e91
asrt.11bd4d429017aaecbca8c09e,purananuru,131,SOURCE_CONTEXT_NOTE,SOURCE_EXPLICIT,HAS_PRINTED_SOURCE_NOTE,"பாடியவர் : உறையூர் ஏணிச்சேரி முடமோசியார்.
பாடப்பட்டோன்: ஆய் அண்டிரன்.
திணை: பாடாண். துறை: இயன் மொழி .",source_note,markdown:source-note,,,,,high,machine_checked,corpus/purananuru/poems/131.md,82dfa1fde90cffbbbf9ec8609bdcd49139cb33f3b7148791d7e8e22c5e379e91
asrt.cdd05890d2ad06aa6b02d9f6,purananuru,131,TEXTUAL_CONDITION,SOURCE_EXPLICIT,HAS_TEXTUAL_STATUS,complete,textual_status,yaml:textual_status,,,,,high,machine_checked,corpus/purananuru/poems/131.md,82dfa1fde90cffbbbf9ec8609bdcd49139cb33f3b7148791d7e8e22c5e379e91
asrt.5c3ed3340bfd7ad0bafcb647,purananuru,131,FAUNA_MENTION,SOURCE_EXPLICIT,MENTIONS_CANDIDATE,களிறு,canonical_body,markdown:canonical-body,4,4,0,5,medium,human_review_required,corpus/purananuru/poems/131.md,82dfa1fde90cffbbbf9ec8609bdcd49139cb33f3b7148791d7e8e22c5e379e91
asrt.3a9f1c21cd376b97d463f510,purananuru,132,POET_ATTRIBUTION,SOURCE_EXPLICIT,ATTRIBUTED_TO,உறையூர் ஏணிச்சேரி முடமோசியார்,poet_as_printed,yaml:poet_as_printed,,,,,high,machine_checked,corpus/purananuru/poems/132.md,9153b5bb84290df7fa59a15e94700a020e0bb83783b599ae18b1d01515fc432f
asrt.c23fd33fd5fec5e81587a2e1,purananuru,132,PATRON_OR_ADDRESSEE,SOURCE_EXPLICIT,ADDRESSED_TO,ஆய் அண்டிரன்,addressee_as_printed,yaml:addressee_as_printed,,,,,high,machine_checked,corpus/purananuru/poems/132.md,9153b5bb84290df7fa59a15e94700a020e0bb83783b599ae18b1d01515fc432f
asrt.445406ae3b1fa26b4d178d1d,purananuru,132,TINI_VALUE,SOURCE_EXPLICIT,ASSOCIATED_WITH_TINAI,பாடாண்,thinai_as_printed,yaml:thinai_as_printed,,,,,high,machine_checked,corpus/purananuru/poems/132.md,9153b5bb84290df7fa59a15e94700a020e0bb83783b599ae18b1d01515fc432f
asrt.4a3df29f78768c9fd227c77a,purananuru,132,TURAI_VALUE,SOURCE_EXPLICIT,ASSOCIATED_WITH_TURAI,இயன் மொழி,thurai,yaml:thurai,,,,,high,machine_checked,corpus/purananuru/poems/132.md,9153b5bb84290df7fa59a15e94700a020e0bb83783b599ae18b1d01515fc432f
asrt.74b543d805ea938449718ad3,purananuru,132,SOURCE_CONTEXT_NOTE,SOURCE_EXPLICIT,HAS_PRINTED_SOURCE_NOTE,"பாடியவர் : உறையூர் ஏணிச்சேரி முடமோசியார்.
பாடப்பட்டோன்: ஆய் அண்டிரன்.
திணை: பாடாண். துறை: இயன் மொழி.",source_note,markdown:source-note,,,,,high,machine_checked,corpus/purananuru/poems/132.md,9153b5bb84290df7fa59a15e94700a020e0bb83783b599ae18b1d01515fc432f
asrt.05b48c1915287f622a3dc621,purananuru,132,SOURCE_CONTEXT_NOTE,SOURCE_EXPLICIT,HAS_PRINTED_TITLE,போழ்க என் நாவே!,title_as_printed,yaml:title_as_printed,,,,,high,machine_checked,corpus/purananuru/poems/132.md,9153b5bb84290df7fa59a15e94700a020e0bb83783b599ae18b1d01515fc432f
asrt.358ea61bf5e9d27fdc853872,purananuru,132,TEXTUAL_CONDITION,SOURCE_EXPLICIT,HAS_TEXTUAL_STATUS,complete,textual_status,yaml:textual_status,,,,,high,machine_checked,corpus/purananuru/poems/132.md,9153b5bb84290df7fa59a15e94700a020e0bb83783b599ae18b1d01515fc432f
asrt.e59d04603300944f0057f183,purananuru,133,POET_ATTRIBUTION,SOURCE_EXPLICIT,ATTRIBUTED_TO,உறையூர் ஏணிச்சேரி முடமோசியார்,poet_as_printed,yaml:poet_as_printed,,,,,high,machine_checked,corpus/purananuru/poems/133.md,677b6eafecc1fd886f9e30d325596a9e52a730b6bef0105716cba4c395f7f035
asrt.17f81a4e315ebe92c6f041ab,purananuru,133,PATRON_OR_ADDRESSEE,SOURCE_EXPLICIT,ADDRESSED_TO,ஆய் அண்டிரன்,addressee_as_printed,yaml:addressee_as_printed,,,,,high,machine_checked,corpus/purananuru/poems/133.md,677b6eafecc1fd886f9e30d325596a9e52a730b6bef0105716cba4c395f7f035
asrt.8840a29aaaef7591e17dd37a,purananuru,133,TINI_VALUE,SOURCE_EXPLICIT,ASSOCIATED_WITH_TINAI,பாடாண்,thinai_as_printed,yaml:thinai_as_printed,,,,,high,machine_checked,corpus/purananuru/poems/133.md,677b6eafecc1fd886f9e30d325596a9e52a730b6bef0105716cba4c395f7f035
asrt.8f81fc529d274457606e42b6,purananuru,133,TURAI_VALUE,SOURCE_EXPLICIT,ASSOCIATED_WITH_TURAI,விறலியாற்றுப்படை,thurai,yaml:thurai,,,,,high,machine_checked,corpus/purananuru/poems/133.md,677b6eafecc1fd886f9e30d325596a9e52a730b6bef0105716cba4c395f7f035
asrt.11da89a5c5881a71bae3226b,purananuru,133,SOURCE_CONTEXT_NOTE,SOURCE_EXPLICIT,HAS_PRINTED_TITLE,காணச் செல்க நீ!,title_as_printed,yaml:title_as_printed,,,,,high,machine_checked,corpus/purananuru/poems/133.md,677b6eafecc1fd886f9e30d325596a9e52a730b6bef0105716cba4c395f7f035
asrt.56f81d186028bae34d9cebc6,purananuru,133,SOURCE_CONTEXT_NOTE,SOURCE_EXPLICIT,HAS_PRINTED_SOURCE_NOTE,"பாடியவர் : உறையூர் ஏணிச்சேரி முடமோசியார்.
பாடப்பட்டோன்: ஆய் அண்டிரன்.
திணை: பாடாண். துறை: விறலியாற்றுப்படை.",source_note,markdown:source-note,,,,,high,machine_checked,corpus/purananuru/poems/133.md,677b6eafecc1fd886f9e30d325596a9e52a730b6bef0105716cba4c395f7f035
asrt.321fd74b572c70f6d4540fac,purananuru,133,TEXTUAL_CONDITION,SOURCE_EXPLICIT,HAS_TEXTUAL_STATUS,complete,textual_status,yaml:textual_status,,,,,high,machine_checked,corpus/purananuru/poems/133.md,677b6eafecc1fd886f9e30d325596a9e52a730b6bef0105716cba4c395f7f035
asrt.a32325df8be97013e9478961,purananuru,134,POET_ATTRIBUTION,SOURCE_EXPLICIT,ATTRIBUTED_TO,உறையூர் ஏணிச்சேரி முடமோசியார்,poet_as_printed,yaml:poet_as_printed,,,,,high,machine_checked,corpus/purananuru/poems/134.md,d656aa6b52800a8b5029da6621c49c4f98a67b62f949d9184d10f00577110d1d
asrt.1f712f0e73c0055f77ac2e6b,purananuru,134,PATRON_OR_ADDRESSEE,SOURCE_EXPLICIT,ADDRESSED_TO,ஆய் அண்டிரன்,addressee_as_printed,yaml:addressee_as_printed,,,,,high,machine_checked,corpus/purananuru/poems/134.md,d656aa6b52800a8b5029da6621c49c4f98a67b62f949d9184d10f00577110d1d
asrt.43dd9ce48d8abe07623be4f1,purananuru,134,TINI_VALUE,SOURCE_EXPLICIT,ASSOCIATED_WITH_TINAI,பாடாண் துறை: இயன் மொழி,thinai_as_printed,yaml:thinai_as_printed,,,,,high,machine_checked,corpus/purananuru/poems/134.md,d656aa6b52800a8b5029da6621c49c4f98a67b62f949d9184d10f00577110d1d
asrt.1bd98f279d3851cf45f394e5,purananuru,134,TURAI_VALUE,SOURCE_EXPLICIT,ASSOCIATED_WITH_TURAI,இயன் மொழி,thurai,yaml:thurai,,,,,high,machine_checked,corpus/purananuru/poems/134.md,d656aa6b52800a8b5029da6621c49c4f98a67b62f949d9184d10f00577110d1d
asrt.efae5ac823b3e0ee38bb76b9,purananuru,134,SOURCE_CONTEXT_NOTE,SOURCE_EXPLICIT,HAS_PRINTED_TITLE,இம்மையும் மறுமையும்!,title_as_printed,yaml:title_as_printed,,,,,high,machine_checked,corpus/purananuru/poems/134.md,d656aa6b52800a8b5029da6621c49c4f98a67b62f949d9184d10f00577110d1d
asrt.b7670d6a508bb4a1b10098e7,purananuru,134,SOURCE_CONTEXT_NOTE,SOURCE_EXPLICIT,HAS_PRINTED_SOURCE_NOTE,"பாடியவர் : உறையூர் ஏணிச்சேரி முடமோசியார்
பாடப்பட்டோன்: ஆய் அண்டிரன்
திணை: பாடாண் துறை: இயன் மொழி",source_note,markdown:source-note,,,,,high,machine_checked,corpus/purananuru/poems/134.md,d656aa6b52800a8b5029da6621c49c4f98a67b62f949d9184d10f00577110d1d
asrt.ab0c995955c7806508efb606,purananuru,134,TEXTUAL_CONDITION,SOURCE_EXPLICIT,HAS_TEXTUAL_STATUS,complete,textual_status,yaml:textual_status,,,,,high,machine_checked,corpus/purananuru/poems/134.md,d656aa6b52800a8b5029da6621c49c4f98a67b62f949d9184d10f00577110d1d
asrt.bc85e8227d8025f3a168572a,purananuru,135,POET_ATTRIBUTION,SOURCE_EXPLICIT,ATTRIBUTED_TO,உறையூர் ஏணிச்சேரி முடமோசியார்,poet_as_printed,yaml:poet_as_printed,,,,,high,machine_checked,corpus/purananuru/poems/135.md,02302fa703725b26a72af0ec6817cef95d08f6ef7343dba3e10e112539c04b0d
asrt.a5d05e9a421f2d026ebab9e7,purananuru,135,PATRON_OR_ADDRESSEE,SOURCE_EXPLICIT,ADDRESSED_TO,ஆய் அண்டிரன்,addressee_as_printed,yaml:addressee_as_printed,,,,,high,machine_checked,corpus/purananuru/poems/135.md,02302fa703725b26a72af0ec6817cef95d08f6ef7343dba3e10e112539c04b0d
asrt.1c2651879db1ebec5e432765,purananuru,135,TINI_VALUE,SOURCE_EXPLICIT,ASSOCIATED_WITH_TINAI,பாடாண்,thinai_as_printed,yaml:thinai_as_printed,,,,,high,machine_checked,corpus/purananuru/poems/135.md,02302fa703725b26a72af0ec6817cef95d08f6ef7343dba3e10e112539c04b0d
asrt.f2ed7c9ed2520387c00c17cd,purananuru,135,TURAI_VALUE,SOURCE_EXPLICIT,ASSOCIATED_WITH_TURAI,பரிசில்,thurai,yaml:thurai,,,,,high,machine_checked,corpus/purananuru/poems/135.md,02302fa703725b26a72af0ec6817cef95d08f6ef7343dba3e10e112539c04b0d
asrt.dfa922e97a021b8b3c0b0170,purananuru,135,SOURCE_CONTEXT_NOTE,SOURCE_EXPLICIT,HAS_PRINTED_TITLE,காணவே வந்தேன்!,title_as_printed,yaml:title_as_printed,,,,,high,machine_checked,corpus/purananuru/poems/135.md,02302fa703725b26a72af0ec6817cef95d08f6ef7343dba3e10e112539c04b0d
asrt.2e4d8e6af625537f57e2a517,purananuru,135,SOURCE_CONTEXT_NOTE,SOURCE_EXPLICIT,HAS_PRINTED_SOURCE_NOTE,"பாடியவர் : உறையூர் ஏணிச்சேரி முடமோசியார்.
பாடப்பட்டோன்: ஆய் அண்டிரன்.
திணை: பாடாண். துறை: பரிசில்.",source_note,markdown:source-note,,,,,high,machine_checked,corpus/purananuru/poems/135.md,02302fa703725b26a72af0ec6817cef95d08f6ef7343dba3e10e112539c04b0d
asrt.aacfa1d6903591e9441c503d,purananuru,135,TEXTUAL_CONDITION,SOURCE_EXPLICIT,HAS_TEXTUAL_STATUS,complete,textual_status,yaml:textual_status,,,,,high,machine_checked,corpus/purananuru/poems/135.md,02302fa703725b26a72af0ec6817cef95d08f6ef7343dba3e10e112539c04b0d
asrt.fc12411b707b2b837996be81,purananuru,135,COMMUNITY_MENTION,SOURCE_EXPLICIT,MENTIONS_CANDIDATE,பாணர்,canonical_body,markdown:canonical-body,16,16,0,5,medium,human_review_required,corpus/purananuru/poems/135.md,02302fa703725b26a72af0ec6817cef95d08f6ef7343dba3e10e112539c04b0d
asrt.9cf4e9000beedeef880203b3,purananuru,135,FAUNA_MENTION,SOURCE_EXPLICIT,MENTIONS_CANDIDATE,யானை,canonical_body,markdown:canonical-body,12,12,7,11,medium,human_review_required,corpus/purananuru/poems/135.md,02302fa703725b26a72af0ec6817cef95d08f6ef7343dba3e10e112539c04b0d
asrt.31120ed17829fb16219d91ea,purananuru,136,POET_ATTRIBUTION,SOURCE_EXPLICIT,ATTRIBUTED_TO,துறையூர் ஓடை கிழார்,poet_as_printed,yaml:poet_as_printed,,,,,high,machine_checked,corpus/purananuru/poems/136.md,21593e1b0536d08bb9b5ab42e23988e88f6982af2c7b32e30bac2b4f8e3a992e
asrt.8910e7c36578dc5f1674d685,purananuru,136,PATRON_OR_ADDRESSEE,SOURCE_EXPLICIT,ADDRESSED_TO,ஆய் அண்டிரன்,addressee_as_printed,yaml:addressee_as_printed,,,,,high,machine_checked,corpus/purananuru/poems/136.md,21593e1b0536d08bb9b5ab42e23988e88f6982af2c7b32e30bac2b4f8e3a992e
asrt.4b7139246115bfdc3eed2ec9,purananuru,136,TINI_VALUE,SOURCE_EXPLICIT,ASSOCIATED_WITH_TINAI,பாடாண்,thinai_as_printed,yaml:thinai_as_printed,,,,,high,machine_checked,corpus/purananuru/poems/136.md,21593e1b0536d08bb9b5ab42e23988e88f6982af2c7b32e30bac2b4f8e3a992e
asrt.56cd46eaccebec47c0df66ee,purananuru,136,TURAI_VALUE,SOURCE_EXPLICIT,ASSOCIATED_WITH_TURAI,பரிசில் கடாநிலை சிறப்பு: வாழ்வை ஊடறுக்கும் பகைகள் பலவற்றைப் பற்றிய செய்தி,thurai,yaml:thurai,,,,,high,machine_checked,corpus/purananuru/poems/136.md,21593e1b0536d08bb9b5ab42e23988e88f6982af2c7b32e30bac2b4f8e3a992e
asrt.d712bde68390b30bc38ada3d,purananuru,136,SOURCE_CONTEXT_NOTE,SOURCE_EXPLICIT,HAS_PRINTED_SOURCE_NOTE,"பாடியவர் : துறையூர் ஓடை கிழார்
பாடப்பட்டோன்: ஆய் அண்டிரன்
திணை: பாடாண்
துறை: பரிசில் கடாநிலை சிறப்பு: வாழ்வை ஊடறுக்கும் பகைகள் பலவற்றைப் பற்றிய செய்தி.",source_note,markdown:source-note,,,,,high,machine_checked,corpus/purananuru/poems/136.md,21593e1b0536d08bb9b5ab42e23988e88f6982af2c7b32e30bac2b4f8e3a992e
asrt.92c36357f3a0955084405616,purananuru,136,SOURCE_CONTEXT_NOTE,SOURCE_EXPLICIT,HAS_PRINTED_TITLE,வாழ்த்தி உண்போம்!,title_as_printed,yaml:title_as_printed,,,,,high,machine_checked,corpus/purananuru/poems/136.md,21593e1b0536d08bb9b5ab42e23988e88f6982af2c7b32e30bac2b4f8e3a992e
asrt.2a6848949c92a1edfdc57c33,purananuru,136,TEXTUAL_CONDITION,SOURCE_EXPLICIT,HAS_TEXTUAL_STATUS,complete,textual_status,yaml:textual_status,,,,,high,machine_checked,corpus/purananuru/poems/136.md,21593e1b0536d08bb9b5ab42e23988e88f6982af2c7b32e30bac2b4f8e3a992e
asrt.3405b91f06aee2387b30c684,purananuru,136,RULER_MENTION,SOURCE_EXPLICIT,MENTIONS_CANDIDATE,ஆய்,canonical_body,markdown:canonical-body,15,15,32,35,medium,human_review_required,corpus/purananuru/poems/136.md,21593e1b0536d08bb9b5ab42e23988e88f6982af2c7b32e30bac2b4f8e3a992e
asrt.ab61a2cdf85320298ac8a0ad,purananuru,136,FLORA_MENTION,SOURCE_EXPLICIT,MENTIONS_CANDIDATE,மரம்,canonical_body,markdown:canonical-body,12,12,0,4,medium,human_review_required,corpus/purananuru/poems/136.md,21593e1b0536d08bb9b5ab42e23988e88f6982af2c7b32e30bac2b4f8e3a992e
asrt.6f1ca7676ed4090a235eef43,purananuru,136,GIFT_MENTION,SOURCE_EXPLICIT,MENTIONS_CANDIDATE,பரிசில்,canonical_body,markdown:canonical-body,24,24,17,24,medium,human_review_required,corpus/purananuru/poems/136.md,21593e1b0536d08bb9b5ab42e23988e88f6982af2c7b32e30bac2b4f8e3a992e
asrt.3c6b31c3f94f7af297accdbd,purananuru,137,POET_ATTRIBUTION,SOURCE_EXPLICIT,ATTRIBUTED_TO,ஒருசிறைப் பெரியனார்,poet_as_printed,yaml:poet_as_printed,,,,,high,machine_checked,corpus/purananuru/poems/137.md,71e73356646b402412c6823a98a9862b74d41031ad65f35b99ef8245173588b1
asrt.095ec57ad8174d5c6f492b8b,purananuru,137,PATRON_OR_ADDRESSEE,SOURCE_EXPLICIT,ADDRESSED_TO,நாஞ்சில் வள்ளுவன்,addressee_as_printed,yaml:addressee_as_printed,,,,,high,machine_checked,corpus/purananuru/poems/137.md,71e73356646b402412c6823a98a9862b74d41031ad65f35b99ef8245173588b1
asrt.86c78175f7fd75c4583cecbd,purananuru,137,TINI_VALUE,SOURCE_EXPLICIT,ASSOCIATED_WITH_TINAI,பாடாண்,thinai_as_printed,yaml:thinai_as_printed,,,,,high,machine_checked,corpus/purananuru/poems/137.md,71e73356646b402412c6823a98a9862b74d41031ad65f35b99ef8245173588b1
asrt.0a1e2efd52a3cfebac82ac68,purananuru,137,TURAI_VALUE,SOURCE_EXPLICIT,ASSOCIATED_WITH_TURAI,இயன் மொழி,thurai,yaml:thurai,,,,,high,machine_checked,corpus/purananuru/poems/137.md,71e73356646b402412c6823a98a9862b74d41031ad65f35b99ef8245173588b1
asrt.4034ef813824bd11bc3e938e,purananuru,137,SOURCE_CONTEXT_NOTE,SOURCE_EXPLICIT,HAS_PRINTED_TITLE,நின்பெற்றோரும் வாழ்க!,title_as_printed,yaml:title_as_printed,,,,,high,machine_checked,corpus/purananuru/poems/137.md,71e73356646b402412c6823a98a9862b74d41031ad65f35b99ef8245173588b1
asrt.13a29aaf28fc3ef159a2f7f4,purananuru,137,SOURCE_CONTEXT_NOTE,SOURCE_EXPLICIT,HAS_PRINTED_SOURCE_NOTE,"பாடியவர் : ஒருசிறைப் பெரியனார்.
பாடப்பட்டோன்: நாஞ்சில் வள்ளுவன்.
திணை: பாடாண். துறை: இயன் மொழி; பரிசில் துறையும் ஆம்.",source_note,markdown:source-note,,,,,high,machine_checked,corpus/purananuru/poems/137.md,71e73356646b402412c6823a98a9862b74d41031ad65f35b99ef8245173588b1
asrt.5d83fcb300a0941fa4c47c10,purananuru,137,TEXTUAL_CONDITION,SOURCE_EXPLICIT,HAS_TEXTUAL_STATUS,complete,textual_status,yaml:textual_status,,,,,high,machine_checked,corpus/purananuru/poems/137.md,71e73356646b402412c6823a98a9862b74d41031ad65f35b99ef8245173588b1
asrt.cedf195996bd6ab0b15c66a0,purananuru,137,KINSHIP_MENTION,SOURCE_EXPLICIT,MENTIONS_CANDIDATE,தந்தை,canonical_body,markdown:canonical-body,14,14,16,21,medium,human_review_required,corpus/purananuru/poems/137.md,71e73356646b402412c6823a98a9862b74d41031ad65f35b99ef8245173588b1
asrt.98ae420ac4a4c9829e48736f,purananuru,137,FLORA_MENTION,SOURCE_EXPLICIT,MENTIONS_CANDIDATE,வேங்கை,canonical_body,markdown:canonical-body,9,9,10,16,medium,human_review_required,corpus/purananuru/poems/137.md,71e73356646b402412c6823a98a9862b74d41031ad65f35b99ef8245173588b1
asrt.cc2c3e226be25bb0475ccd5b,purananuru,137,FAUNA_MENTION,SOURCE_EXPLICIT,MENTIONS_CANDIDATE,யானை,canonical_body,markdown:canonical-body,1,1,26,30,medium,human_review_required,corpus/purananuru/poems/137.md,71e73356646b402412c6823a98a9862b74d41031ad65f35b99ef8245173588b1
asrt.48d6736e437dd88da7daddfb,purananuru,137,COMMODITY_MENTION,SOURCE_EXPLICIT,MENTIONS_CANDIDATE,பொன்,canonical_body,markdown:canonical-body,10,10,0,4,medium,human_review_required,corpus/purananuru/poems/137.md,71e73356646b402412c6823a98a9862b74d41031ad65f35b99ef8245173588b1
asrt.0ae645a136abfebb90b69bea,purananuru,138,POET_ATTRIBUTION,SOURCE_EXPLICIT,ATTRIBUTED_TO,மருதன் இளநாகனார்,poet_as_printed,yaml:poet_as_printed,,,,,high,machine_checked,corpus/purananuru/poems/138.md,942e25d552e7b30920cf4c561e2deb58f0e8104edb1c92f4206f35fca5509e97
asrt.4023189edb6c51cbaffaee69,purananuru,138,PATRON_OR_ADDRESSEE,SOURCE_EXPLICIT,ADDRESSED_TO,ஆய் அண்டிரன்,addressee_as_printed,yaml:addressee_as_printed,,,,,high,machine_checked,corpus/purananuru/poems/138.md,942e25d552e7b30920cf4c561e2deb58f0e8104edb1c92f4206f35fca5509e97
asrt.51221faf63a501146cf04f9a,purananuru,138,TINI_VALUE,SOURCE_EXPLICIT,ASSOCIATED_WITH_TINAI,பாடாண்,thinai_as_printed,yaml:thinai_as_printed,,,,,high,machine_checked,corpus/purananuru/poems/138.md,942e25d552e7b30920cf4c561e2deb58f0e8104edb1c92f4206f35fca5509e97
asrt.8e416c761ffda44b875a22a0,purananuru,138,TURAI_VALUE,SOURCE_EXPLICIT,ASSOCIATED_WITH_TURAI,பாணாற்றுப் படை,thurai,yaml:thurai,,,,,high,machine_checked,corpus/purananuru/poems/138.md,942e25d552e7b30920cf4c561e2deb58f0e8104edb1c92f4206f35fca5509e97
asrt.8966a1b9ebb22a6790636bee,purananuru,138,SOURCE_CONTEXT_NOTE,SOURCE_EXPLICIT,HAS_PRINTED_TITLE,நின்னை அறிந்தவர் யாரோ?,title_as_printed,yaml:title_as_printed,,,,,high,machine_checked,corpus/purananuru/poems/138.md,942e25d552e7b30920cf4c561e2deb58f0e8104edb1c92f4206f35fca5509e97
asrt.0dfeba550691db2816ec69a9,purananuru,138,SOURCE_CONTEXT_NOTE,SOURCE_EXPLICIT,HAS_PRINTED_SOURCE_NOTE,"பாடியவர் : மருதன் இளநாகனார்.
பாடப்பட்டோன்: ஆய் அண்டிரன்.
திணை: பாடாண். துறை: பாணாற்றுப் படை.",source_note,markdown:source-note,,,,,high,machine_checked,corpus/purananuru/poems/138.md,942e25d552e7b30920cf4c561e2deb58f0e8104edb1c92f4206f35fca5509e97
asrt.d381e3443fcb89e8a25535d1,purananuru,138,TEXTUAL_CONDITION,SOURCE_EXPLICIT,HAS_TEXTUAL_STATUS,complete,textual_status,yaml:textual_status,,,,,high,machine_checked,corpus/purananuru/poems/138.md,942e25d552e7b30920cf4c561e2deb58f0e8104edb1c92f4206f35fca5509e97
asrt.7c8b57df0dd6827ac61c93c9,purananuru,139,POET_ATTRIBUTION,SOURCE_EXPLICIT,ATTRIBUTED_TO,மருதன் இளநாகனார்,poet_as_printed,yaml:poet_as_printed,,,,,high,machine_checked,corpus/purananuru/poems/139.md,89a7988e9da7b47a395bb2cbb1a20731c1bfcf3adaace1b6ef4e4b352e17077b
asrt.87799ea4c01f09362ed352c0,purananuru,139,PATRON_OR_ADDRESSEE,SOURCE_EXPLICIT,ADDRESSED_TO,ஆய் அண்டிரன்,addressee_as_printed,yaml:addressee_as_printed,,,,,high,machine_checked,corpus/purananuru/poems/139.md,89a7988e9da7b47a395bb2cbb1a20731c1bfcf3adaace1b6ef4e4b352e17077b
asrt.5376de7b6e3cb5b4d34064be,purananuru,139,TINI_VALUE,SOURCE_EXPLICIT,ASSOCIATED_WITH_TINAI,பாடாண்,thinai_as_printed,yaml:thinai_as_printed,,,,,high,machine_checked,corpus/purananuru/poems/139.md,89a7988e9da7b47a395bb2cbb1a20731c1bfcf3adaace1b6ef4e4b352e17077b
asrt.ebc52952bc7822f54389c4d9,purananuru,139,TURAI_VALUE,SOURCE_EXPLICIT,ASSOCIATED_WITH_TURAI,பரிசில் கடா நிலை,thurai,yaml:thurai,,,,,high,machine_checked,corpus/purananuru/poems/139.md,89a7988e9da7b47a395bb2cbb1a20731c1bfcf3adaace1b6ef4e4b352e17077b
asrt.f264704155e99d27af3bec00,purananuru,139,SOURCE_CONTEXT_NOTE,SOURCE_EXPLICIT,HAS_PRINTED_TITLE,சாதல் அஞ்சாய் நீயே!,title_as_printed,yaml:title_as_printed,,,,,high,machine_checked,corpus/purananuru/poems/139.md,89a7988e9da7b47a395bb2cbb1a20731c1bfcf3adaace1b6ef4e4b352e17077b
asrt.48bd5e8dfa0385377115dcca,purananuru,139,SOURCE_CONTEXT_NOTE,SOURCE_EXPLICIT,HAS_PRINTED_SOURCE_NOTE,"பாடியவர் : மருதன் இளநாகனார்.
பாடப்பட்டோன்: ஆய் அண்டிரன்.
திணை: பாடாண். துறை: பரிசில் கடா நிலை.
சிறப்பு: 'வாழ்தல் வேண்டிப் பொய் கூறேன்; மெய் கூறுவல்' என்னும் புலவரது உள்ளச் செவ்வி.",source_note,markdown:source-note,,,,,high,machine_checked,corpus/purananuru/poems/139.md,89a7988e9da7b47a395bb2cbb1a20731c1bfcf3adaace1b6ef4e4b352e17077b
asrt.e9d9f1b96eb6448ddfaeb607,purananuru,139,TEXTUAL_CONDITION,SOURCE_EXPLICIT,HAS_TEXTUAL_STATUS,complete,textual_status,yaml:textual_status,,,,,high,machine_checked,corpus/purananuru/poems/139.md,89a7988e9da7b47a395bb2cbb1a20731c1bfcf3adaace1b6ef4e4b352e17077b
asrt.e0c2b7531fae35a15d2c5acb,purananuru,139,GIFT_MENTION,SOURCE_EXPLICIT,MENTIONS_CANDIDATE,பரிசில்,canonical_body,markdown:canonical-body,9,9,14,21,medium,human_review_required,corpus/purananuru/poems/139.md,89a7988e9da7b47a395bb2cbb1a20731c1bfcf3adaace1b6ef4e4b352e17077b
asrt.64a01a17c0544ce33977ecd6,purananuru,140,POET_ATTRIBUTION,SOURCE_EXPLICIT,ATTRIBUTED_TO,ஔவையார்,poet_as_printed,yaml:poet_as_printed,,,,,high,machine_checked,corpus/purananuru/poems/140.md,63af36b89ad5c88906a34d552234eaef151c1b48c5f899987951a9ad8fdc6f2e
asrt.abcdeccf99108e07ea56e956,purananuru,140,PATRON_OR_ADDRESSEE,SOURCE_EXPLICIT,ADDRESSED_TO,ஆய் அண்டிரன்,addressee_as_printed,yaml:addressee_as_printed,,,,,high,machine_checked,corpus/purananuru/poems/140.md,63af36b89ad5c88906a34d552234eaef151c1b48c5f899987951a9ad8fdc6f2e
asrt.5118dc795caeaec8ae4b5744,purananuru,140,TINI_VALUE,SOURCE_EXPLICIT,ASSOCIATED_WITH_TINAI,பாடாண்,thinai_as_printed,yaml:thinai_as_printed,,,,,high,machine_checked,corpus/purananuru/poems/140.md,63af36b89ad5c88906a34d552234eaef151c1b48c5f899987951a9ad8fdc6f2e
asrt.e8d2cfd1d1cf68c57afc6668,purananuru,140,TURAI_VALUE,SOURCE_EXPLICIT,ASSOCIATED_WITH_TURAI,பரிசில் விடை,thurai,yaml:thurai,,,,,high,machine_checked,corpus/purananuru/poems/140.md,63af36b89ad5c88906a34d552234eaef151c1b48c5f899987951a9ad8fdc6f2e
asrt.345e0167f1484396f9158b42,purananuru,140,SOURCE_CONTEXT_NOTE,SOURCE_EXPLICIT,HAS_PRINTED_TITLE,தேற்றா ஈகை!,title_as_printed,yaml:title_as_printed,,,,,high,machine_checked,corpus/purananuru/poems/140.md,63af36b89ad5c88906a34d552234eaef151c1b48c5f899987951a9ad8fdc6f2e
asrt.1f0eea8eab022e4e76f96281,purananuru,140,SOURCE_CONTEXT_NOTE,SOURCE_EXPLICIT,HAS_PRINTED_SOURCE_NOTE,"பாடியவர் : ஔவையார்.
பாடப்பட்டோன்: ஆய் அண்டிரன்.
திணை: பாடாண். துறை: பரிசில் விடை.",source_note,markdown:source-note,,,,,high,machine_checked,corpus/purananuru/poems/140.md,63af36b89ad5c88906a34d552234eaef151c1b48c5f899987951a9ad8fdc6f2e
asrt.efdd0d6fc87297ea89ce207d,purananuru,140,TEXTUAL_CONDITION,SOURCE_EXPLICIT,HAS_TEXTUAL_STATUS,complete,textual_status,yaml:textual_status,,,,,high,machine_checked,corpus/purananuru/poems/140.md,63af36b89ad5c88906a34d552234eaef151c1b48c5f899987951a9ad8fdc6f2e
asrt.5d45f01cf8bce147a8e66e80,purananuru,141,POET_ATTRIBUTION,SOURCE_EXPLICIT,ATTRIBUTED_TO,பரணர்,poet_as_printed,yaml:poet_as_printed,,,,,high,machine_checked,corpus/purananuru/poems/141.md,034a6b47dd5fbe9dc9de9a08a07781897916925c65b6024be0ace35d43a63be6
asrt.9e722d4d0032eddcd1b44ac3,purananuru,141,PATRON_OR_ADDRESSEE,SOURCE_EXPLICIT,ADDRESSED_TO,வையாவிக் கோப்பெரும் பேகன்,addressee_as_printed,yaml:addressee_as_printed,,,,,high,machine_checked,corpus/purananuru/poems/141.md,034a6b47dd5fbe9dc9de9a08a07781897916925c65b6024be0ace35d43a63be6
asrt.a008e2a8a71830796be48ffe,purananuru,141,TINI_VALUE,SOURCE_EXPLICIT,ASSOCIATED_WITH_TINAI,பாடாண்,thinai_as_printed,yaml:thinai_as_printed,,,,,high,machine_checked,corpus/purananuru/poems/141.md,034a6b47dd5fbe9dc9de9a08a07781897916925c65b6024be0ace35d43a63be6
asrt.ac493453eae4109072afe395,purananuru,141,TURAI_VALUE,SOURCE_EXPLICIT,ASSOCIATED_WITH_TURAI,பாணாற்று படை,thurai,yaml:thurai,,,,,high,machine_checked,corpus/purananuru/poems/141.md,034a6b47dd5fbe9dc9de9a08a07781897916925c65b6024be0ace35d43a63be6
asrt.ddca26bf611fc7e27d3e6878,purananuru,141,SOURCE_CONTEXT_NOTE,SOURCE_EXPLICIT,HAS_PRINTED_SOURCE_NOTE,"பாடியவர் : பரணர்.
பாடப்பட்டோன்: வையாவிக் கோப்பெரும் பேகன்.
திணை: பாடாண். துறை: பாணாற்று படை; புலவராற்றுப் படையும் ஆம்.",source_note,markdown:source-note,,,,,high,machine_checked,corpus/purananuru/poems/141.md,034a6b47dd5fbe9dc9de9a08a07781897916925c65b6024be0ace35d43a63be6
asrt.a9932a1fff743b5ce56b6623,purananuru,141,SOURCE_CONTEXT_NOTE,SOURCE_EXPLICIT,HAS_PRINTED_TITLE,மறுமை நோக்கின்று!,title_as_printed,yaml:title_as_printed,,,,,high,machine_checked,corpus/purananuru/poems/141.md,034a6b47dd5fbe9dc9de9a08a07781897916925c65b6024be0ace35d43a63be6
asrt.9ca669219537814947c8851e,purananuru,141,TEXTUAL_CONDITION,SOURCE_EXPLICIT,HAS_TEXTUAL_STATUS,complete,textual_status,yaml:textual_status,,,,,high,machine_checked,corpus/purananuru/poems/141.md,034a6b47dd5fbe9dc9de9a08a07781897916925c65b6024be0ace35d43a63be6
asrt.cdf6e5e11b92a33d4f829079,purananuru,142,POET_ATTRIBUTION,SOURCE_EXPLICIT,ATTRIBUTED_TO,பரணர்,poet_as_printed,yaml:poet_as_printed,,,,,high,machine_checked,corpus/purananuru/poems/142.md,ca6f22f5c7c77c38496f12ff19151a0ca86ce540bc18ffe861d0ca14c8775731
asrt.14d1dbcee8258379440a8eb7,purananuru,142,PATRON_OR_ADDRESSEE,SOURCE_EXPLICIT,ADDRESSED_TO,வையாவிக் கோப்பெரும் பேகன்,addressee_as_printed,yaml:addressee_as_printed,,,,,high,machine_checked,corpus/purananuru/poems/142.md,ca6f22f5c7c77c38496f12ff19151a0ca86ce540bc18ffe861d0ca14c8775731
asrt.471c33d25a0dbe1698387dc4,purananuru,142,TINI_VALUE,SOURCE_EXPLICIT,ASSOCIATED_WITH_TINAI,பாடாண்,thinai_as_printed,yaml:thinai_as_printed,,,,,high,machine_checked,corpus/purananuru/poems/142.md,ca6f22f5c7c77c38496f12ff19151a0ca86ce540bc18ffe861d0ca14c8775731
asrt.5539218ce27491fcb0df7b6a,purananuru,142,TURAI_VALUE,SOURCE_EXPLICIT,ASSOCIATED_WITH_TURAI,இயன்மொழி,thurai,yaml:thurai,,,,,high,machine_checked,corpus/purananuru/poems/142.md,ca6f22f5c7c77c38496f12ff19151a0ca86ce540bc18ffe861d0ca14c8775731
asrt.a3fb006c0e97fed70494b4e9,purananuru,142,SOURCE_CONTEXT_NOTE,SOURCE_EXPLICIT,HAS_PRINTED_TITLE,கொடைமடமும் படைமடமும்!,title_as_printed,yaml:title_as_printed,,,,,high,machine_checked,corpus/purananuru/poems/142.md,ca6f22f5c7c77c38496f12ff19151a0ca86ce540bc18ffe861d0ca14c8775731
asrt.086d17af967f8c0afb5308db,purananuru,142,SOURCE_CONTEXT_NOTE,SOURCE_EXPLICIT,HAS_PRINTED_SOURCE_NOTE,"பாடியவர் : பரணர்.
பாடப்பட்டோன்: வையாவிக் கோப்பெரும் பேகன்.
திணை: பாடாண். துறை: இயன்மொழி.",source_note,markdown:source-note,,,,,high,machine_checked,corpus/purananuru/poems/142.md,ca6f22f5c7c77c38496f12ff19151a0ca86ce540bc18ffe861d0ca14c8775731
asrt.4b09077da7817d9f74170e0c,purananuru,142,TEXTUAL_CONDITION,SOURCE_EXPLICIT,HAS_TEXTUAL_STATUS,complete,textual_status,yaml:textual_status,,,,,high,machine_checked,corpus/purananuru/poems/142.md,ca6f22f5c7c77c38496f12ff19151a0ca86ce540bc18ffe861d0ca14c8775731
asrt.e553becb6cd8d7166bfcedff,purananuru,143,POET_ATTRIBUTION,SOURCE_EXPLICIT,ATTRIBUTED_TO,கபிலர்,poet_as_printed,yaml:poet_as_printed,,,,,high,machine_checked,corpus/purananuru/poems/143.md,1def7768a2e4423f5d95fd8b7def25ded575159c067927b17e18ebe0f19630d4
asrt.6e727c6c28cc95987a173de3,purananuru,143,PATRON_OR_ADDRESSEE,SOURCE_EXPLICIT,ADDRESSED_TO,வையாவிக் கோப்பெரும் பேகன்,addressee_as_printed,yaml:addressee_as_printed,,,,,high,machine_checked,corpus/purananuru/poems/143.md,1def7768a2e4423f5d95fd8b7def25ded575159c067927b17e18ebe0f19630d4
asrt.b2224518a31a895fe26e3781,purananuru,143,TINI_VALUE,SOURCE_EXPLICIT,ASSOCIATED_WITH_TINAI,பெருந்திணை,thinai_as_printed,yaml:thinai_as_printed,,,,,high,machine_checked,corpus/purananuru/poems/143.md,1def7768a2e4423f5d95fd8b7def25ded575159c067927b17e18ebe0f19630d4
asrt.d26fc6281aa7f0d552d32228,purananuru,143,TURAI_VALUE,SOURCE_EXPLICIT,ASSOCIATED_WITH_TURAI,குறுங்கலி,thurai,yaml:thurai,,,,,high,machine_checked,corpus/purananuru/poems/143.md,1def7768a2e4423f5d95fd8b7def25ded575159c067927b17e18ebe0f19630d4
asrt.1e42670bc1c01f84052e56b6,purananuru,143,SOURCE_CONTEXT_NOTE,SOURCE_EXPLICIT,HAS_PRINTED_SOURCE_NOTE,"பாடியவர் : கபிலர்.
பாடப்பட்டோன்: வையாவிக் கோப்பெரும் பேகன்.
திணை: பெருந்திணை.
துறை: குறுங்கலி; தாபதநிலையும் ஆம்.
குறிப்பு: துறக்கப்பட்ட கண்ணகி காரணமாகப் பாடியது.",source_note,markdown:source-note,,,,,high,machine_checked,corpus/purananuru/poems/143.md,1def7768a2e4423f5d95fd8b7def25ded575159c067927b17e18ebe0f19630d4
asrt.3ded37e60dc374a286a3956e,purananuru,143,SOURCE_CONTEXT_NOTE,SOURCE_EXPLICIT,HAS_PRINTED_TITLE,யார்கொல் அளியள்!,title_as_printed,yaml:title_as_printed,,,,,high,machine_checked,corpus/purananuru/poems/143.md,1def7768a2e4423f5d95fd8b7def25ded575159c067927b17e18ebe0f19630d4
asrt.bd37d2196d18cfcd8a246561,purananuru,143,TEXTUAL_CONDITION,SOURCE_EXPLICIT,HAS_TEXTUAL_STATUS,complete,textual_status,yaml:textual_status,,,,,high,machine_checked,corpus/purananuru/poems/143.md,1def7768a2e4423f5d95fd8b7def25ded575159c067927b17e18ebe0f19630d4
asrt.a903ca6fa591ac5e5670c764,purananuru,144,POET_ATTRIBUTION,SOURCE_EXPLICIT,ATTRIBUTED_TO,கபிலர்,poet_as_printed,yaml:poet_as_printed,,,,,high,machine_checked,corpus/purananuru/poems/144.md,a06b5cee0ffe2621aac7657ceb0409708535dd0d38e6b7fa5f99de446ca266a9
asrt.72c838aedf9eb76874c5be5e,purananuru,144,PATRON_OR_ADDRESSEE,SOURCE_EXPLICIT,ADDRESSED_TO,வையாவிக் கோப்பெரும் பேகன்,addressee_as_printed,yaml:addressee_as_printed,,,,,high,machine_checked,corpus/purananuru/poems/144.md,a06b5cee0ffe2621aac7657ceb0409708535dd0d38e6b7fa5f99de446ca266a9
asrt.bf04ee0652352f8ea6964654,purananuru,144,TINI_VALUE,SOURCE_EXPLICIT,ASSOCIATED_WITH_TINAI,பெருந்திணை,thinai_as_printed,yaml:thinai_as_printed,,,,,high,machine_checked,corpus/purananuru/poems/144.md,a06b5cee0ffe2621aac7657ceb0409708535dd0d38e6b7fa5f99de446ca266a9
asrt.801504a6944f96177d6dae41,purananuru,144,TURAI_VALUE,SOURCE_EXPLICIT,ASSOCIATED_WITH_TURAI,குறுங்கலி,thurai,yaml:thurai,,,,,high,machine_checked,corpus/purananuru/poems/144.md,a06b5cee0ffe2621aac7657ceb0409708535dd0d38e6b7fa5f99de446ca266a9
asrt.137ee66f599369f72cc78214,purananuru,144,SOURCE_CONTEXT_NOTE,SOURCE_EXPLICIT,HAS_PRINTED_TITLE,தோற்பது நும் குடியே!,title_as_printed,yaml:title_as_printed,,,,,high,machine_checked,corpus/purananuru/poems/144.md,a06b5cee0ffe2621aac7657ceb0409708535dd0d38e6b7fa5f99de446ca266a9
asrt.dbb7f7b5e7ead1e6ce3c57be,purananuru,144,SOURCE_CONTEXT_NOTE,SOURCE_EXPLICIT,HAS_PRINTED_SOURCE_NOTE,"பாடியவர் : கபிலர்.
பாடப்பட்டோன்: வையாவிக் கோப்பெரும் பேகன்.
திணை: பெருந்திணை. துறை: குறுங்கலி.",source_note,markdown:source-note,,,,,high,machine_checked,corpus/purananuru/poems/144.md,a06b5cee0ffe2621aac7657ceb0409708535dd0d38e6b7fa5f99de446ca266a9
asrt.00ab2187fc6d55ea2cc09a57,purananuru,144,TEXTUAL_CONDITION,SOURCE_EXPLICIT,HAS_TEXTUAL_STATUS,complete,textual_status,yaml:textual_status,,,,,high,machine_checked,corpus/purananuru/poems/144.md,a06b5cee0ffe2621aac7657ceb0409708535dd0d38e6b7fa5f99de446ca266a9
asrt.1490ced608891bc5edbae547,purananuru,144,FLORA_MENTION,SOURCE_EXPLICIT,MENTIONS_CANDIDATE,முல்லை,canonical_body,markdown:canonical-body,14,14,0,6,medium,human_review_required,corpus/purananuru/poems/144.md,a06b5cee0ffe2621aac7657ceb0409708535dd0d38e6b7fa5f99de446ca266a9
asrt.20e8d30e793f3a8c0370a078,purananuru,145,POET_ATTRIBUTION,SOURCE_EXPLICIT,ATTRIBUTED_TO,கபிலர்,poet_as_printed,yaml:poet_as_printed,,,,,high,machine_checked,corpus/purananuru/poems/145.md,fc301a6c1d222856629c34bd27f2975f59ea34a801f81d776e7776b522583a40
asrt.ca0217ba5db98c9adbfe5e7a,purananuru,145,PATRON_OR_ADDRESSEE,SOURCE_EXPLICIT,ADDRESSED_TO,வையாவிக் கோப்பெரும் பேகன்,addressee_as_printed,yaml:addressee_as_printed,,,,,high,machine_checked,corpus/purananuru/poems/145.md,fc301a6c1d222856629c34bd27f2975f59ea34a801f81d776e7776b522583a40
asrt.0e1a3350532667296aa0c59e,purananuru,145,TINI_VALUE,SOURCE_EXPLICIT,ASSOCIATED_WITH_TINAI,பெருந்திணை,thinai_as_printed,yaml:thinai_as_printed,,,,,high,machine_checked,corpus/purananuru/poems/145.md,fc301a6c1d222856629c34bd27f2975f59ea34a801f81d776e7776b522583a40
asrt.0887e04bc87df4c42b59d59b,purananuru,145,TURAI_VALUE,SOURCE_EXPLICIT,ASSOCIATED_WITH_TURAI,குறுங்கலி,thurai,yaml:thurai,,,,,high,machine_checked,corpus/purananuru/poems/145.md,fc301a6c1d222856629c34bd27f2975f59ea34a801f81d776e7776b522583a40
asrt.613ad99034c9b2478084116d,purananuru,145,SOURCE_CONTEXT_NOTE,SOURCE_EXPLICIT,HAS_PRINTED_TITLE,அவள் இடர் களைவாய்!,title_as_printed,yaml:title_as_printed,,,,,high,machine_checked,corpus/purananuru/poems/145.md,fc301a6c1d222856629c34bd27f2975f59ea34a801f81d776e7776b522583a40
asrt.7d2a84195adefd390dc826b7,purananuru,145,SOURCE_CONTEXT_NOTE,SOURCE_EXPLICIT,HAS_PRINTED_SOURCE_NOTE,"பாடியவர் : கபிலர்.
பாடப்பட்டோன்: வையாவிக் கோப்பெரும் பேகன்.
திணை: பெருந்திணை. துறை: குறுங்கலி. 'பரணர் பாட்டு' எனவும் கொள்வர்.",source_note,markdown:source-note,,,,,high,machine_checked,corpus/purananuru/poems/145.md,fc301a6c1d222856629c34bd27f2975f59ea34a801f81d776e7776b522583a40
asrt.9f6c80081fbb477f4c579f45,purananuru,145,TEXTUAL_CONDITION,SOURCE_EXPLICIT,HAS_TEXTUAL_STATUS,complete,textual_status,yaml:textual_status,,,,,high,machine_checked,corpus/purananuru/poems/145.md,fc301a6c1d222856629c34bd27f2975f59ea34a801f81d776e7776b522583a40
asrt.e423b213719132de322b500f,purananuru,145,GIFT_MENTION,SOURCE_EXPLICIT,MENTIONS_CANDIDATE,பரிசில்,canonical_body,markdown:canonical-body,8,8,15,22,medium,human_review_required,corpus/purananuru/poems/145.md,fc301a6c1d222856629c34bd27f2975f59ea34a801f81d776e7776b522583a40
asrt.c50dd4d665d50ca3891858b7,purananuru,146,POET_ATTRIBUTION,SOURCE_EXPLICIT,ATTRIBUTED_TO,அரிசில் கிழார்,poet_as_printed,yaml:poet_as_printed,,,,,high,machine_checked,corpus/purananuru/poems/146.md,a695ef15bf048fcf6fe29fe00f1559ba111b6116e81f8337f80508990b037061
asrt.27fd0790e1b81400606ded1b,purananuru,146,PATRON_OR_ADDRESSEE,SOURCE_EXPLICIT,ADDRESSED_TO,வையாவிக் கோப்பெரும் பேகன்,addressee_as_printed,yaml:addressee_as_printed,,,,,high,machine_checked,corpus/purananuru/poems/146.md,a695ef15bf048fcf6fe29fe00f1559ba111b6116e81f8337f80508990b037061
asrt.f8c14d3a8636cb9dcf36f958,purananuru,146,TINI_VALUE,SOURCE_EXPLICIT,ASSOCIATED_WITH_TINAI,பெருந்திணை,thinai_as_printed,yaml:thinai_as_printed,,,,,high,machine_checked,corpus/purananuru/poems/146.md,a695ef15bf048fcf6fe29fe00f1559ba111b6116e81f8337f80508990b037061
asrt.a3469a8374eee76f72ecac90,purananuru,146,TURAI_VALUE,SOURCE_EXPLICIT,ASSOCIATED_WITH_TURAI,குறுங்கலி,thurai,yaml:thurai,,,,,high,machine_checked,corpus/purananuru/poems/146.md,a695ef15bf048fcf6fe29fe00f1559ba111b6116e81f8337f80508990b037061
asrt.4c3c0b3c18ca7d239a77648a,purananuru,146,SOURCE_CONTEXT_NOTE,SOURCE_EXPLICIT,HAS_PRINTED_TITLE,தேர் பூண்க மாவே!,title_as_printed,yaml:title_as_printed,,,,,high,machine_checked,corpus/purananuru/poems/146.md,a695ef15bf048fcf6fe29fe00f1559ba111b6116e81f8337f80508990b037061
asrt.580cc0cb6b171afec9e5cd58,purananuru,146,SOURCE_CONTEXT_NOTE,SOURCE_EXPLICIT,HAS_PRINTED_SOURCE_NOTE,"பாடியவர் : அரிசில் கிழார்.
பாடப்பட்டோன்: வையாவிக் கோப்பெரும் பேகன்.
திணை: பெருந்திணை. துறை: குறுங்கலி.",source_note,markdown:source-note,,,,,high,machine_checked,corpus/purananuru/poems/146.md,a695ef15bf048fcf6fe29fe00f1559ba111b6116e81f8337f80508990b037061
asrt.0946aa57a6d1f0f2a1daaad9,purananuru,146,TEXTUAL_CONDITION,SOURCE_EXPLICIT,HAS_TEXTUAL_STATUS,complete,textual_status,yaml:textual_status,,,,,high,machine_checked,corpus/purananuru/poems/146.md,a695ef15bf048fcf6fe29fe00f1559ba111b6116e81f8337f80508990b037061
asrt.684c894becec7743f30c54c9,purananuru,146,GIFT_MENTION,SOURCE_EXPLICIT,MENTIONS_CANDIDATE,பரிசில்,canonical_body,markdown:canonical-body,5,5,0,7,medium,human_review_required,corpus/purananuru/poems/146.md,a695ef15bf048fcf6fe29fe00f1559ba111b6116e81f8337f80508990b037061
asrt.b89c1cb7d1ce9da5b6c54005,purananuru,147,POET_ATTRIBUTION,SOURCE_EXPLICIT,ATTRIBUTED_TO,பெருங்குன்றூர் கிழார்,poet_as_printed,yaml:poet_as_printed,,,,,high,machine_checked,corpus/purananuru/poems/147.md,bc8c5a965912ae820f5cf2ef0d79fcff45b7e54b91654e4ceaa25ec0957a450c
asrt.97df165cc48ddc1f540c5be2,purananuru,147,PATRON_OR_ADDRESSEE,SOURCE_EXPLICIT,ADDRESSED_TO,வையாவிக் கோப்பெரும் பேகன்,addressee_as_printed,yaml:addressee_as_printed,,,,,high,machine_checked,corpus/purananuru/poems/147.md,bc8c5a965912ae820f5cf2ef0d79fcff45b7e54b91654e4ceaa25ec0957a450c
asrt.ef174bd12506eaafd17b1ab7,purananuru,147,TINI_VALUE,SOURCE_EXPLICIT,ASSOCIATED_WITH_TINAI,பெருந்திணை,thinai_as_printed,yaml:thinai_as_printed,,,,,high,machine_checked,corpus/purananuru/poems/147.md,bc8c5a965912ae820f5cf2ef0d79fcff45b7e54b91654e4ceaa25ec0957a450c
asrt.b731bb64975dffc298330ba8,purananuru,147,TURAI_VALUE,SOURCE_EXPLICIT,ASSOCIATED_WITH_TURAI,குறுங்கலி,thurai,yaml:thurai,,,,,high,machine_checked,corpus/purananuru/poems/147.md,bc8c5a965912ae820f5cf2ef0d79fcff45b7e54b91654e4ceaa25ec0957a450c
asrt.fc4ba64ab977e80242b795cf,purananuru,147,SOURCE_CONTEXT_NOTE,SOURCE_EXPLICIT,HAS_PRINTED_TITLE,எம் பரிசில்!,title_as_printed,yaml:title_as_printed,,,,,high,machine_checked,corpus/purananuru/poems/147.md,bc8c5a965912ae820f5cf2ef0d79fcff45b7e54b91654e4ceaa25ec0957a450c
asrt.7d6f1f44df2625698e251d01,purananuru,147,SOURCE_CONTEXT_NOTE,SOURCE_EXPLICIT,HAS_PRINTED_SOURCE_NOTE,"பாடியவர் : பெருங்குன்றூர் கிழார்.
பாடப்பட்டோன்: வையாவிக் கோப்பெரும் பேகன்.
திணை: பெருந்திணை. துறை: குறுங்கலி.",source_note,markdown:source-note,,,,,high,machine_checked,corpus/purananuru/poems/147.md,bc8c5a965912ae820f5cf2ef0d79fcff45b7e54b91654e4ceaa25ec0957a450c
asrt.fdcfb49c0f8e042704262e0d,purananuru,147,TEXTUAL_CONDITION,SOURCE_EXPLICIT,HAS_TEXTUAL_STATUS,complete,textual_status,yaml:textual_status,,,,,high,machine_checked,corpus/purananuru/poems/147.md,bc8c5a965912ae820f5cf2ef0d79fcff45b7e54b91654e4ceaa25ec0957a450c
asrt.57380390366c017558c69af1,purananuru,147,GIFT_MENTION,SOURCE_EXPLICIT,MENTIONS_CANDIDATE,பரிசில்,canonical_body,markdown:canonical-body,9,9,12,19,medium,human_review_required,corpus/purananuru/poems/147.md,bc8c5a965912ae820f5cf2ef0d79fcff45b7e54b91654e4ceaa25ec0957a450c
asrt.14ca25c1390267939b25705f,purananuru,148,POET_ATTRIBUTION,SOURCE_EXPLICIT,ATTRIBUTED_TO,வன்பரணர்,poet_as_printed,yaml:poet_as_printed,,,,,high,machine_checked,corpus/purananuru/poems/148.md,b2381b313c71b6f7d1048d8afba6ed53e641ddd2f17ad9d32cc77328a3f4bfff
asrt.8262fd034082db55a164aed1,purananuru,148,PATRON_OR_ADDRESSEE,SOURCE_EXPLICIT,ADDRESSED_TO,கண்டீரக் கோப் பெருநள்ளி,addressee_as_printed,yaml:addressee_as_printed,,,,,high,machine_checked,corpus/purananuru/poems/148.md,b2381b313c71b6f7d1048d8afba6ed53e641ddd2f17ad9d32cc77328a3f4bfff
asrt.e2052d4ac11432f8fbcb4f3e,purananuru,148,TINI_VALUE,SOURCE_EXPLICIT,ASSOCIATED_WITH_TINAI,பாடாண்,thinai_as_printed,yaml:thinai_as_printed,,,,,high,machine_checked,corpus/purananuru/poems/148.md,b2381b313c71b6f7d1048d8afba6ed53e641ddd2f17ad9d32cc77328a3f4bfff
asrt.c8f11de4e26503a929fee088,purananuru,148,TURAI_VALUE,SOURCE_EXPLICIT,ASSOCIATED_WITH_TURAI,பரிசில்,thurai,yaml:thurai,,,,,high,machine_checked,corpus/purananuru/poems/148.md,b2381b313c71b6f7d1048d8afba6ed53e641ddd2f17ad9d32cc77328a3f4bfff
asrt.1f4e9b43f2a9d6a8a78c5e69,purananuru,148,SOURCE_CONTEXT_NOTE,SOURCE_EXPLICIT,HAS_PRINTED_TITLE,என் சிறு செந்நா!,title_as_printed,yaml:title_as_printed,,,,,high,machine_checked,corpus/purananuru/poems/148.md,b2381b313c71b6f7d1048d8afba6ed53e641ddd2f17ad9d32cc77328a3f4bfff
asrt.4f7e156a3a92041cbfbea8d5,purananuru,148,SOURCE_CONTEXT_NOTE,SOURCE_EXPLICIT,HAS_PRINTED_SOURCE_NOTE,"பாடியவர் : வன்பரணர்.
பாடப்பட்டோன்: கண்டீரக் கோப் பெருநள்ளி.
திணை: பாடாண். துறை: பரிசில்.",source_note,markdown:source-note,,,,,high,machine_checked,corpus/purananuru/poems/148.md,b2381b313c71b6f7d1048d8afba6ed53e641ddd2f17ad9d32cc77328a3f4bfff
asrt.c3cfc11dda135a4ef4b8057f,purananuru,148,TEXTUAL_CONDITION,SOURCE_EXPLICIT,HAS_TEXTUAL_STATUS,complete,textual_status,yaml:textual_status,,,,,high,machine_checked,corpus/purananuru/poems/148.md,b2381b313c71b6f7d1048d8afba6ed53e641ddd2f17ad9d32cc77328a3f4bfff
asrt.813ee4e956d29a8e336c037b,purananuru,148,GIFT_MENTION,SOURCE_EXPLICIT,MENTIONS_CANDIDATE,பரிசில்,canonical_body,markdown:canonical-body,4,4,25,32,medium,human_review_required,corpus/purananuru/poems/148.md,b2381b313c71b6f7d1048d8afba6ed53e641ddd2f17ad9d32cc77328a3f4bfff
asrt.1c7dceb00b8e308ad0009b8d,purananuru,149,POET_ATTRIBUTION,SOURCE_EXPLICIT,ATTRIBUTED_TO,வன்பரணர்,poet_as_printed,yaml:poet_as_printed,,,,,high,machine_checked,corpus/purananuru/poems/149.md,d3204f5559db3c1d2f033e5707b7ccd596ad9edbbb19c7a629780942d4ad1de7
asrt.d54604b32069ad60ccd7904d,purananuru,149,PATRON_OR_ADDRESSEE,SOURCE_EXPLICIT,ADDRESSED_TO,கண்டீரக் கோப் பெருநள்ளி,addressee_as_printed,yaml:addressee_as_printed,,,,,high,machine_checked,corpus/purananuru/poems/149.md,d3204f5559db3c1d2f033e5707b7ccd596ad9edbbb19c7a629780942d4ad1de7
asrt.93cc4664d422ca1bc1f9cbcd,purananuru,149,TINI_VALUE,SOURCE_EXPLICIT,ASSOCIATED_WITH_TINAI,பாடாண்,thinai_as_printed,yaml:thinai_as_printed,,,,,high,machine_checked,corpus/purananuru/poems/149.md,d3204f5559db3c1d2f033e5707b7ccd596ad9edbbb19c7a629780942d4ad1de7
asrt.e118f83a254a5843eeddbb98,purananuru,149,TURAI_VALUE,SOURCE_EXPLICIT,ASSOCIATED_WITH_TURAI,பரிசில்,thurai,yaml:thurai,,,,,high,machine_checked,corpus/purananuru/poems/149.md,d3204f5559db3c1d2f033e5707b7ccd596ad9edbbb19c7a629780942d4ad1de7
asrt.9a10135a4c47df4bc23f057e,purananuru,149,SOURCE_CONTEXT_NOTE,SOURCE_EXPLICIT,HAS_PRINTED_SOURCE_NOTE,"பாடியவர் : வன்பரணர்.
பாடப்பட்டோன்: கண்டீரக் கோப் பெருநள்ளி.
திணை: பாடாண். துறை: பரிசில்.",source_note,markdown:source-note,,,,,high,machine_checked,corpus/purananuru/poems/149.md,d3204f5559db3c1d2f033e5707b7ccd596ad9edbbb19c7a629780942d4ad1de7
asrt.55ce5ccdef9b930665f66039,purananuru,149,SOURCE_CONTEXT_NOTE,SOURCE_EXPLICIT,HAS_PRINTED_TITLE,வண்மையான் மறந்தனர்!,title_as_printed,yaml:title_as_printed,,,,,high,machine_checked,corpus/purananuru/poems/149.md,d3204f5559db3c1d2f033e5707b7ccd596ad9edbbb19c7a629780942d4ad1de7
asrt.bccda9c0a20a140e41d8f234,purananuru,149,TEXTUAL_CONDITION,SOURCE_EXPLICIT,HAS_TEXTUAL_STATUS,complete,textual_status,yaml:textual_status,,,,,high,machine_checked,corpus/purananuru/poems/149.md,d3204f5559db3c1d2f033e5707b7ccd596ad9edbbb19c7a629780942d4ad1de7
asrt.8c2f1a57a4431907c2a0e9c0,purananuru,150,POET_ATTRIBUTION,SOURCE_EXPLICIT,ATTRIBUTED_TO,வன் பரணர்,poet_as_printed,yaml:poet_as_printed,,,,,high,machine_checked,corpus/purananuru/poems/150.md,992a6f594d396374e2c401d980acd69404a6ac3f782878511c7b0cfa877b6c1d
asrt.615af30b1f84fca4fc60ba41,purananuru,150,PATRON_OR_ADDRESSEE,SOURCE_EXPLICIT,ADDRESSED_TO,கண்டீரக் கோப் பெருநள்ளி,addressee_as_printed,yaml:addressee_as_printed,,,,,high,machine_checked,corpus/purananuru/poems/150.md,992a6f594d396374e2c401d980acd69404a6ac3f782878511c7b0cfa877b6c1d
asrt.08aa82b79bcff730974b503d,purananuru,150,TINI_VALUE,SOURCE_EXPLICIT,ASSOCIATED_WITH_TINAI,பாடாண்,thinai_as_printed,yaml:thinai_as_printed,,,,,high,machine_checked,corpus/purananuru/poems/150.md,992a6f594d396374e2c401d980acd69404a6ac3f782878511c7b0cfa877b6c1d
asrt.5a019be3d5cb8cde8bc82195,purananuru,150,TURAI_VALUE,SOURCE_EXPLICIT,ASSOCIATED_WITH_TURAI,இயன்மொழி,thurai,yaml:thurai,,,,,high,machine_checked,corpus/purananuru/poems/150.md,992a6f594d396374e2c401d980acd69404a6ac3f782878511c7b0cfa877b6c1d
asrt.c78a19fa56daed70ad5c4d49,purananuru,150,SOURCE_CONTEXT_NOTE,SOURCE_EXPLICIT,HAS_PRINTED_TITLE,நளி மலை நாடன்!,title_as_printed,yaml:title_as_printed,,,,,high,machine_checked,corpus/purananuru/poems/150.md,992a6f594d396374e2c401d980acd69404a6ac3f782878511c7b0cfa877b6c1d
asrt.b3d0e48866f57fc71e9c3dbf,purananuru,150,SOURCE_CONTEXT_NOTE,SOURCE_EXPLICIT,HAS_PRINTED_SOURCE_NOTE,"பாடியவர் : வன் பரணர்.
பாடப்பட்டோன்: கண்டீரக் கோப் பெருநள்ளி.
திணை: பாடாண். துறை: இயன்மொழி.
சிறப்பு:தோட்டி மலைக்கு உரியவன் இவன் என்பதும், இவன் வேட்டுவக் குடியினன் என்பதும்,",source_note,markdown:source-note,,,,,high,machine_checked,corpus/purananuru/poems/150.md,992a6f594d396374e2c401d980acd69404a6ac3f782878511c7b0cfa877b6c1d
asrt.bd7e29b21f4ac7c87205037c,purananuru,150,TEXTUAL_CONDITION,SOURCE_EXPLICIT,HAS_TEXTUAL_STATUS,complete,textual_status,yaml:textual_status,,,,,high,machine_checked,corpus/purananuru/poems/150.md,992a6f594d396374e2c401d980acd69404a6ac3f782878511c7b0cfa877b6c1d
asrt.068609636cb5b84e180694c1,purananuru,151,POET_ATTRIBUTION,SOURCE_EXPLICIT,ATTRIBUTED_TO,பெருந்தலைச் சாத்தனார்,poet_as_printed,yaml:poet_as_printed,,,,,high,machine_checked,corpus/purananuru/poems/151.md,1047a973ababc8fc13a96d1221ef886327fa13b07e9b0253a7873522403d22d2
asrt.bc048ae6a06aa140d0711ae3,purananuru,151,PATRON_OR_ADDRESSEE,SOURCE_EXPLICIT,ADDRESSED_TO,இளவிச்சிக்கோ. திணை: பாடாண்,addressee_as_printed,yaml:addressee_as_printed,,,,,high,machine_checked,corpus/purananuru/poems/151.md,1047a973ababc8fc13a96d1221ef886327fa13b07e9b0253a7873522403d22d2
asrt.ec7b1e8c3bfa5dc6315eabb2,purananuru,151,TINI_VALUE,SOURCE_EXPLICIT,ASSOCIATED_WITH_TINAI,பாடாண்,thinai_as_printed,yaml:thinai_as_printed,,,,,high,machine_checked,corpus/purananuru/poems/151.md,1047a973ababc8fc13a96d1221ef886327fa13b07e9b0253a7873522403d22d2
asrt.8947a197c0d591eba0ec3330,purananuru,151,TURAI_VALUE,SOURCE_EXPLICIT,ASSOCIATED_WITH_TURAI,இயன்மொழி,thurai,yaml:thurai,,,,,high,machine_checked,corpus/purananuru/poems/151.md,1047a973ababc8fc13a96d1221ef886327fa13b07e9b0253a7873522403d22d2
asrt.46f112d66b4a3e9f7f6cb495,purananuru,151,SOURCE_CONTEXT_NOTE,SOURCE_EXPLICIT,HAS_PRINTED_TITLE,அடைத்த கதவினை!,title_as_printed,yaml:title_as_printed,,,,,high,machine_checked,corpus/purananuru/poems/151.md,1047a973ababc8fc13a96d1221ef886327fa13b07e9b0253a7873522403d22d2
asrt.d1dc002f920055aecf062016,purananuru,151,SOURCE_CONTEXT_NOTE,SOURCE_EXPLICIT,HAS_PRINTED_SOURCE_NOTE,"பாடியவர் : பெருந்தலைச் சாத்தனார்.
பாடப்பட்டோன்: இளவிச்சிக்கோ. திணை: பாடாண்.
துறை: இயன்மொழி. குறிப்பு: இளங் கண்டீரக்கோவும், இளவிச்சிக்கோவும் ஒருங்கு இருந்தன.
அவண் சென்ற புலவர் இளங்கண்டீரக் கோவைபப் புல்லி, இளவிச்சிக்கோவைப்
புல்லராயினர். 'என்னை என் செயப் புல்லீராயினர்' என அவன் கேட்கப் புலவர் பாடிய செய்யுள் இது. (இருவரது குடியியல்புகளையும் கூறிப் பாடுதலால் இயன்மொழி ஆயிற்று.)",source_note,markdown:source-note,,,,,high,machine_checked,corpus/purananuru/poems/151.md,1047a973ababc8fc13a96d1221ef886327fa13b07e9b0253a7873522403d22d2
asrt.0e73a5583643f192ecf70899,purananuru,151,TEXTUAL_CONDITION,SOURCE_EXPLICIT,HAS_TEXTUAL_STATUS,complete,textual_status,yaml:textual_status,,,,,high,machine_checked,corpus/purananuru/poems/151.md,1047a973ababc8fc13a96d1221ef886327fa13b07e9b0253a7873522403d22d2
asrt.4d33cbbfc2eb7dbfe6cfe085,purananuru,152,POET_ATTRIBUTION,SOURCE_EXPLICIT,ATTRIBUTED_TO,வண்பரணர்,poet_as_printed,yaml:poet_as_printed,,,,,high,machine_checked,corpus/purananuru/poems/152.md,f8ebb95fc6846be06facc133e13cd8dedfabe3c97cd09f1f3e5a2aaca778606f
asrt.677b14cc10921b0119062be2,purananuru,152,PATRON_OR_ADDRESSEE,SOURCE_EXPLICIT,ADDRESSED_TO,வல்வில் ஓரி,addressee_as_printed,yaml:addressee_as_printed,,,,,high,machine_checked,corpus/purananuru/poems/152.md,f8ebb95fc6846be06facc133e13cd8dedfabe3c97cd09f1f3e5a2aaca778606f
asrt.de66bbd5d372775d85c9c71d,purananuru,152,TINI_VALUE,SOURCE_EXPLICIT,ASSOCIATED_WITH_TINAI,பாடாண்,thinai_as_printed,yaml:thinai_as_printed,,,,,high,machine_checked,corpus/purananuru/poems/152.md,f8ebb95fc6846be06facc133e13cd8dedfabe3c97cd09f1f3e5a2aaca778606f
asrt.c837486f175f229ea6f6390c,purananuru,152,TURAI_VALUE,SOURCE_EXPLICIT,ASSOCIATED_WITH_TURAI,பரிசில் விடை,thurai,yaml:thurai,,,,,high,machine_checked,corpus/purananuru/poems/152.md,f8ebb95fc6846be06facc133e13cd8dedfabe3c97cd09f1f3e5a2aaca778606f
asrt.b1a9caaa5c4d789e5f36627f,purananuru,152,SOURCE_CONTEXT_NOTE,SOURCE_EXPLICIT,HAS_PRINTED_SOURCE_NOTE,"பாடியவர் : வண்பரணர்.
பாடப்பட்டோன்: வல்வில் ஓரி.
திணை: பாடாண். துறை: பரிசில் விடை.
சிறப்பு: ஓரியது பெருமித நிலையின் விளக்கம்; அவன் வேட்டுவக் குடியினன் என்பது.
( பரிசில் பெற்ற புலவர், அவனை வியந்து பாடியது இச் செய்யுள்)",source_note,markdown:source-note,,,,,high,machine_checked,corpus/purananuru/poems/152.md,f8ebb95fc6846be06facc133e13cd8dedfabe3c97cd09f1f3e5a2aaca778606f
asrt.30d5f447b94a76660d14898b,purananuru,152,SOURCE_CONTEXT_NOTE,SOURCE_EXPLICIT,HAS_PRINTED_TITLE,பெயர் கேட்க நாணினன்!,title_as_printed,yaml:title_as_printed,,,,,high,machine_checked,corpus/purananuru/poems/152.md,f8ebb95fc6846be06facc133e13cd8dedfabe3c97cd09f1f3e5a2aaca778606f
asrt.bec7c721d543d09a90b1d0c2,purananuru,152,TEXTUAL_CONDITION,SOURCE_EXPLICIT,HAS_TEXTUAL_STATUS,complete,textual_status,yaml:textual_status,,,,,high,machine_checked,corpus/purananuru/poems/152.md,f8ebb95fc6846be06facc133e13cd8dedfabe3c97cd09f1f3e5a2aaca778606f
asrt.d82580e51a336982d782e043,purananuru,152,RULER_MENTION,SOURCE_EXPLICIT,MENTIONS_CANDIDATE,இறைவன்,canonical_body,markdown:canonical-body,19,19,0,6,medium,human_review_required,corpus/purananuru/poems/152.md,f8ebb95fc6846be06facc133e13cd8dedfabe3c97cd09f1f3e5a2aaca778606f
asrt.b556de661668f74421cac825,purananuru,152,FAUNA_MENTION,SOURCE_EXPLICIT,MENTIONS_CANDIDATE,மான்,canonical_body,markdown:canonical-body,26,26,19,23,medium,human_review_required,corpus/purananuru/poems/152.md,f8ebb95fc6846be06facc133e13cd8dedfabe3c97cd09f1f3e5a2aaca778606f
asrt.e46102e416a233054dd29672,purananuru,152,GIFT_MENTION,SOURCE_EXPLICIT,MENTIONS_CANDIDATE,ஈகை,canonical_body,markdown:canonical-body,32,32,6,9,medium,human_review_required,corpus/purananuru/poems/152.md,f8ebb95fc6846be06facc133e13cd8dedfabe3c97cd09f1f3e5a2aaca778606f
asrt.f0cab107d66972eedf347488,purananuru,152,WARFARE_MENTION,SOURCE_EXPLICIT,MENTIONS_CANDIDATE,போர்,canonical_body,markdown:canonical-body,24,24,26,30,medium,human_review_required,corpus/purananuru/poems/152.md,f8ebb95fc6846be06facc133e13cd8dedfabe3c97cd09f1f3e5a2aaca778606f
asrt.6b779016c045ba890d47920e,purananuru,153,POET_ATTRIBUTION,SOURCE_EXPLICIT,ATTRIBUTED_TO,வண்பரணர்,poet_as_printed,yaml:poet_as_printed,,,,,high,machine_checked,corpus/purananuru/poems/153.md,d77fd173e2e187e92bf94868ea1fed1a21d7e38d307570b639a80eb65a7bd384
asrt.5981de4e54da6c481af02751,purananuru,153,PATRON_OR_ADDRESSEE,SOURCE_EXPLICIT,ADDRESSED_TO,வல்வில் ஓரி,addressee_as_printed,yaml:addressee_as_printed,,,,,high,machine_checked,corpus/purananuru/poems/153.md,d77fd173e2e187e92bf94868ea1fed1a21d7e38d307570b639a80eb65a7bd384
asrt.23d9e92f5c7a899a7c96891f,purananuru,153,TINI_VALUE,SOURCE_EXPLICIT,ASSOCIATED_WITH_TINAI,பாடாண்,thinai_as_printed,yaml:thinai_as_printed,,,,,high,machine_checked,corpus/purananuru/poems/153.md,d77fd173e2e187e92bf94868ea1fed1a21d7e38d307570b639a80eb65a7bd384
asrt.340c9375a04d9f20dad75feb,purananuru,153,TURAI_VALUE,SOURCE_EXPLICIT,ASSOCIATED_WITH_TURAI,இயன் மொழி,thurai,yaml:thurai,,,,,high,machine_checked,corpus/purananuru/poems/153.md,d77fd173e2e187e92bf94868ea1fed1a21d7e38d307570b639a80eb65a7bd384
asrt.834ab4aa85deb93b417c178d,purananuru,153,SOURCE_CONTEXT_NOTE,SOURCE_EXPLICIT,HAS_PRINTED_TITLE,கூத்தச் சுற்றத்தினர்!,title_as_printed,yaml:title_as_printed,,,,,high,machine_checked,corpus/purananuru/poems/153.md,d77fd173e2e187e92bf94868ea1fed1a21d7e38d307570b639a80eb65a7bd384
asrt.5986be44fe7857d6de89ec86,purananuru,153,SOURCE_CONTEXT_NOTE,SOURCE_EXPLICIT,HAS_PRINTED_SOURCE_NOTE,"பாடியவர் : வண்பரணர்.
பாடப்பட்டோன்: வல்வில் ஓரி.
திணை: பாடாண். துறை: இயன் மொழி.",source_note,markdown:source-note,,,,,high,machine_checked,corpus/purananuru/poems/153.md,d77fd173e2e187e92bf94868ea1fed1a21d7e38d307570b639a80eb65a7bd384
asrt.312e0d79e37318725af4c850,purananuru,153,TEXTUAL_CONDITION,SOURCE_EXPLICIT,HAS_TEXTUAL_STATUS,complete,textual_status,yaml:textual_status,,,,,high,machine_checked,corpus/purananuru/poems/153.md,d77fd173e2e187e92bf94868ea1fed1a21d7e38d307570b639a80eb65a7bd384
asrt.9fb433f0c52b5464eddea5f8,purananuru,153,FAUNA_MENTION,SOURCE_EXPLICIT,MENTIONS_CANDIDATE,யானை,canonical_body,markdown:canonical-body,2,2,7,11,medium,human_review_required,corpus/purananuru/poems/153.md,d77fd173e2e187e92bf94868ea1fed1a21d7e38d307570b639a80eb65a7bd384
asrt.fcc5f018ee3d387960d48739,purananuru,153,FAUNA_MENTION,SOURCE_EXPLICIT,MENTIONS_CANDIDATE,யானை,canonical_body,markdown:canonical-body,9,9,0,4,medium,human_review_required,corpus/purananuru/poems/153.md,d77fd173e2e187e92bf94868ea1fed1a21d7e38d307570b639a80eb65a7bd384
asrt.c4efbcfa6dc9a43bb78c8cb1,purananuru,154,POET_ATTRIBUTION,SOURCE_EXPLICIT,ATTRIBUTED_TO,மோசிகீரனார்,poet_as_printed,yaml:poet_as_printed,,,,,high,machine_checked,corpus/purananuru/poems/154.md,3bac6a2b9658763410e7510267d6273ddef1a762e10e3e76e23d011a59f5929a
asrt.d89dae76111cda069ee8e3ea,purananuru,154,PATRON_OR_ADDRESSEE,SOURCE_EXPLICIT,ADDRESSED_TO,கொண்கானங் கிழான்,addressee_as_printed,yaml:addressee_as_printed,,,,,high,machine_checked,corpus/purananuru/poems/154.md,3bac6a2b9658763410e7510267d6273ddef1a762e10e3e76e23d011a59f5929a
asrt.2492f6f427608d73d71710fb,purananuru,154,TINI_VALUE,SOURCE_EXPLICIT,ASSOCIATED_WITH_TINAI,பாடாண்,thinai_as_printed,yaml:thinai_as_printed,,,,,high,machine_checked,corpus/purananuru/poems/154.md,3bac6a2b9658763410e7510267d6273ddef1a762e10e3e76e23d011a59f5929a
asrt.4ae9c37b03aba38cb300bf30,purananuru,154,TURAI_VALUE,SOURCE_EXPLICIT,ASSOCIATED_WITH_TURAI,பரிசில் துறை,thurai,yaml:thurai,,,,,high,machine_checked,corpus/purananuru/poems/154.md,3bac6a2b9658763410e7510267d6273ddef1a762e10e3e76e23d011a59f5929a
asrt.640337d179c0b5e8d7d2b599,purananuru,154,SOURCE_CONTEXT_NOTE,SOURCE_EXPLICIT,HAS_PRINTED_TITLE,இரத்தல் அரிது! பாடல் எளிது!,title_as_printed,yaml:title_as_printed,,,,,high,machine_checked,corpus/purananuru/poems/154.md,3bac6a2b9658763410e7510267d6273ddef1a762e10e3e76e23d011a59f5929a
asrt.aa6ddd39ec0ad139adfedec3,purananuru,154,SOURCE_CONTEXT_NOTE,SOURCE_EXPLICIT,HAS_PRINTED_SOURCE_NOTE,"பாடியவர் : மோசிகீரனார்.
பாடப்பட்டோன்: கொண்கானங் கிழான்.
திணை: பாடாண். துறை: பரிசில் துறை.",source_note,markdown:source-note,,,,,high,machine_checked,corpus/purananuru/poems/154.md,3bac6a2b9658763410e7510267d6273ddef1a762e10e3e76e23d011a59f5929a
asrt.511e9a2509d1af46e729f4a0,purananuru,154,TEXTUAL_CONDITION,SOURCE_EXPLICIT,HAS_TEXTUAL_STATUS,complete,textual_status,yaml:textual_status,,,,,high,machine_checked,corpus/purananuru/poems/154.md,3bac6a2b9658763410e7510267d6273ddef1a762e10e3e76e23d011a59f5929a
asrt.f6145cdb63e9c444be16c6cf,purananuru,154,MUSIC_OR_PERFORMANCE,SOURCE_EXPLICIT,MENTIONS_CANDIDATE,பாடல்,canonical_body,markdown:canonical-body,13,13,19,24,medium,human_review_required,corpus/purananuru/poems/154.md,3bac6a2b9658763410e7510267d6273ddef1a762e10e3e76e23d011a59f5929a
asrt.17b562beba01e64fdcb358e0,purananuru,155,POET_ATTRIBUTION,SOURCE_EXPLICIT,ATTRIBUTED_TO,மோசி கீரனார்,poet_as_printed,yaml:poet_as_printed,,,,,high,machine_checked,corpus/purananuru/poems/155.md,b5703b810f42748c0465fee50d611f7dd721b9a86465cc40d085dba27449293d
asrt.0ef650cb495e3d71d38aaeb6,purananuru,155,PATRON_OR_ADDRESSEE,SOURCE_EXPLICIT,ADDRESSED_TO,கொண்கானங் கிழான்,addressee_as_printed,yaml:addressee_as_printed,,,,,high,machine_checked,corpus/purananuru/poems/155.md,b5703b810f42748c0465fee50d611f7dd721b9a86465cc40d085dba27449293d
asrt.fd7ae99fe02ff1bffc085f17,purananuru,155,TINI_VALUE,SOURCE_EXPLICIT,ASSOCIATED_WITH_TINAI,பாடாண்,thinai_as_printed,yaml:thinai_as_printed,,,,,high,machine_checked,corpus/purananuru/poems/155.md,b5703b810f42748c0465fee50d611f7dd721b9a86465cc40d085dba27449293d
asrt.6d5a5a08d9be618fb522e7cb,purananuru,155,TURAI_VALUE,SOURCE_EXPLICIT,ASSOCIATED_WITH_TURAI,பாணாற்றுப்படை,thurai,yaml:thurai,,,,,high,machine_checked,corpus/purananuru/poems/155.md,b5703b810f42748c0465fee50d611f7dd721b9a86465cc40d085dba27449293d
asrt.9d1b792af8df454993493d63,purananuru,155,SOURCE_CONTEXT_NOTE,SOURCE_EXPLICIT,HAS_PRINTED_TITLE,ஞாயிறு எதிர்ந்த நெருஞ்சி!,title_as_printed,yaml:title_as_printed,,,,,high,machine_checked,corpus/purananuru/poems/155.md,b5703b810f42748c0465fee50d611f7dd721b9a86465cc40d085dba27449293d
asrt.f857be594c2a4c5074544edd,purananuru,155,SOURCE_CONTEXT_NOTE,SOURCE_EXPLICIT,HAS_PRINTED_SOURCE_NOTE,"பாடியவர் : மோசி கீரனார்.
பாடப்பட்டோன்: கொண்கானங் கிழான்.
திணை: பாடாண். துறை: பாணாற்றுப்படை",source_note,markdown:source-note,,,,,high,machine_checked,corpus/purananuru/poems/155.md,b5703b810f42748c0465fee50d611f7dd721b9a86465cc40d085dba27449293d
asrt.2cde82ee060531d71d91d944,purananuru,155,TEXTUAL_CONDITION,SOURCE_EXPLICIT,HAS_TEXTUAL_STATUS,complete,textual_status,yaml:textual_status,,,,,high,machine_checked,corpus/purananuru/poems/155.md,b5703b810f42748c0465fee50d611f7dd721b9a86465cc40d085dba27449293d
asrt.e27a4e75c0b577eaa420158f,purananuru,156,POET_ATTRIBUTION,SOURCE_EXPLICIT,ATTRIBUTED_TO,மோசிகீரனார்,poet_as_printed,yaml:poet_as_printed,,,,,high,machine_checked,corpus/purananuru/poems/156.md,f17a0c00c49fc964ad9c04379ade1745021be22c4802a53f86da34a7f5f29f85
asrt.dbb543bd574f2f923c9abc16,purananuru,156,PATRON_OR_ADDRESSEE,SOURCE_EXPLICIT,ADDRESSED_TO,கொண்கானங் கிழான்,addressee_as_printed,yaml:addressee_as_printed,,,,,high,machine_checked,corpus/purananuru/poems/156.md,f17a0c00c49fc964ad9c04379ade1745021be22c4802a53f86da34a7f5f29f85
asrt.03215296a2f451506c0101a2,purananuru,156,TINI_VALUE,SOURCE_EXPLICIT,ASSOCIATED_WITH_TINAI,பாடாண்,thinai_as_printed,yaml:thinai_as_printed,,,,,high,machine_checked,corpus/purananuru/poems/156.md,f17a0c00c49fc964ad9c04379ade1745021be22c4802a53f86da34a7f5f29f85
asrt.84bb2ebfcc720879357bc50d,purananuru,156,TURAI_VALUE,SOURCE_EXPLICIT,ASSOCIATED_WITH_TURAI,இயன்மொழி,thurai,yaml:thurai,,,,,high,machine_checked,corpus/purananuru/poems/156.md,f17a0c00c49fc964ad9c04379ade1745021be22c4802a53f86da34a7f5f29f85
asrt.125ee2c9d342880250deb62f,purananuru,156,SOURCE_CONTEXT_NOTE,SOURCE_EXPLICIT,HAS_PRINTED_TITLE,இரண்டு நன்கு உடைத்தே!,title_as_printed,yaml:title_as_printed,,,,,high,machine_checked,corpus/purananuru/poems/156.md,f17a0c00c49fc964ad9c04379ade1745021be22c4802a53f86da34a7f5f29f85
asrt.de2b43758994dad1aa5f343d,purananuru,156,SOURCE_CONTEXT_NOTE,SOURCE_EXPLICIT,HAS_PRINTED_SOURCE_NOTE,"பாடியவர் : மோசிகீரனார்.
பாடப்பட்டோன்: கொண்கானங் கிழான்.
திணை: பாடாண். துறை: இயன்மொழி.",source_note,markdown:source-note,,,,,high,machine_checked,corpus/purananuru/poems/156.md,f17a0c00c49fc964ad9c04379ade1745021be22c4802a53f86da34a7f5f29f85
asrt.88df64d558d08a61b38dced2,purananuru,156,TEXTUAL_CONDITION,SOURCE_EXPLICIT,HAS_TEXTUAL_STATUS,complete,textual_status,yaml:textual_status,,,,,high,machine_checked,corpus/purananuru/poems/156.md,f17a0c00c49fc964ad9c04379ade1745021be22c4802a53f86da34a7f5f29f85
asrt.6af51dcf0cd89e9ddef23a79,purananuru,157,POET_ATTRIBUTION,SOURCE_EXPLICIT,ATTRIBUTED_TO,குறமகள் இளவெயினி,poet_as_printed,yaml:poet_as_printed,,,,,high,machine_checked,corpus/purananuru/poems/157.md,8e3b873658654ed38bb68c8edaa779ddd59c551af49a3967cadf11f3bfe9a3f7
asrt.dd6b19be85323a97c960cf65,purananuru,157,PATRON_OR_ADDRESSEE,SOURCE_EXPLICIT,ADDRESSED_TO,ஏறைக் கோன்,addressee_as_printed,yaml:addressee_as_printed,,,,,high,machine_checked,corpus/purananuru/poems/157.md,8e3b873658654ed38bb68c8edaa779ddd59c551af49a3967cadf11f3bfe9a3f7
asrt.4b109ea694b404d2e9c7c45e,purananuru,157,TINI_VALUE,SOURCE_EXPLICIT,ASSOCIATED_WITH_TINAI,பாடாண்,thinai_as_printed,yaml:thinai_as_printed,,,,,high,machine_checked,corpus/purananuru/poems/157.md,8e3b873658654ed38bb68c8edaa779ddd59c551af49a3967cadf11f3bfe9a3f7
asrt.e32e014afabe37c2f9e7a0a3,purananuru,157,TURAI_VALUE,SOURCE_EXPLICIT,ASSOCIATED_WITH_TURAI,இயன்மொழி,thurai,yaml:thurai,,,,,high,machine_checked,corpus/purananuru/poems/157.md,8e3b873658654ed38bb68c8edaa779ddd59c551af49a3967cadf11f3bfe9a3f7
asrt.0bc949e95d72ade675109e9d,purananuru,157,SOURCE_CONTEXT_NOTE,SOURCE_EXPLICIT,HAS_PRINTED_TITLE,ஏறைக்குத் தகுமே!,title_as_printed,yaml:title_as_printed,,,,,high,machine_checked,corpus/purananuru/poems/157.md,8e3b873658654ed38bb68c8edaa779ddd59c551af49a3967cadf11f3bfe9a3f7
asrt.eac94119abbc04d236424a9e,purananuru,157,SOURCE_CONTEXT_NOTE,SOURCE_EXPLICIT,HAS_PRINTED_SOURCE_NOTE,"பாடியவர் : குறமகள் இளவெயினி.
பாடப்பட்டோன்: ஏறைக் கோன்.
திணை: பாடாண். துறை: இயன்மொழி.
சிறப்பு: ஏறைக் கோன் குறவர் குடியினன் என்பது.",source_note,markdown:source-note,,,,,high,machine_checked,corpus/purananuru/poems/157.md,8e3b873658654ed38bb68c8edaa779ddd59c551af49a3967cadf11f3bfe9a3f7
asrt.fd9c2b07f07fd4fe528d185f,purananuru,157,TEXTUAL_CONDITION,SOURCE_EXPLICIT,HAS_TEXTUAL_STATUS,complete,textual_status,yaml:textual_status,,,,,high,machine_checked,corpus/purananuru/poems/157.md,8e3b873658654ed38bb68c8edaa779ddd59c551af49a3967cadf11f3bfe9a3f7
asrt.2474af66b544ad59ae3e8a7b,purananuru,158,POET_ATTRIBUTION,SOURCE_EXPLICIT,ATTRIBUTED_TO,; பெருஞ்சித்திரனார்,poet_as_printed,yaml:poet_as_printed,,,,,high,machine_checked,corpus/purananuru/poems/158.md,5e094e2ef52b41a3c80112d03349712ce553df4e0503295dd90bcfbecc6913fe
asrt.7be49c291d85209abe9a48a2,purananuru,158,PATRON_OR_ADDRESSEE,SOURCE_EXPLICIT,ADDRESSED_TO,குமணன். திணை; பாடாண்,addressee_as_printed,yaml:addressee_as_printed,,,,,high,machine_checked,corpus/purananuru/poems/158.md,5e094e2ef52b41a3c80112d03349712ce553df4e0503295dd90bcfbecc6913fe
asrt.1af5c1a875f19ef7b11e3a93,purananuru,158,TINI_VALUE,SOURCE_EXPLICIT,ASSOCIATED_WITH_TINAI,பாடாண்,thinai_as_printed,yaml:thinai_as_printed,,,,,high,machine_checked,corpus/purananuru/poems/158.md,5e094e2ef52b41a3c80112d03349712ce553df4e0503295dd90bcfbecc6913fe
asrt.7360a9ea60f4bfb9516cac6c,purananuru,158,TURAI_VALUE,SOURCE_EXPLICIT,ASSOCIATED_WITH_TURAI,வாழ்த்தியல்,thurai,yaml:thurai,,,,,high,machine_checked,corpus/purananuru/poems/158.md,5e094e2ef52b41a3c80112d03349712ce553df4e0503295dd90bcfbecc6913fe
asrt.0951d5d4e10114d10ea9fa0c,purananuru,158,SOURCE_CONTEXT_NOTE,SOURCE_EXPLICIT,HAS_PRINTED_TITLE,உள்ளி வந்தெனன் யானே!,title_as_printed,yaml:title_as_printed,,,,,high,machine_checked,corpus/purananuru/poems/158.md,5e094e2ef52b41a3c80112d03349712ce553df4e0503295dd90bcfbecc6913fe
asrt.8667c0c7273c3b19b7f03a8f,purananuru,158,SOURCE_CONTEXT_NOTE,SOURCE_EXPLICIT,HAS_PRINTED_SOURCE_NOTE,"பாடியவர்; பெருஞ்சித்திரனார்.
பாடப்பட்டோன் : குமணன். திணை; பாடாண்.
துறை: வாழ்த்தியல்; பரிசில் கடாநிலையும் ஆம்.
சிறப்பு ; எழுவர் வள்ளல்கள் என்னும் குறிப்பு.",source_note,markdown:source-note,,,,,high,machine_checked,corpus/purananuru/poems/158.md,5e094e2ef52b41a3c80112d03349712ce553df4e0503295dd90bcfbecc6913fe
asrt.a89f9018aa90caa3b7d1d896,purananuru,158,TEXTUAL_CONDITION,SOURCE_EXPLICIT,HAS_TEXTUAL_STATUS,complete,textual_status,yaml:textual_status,,,,,high,machine_checked,corpus/purananuru/poems/158.md,5e094e2ef52b41a3c80112d03349712ce553df4e0503295dd90bcfbecc6913fe
asrt.765bfa058e4ca4d9a8d18f83,purananuru,158,GIFT_MENTION,SOURCE_EXPLICIT,MENTIONS_CANDIDATE,ஈகை,canonical_body,markdown:canonical-body,7,7,5,8,medium,human_review_required,corpus/purananuru/poems/158.md,5e094e2ef52b41a3c80112d03349712ce553df4e0503295dd90bcfbecc6913fe
asrt.f8a5926a88c3235b35e444ba,purananuru,159,POET_ATTRIBUTION,SOURCE_EXPLICIT,ATTRIBUTED_TO,; பெருஞ்சித்திரனார்,poet_as_printed,yaml:poet_as_printed,,,,,high,machine_checked,corpus/purananuru/poems/159.md,7ce9b98f8cffca6c88492a41f0420796ed1fb9c2c2d6c08c5ad830fbde7145b0
asrt.ba9b5f4cf9281beda940d9cb,purananuru,159,PATRON_OR_ADDRESSEE,SOURCE_EXPLICIT,ADDRESSED_TO,குமணன்,addressee_as_printed,yaml:addressee_as_printed,,,,,high,machine_checked,corpus/purananuru/poems/159.md,7ce9b98f8cffca6c88492a41f0420796ed1fb9c2c2d6c08c5ad830fbde7145b0
asrt.4ca6086329ff03a3a63bdbb7,purananuru,159,TINI_VALUE,SOURCE_EXPLICIT,ASSOCIATED_WITH_TINAI,பாடாண்,thinai_as_printed,yaml:thinai_as_printed,,,,,high,machine_checked,corpus/purananuru/poems/159.md,7ce9b98f8cffca6c88492a41f0420796ed1fb9c2c2d6c08c5ad830fbde7145b0
asrt.5937eeff4f81003b79eb73e9,purananuru,159,TURAI_VALUE,SOURCE_EXPLICIT,ASSOCIATED_WITH_TURAI,பரிசில் கடாநிலை,thurai,yaml:thurai,,,,,high,machine_checked,corpus/purananuru/poems/159.md,7ce9b98f8cffca6c88492a41f0420796ed1fb9c2c2d6c08c5ad830fbde7145b0
asrt.01cbd1b43f544b5135d3b8fc,purananuru,159,SOURCE_CONTEXT_NOTE,SOURCE_EXPLICIT,HAS_PRINTED_TITLE,கொள்ளேன்! கொள்வேன்!,title_as_printed,yaml:title_as_printed,,,,,high,machine_checked,corpus/purananuru/poems/159.md,7ce9b98f8cffca6c88492a41f0420796ed1fb9c2c2d6c08c5ad830fbde7145b0
asrt.83a5552b1339569258108151,purananuru,159,SOURCE_CONTEXT_NOTE,SOURCE_EXPLICIT,HAS_PRINTED_SOURCE_NOTE,"பாடியவர்; பெருஞ்சித்திரனார்.
பாடப்பட்டோன் : குமணன்.
திணை; பாடாண். துறை: பரிசில் கடாநிலை.
சிறப்பு : வறுமை வாழ்வின் ஒரு கூற்றைக் காட்டும் சொல்லோவியம்.",source_note,markdown:source-note,,,,,high,machine_checked,corpus/purananuru/poems/159.md,7ce9b98f8cffca6c88492a41f0420796ed1fb9c2c2d6c08c5ad830fbde7145b0
asrt.9196939c904de64ce7f64aab,purananuru,159,TEXTUAL_CONDITION,SOURCE_EXPLICIT,HAS_TEXTUAL_STATUS,complete,textual_status,yaml:textual_status,,,,,high,machine_checked,corpus/purananuru/poems/159.md,7ce9b98f8cffca6c88492a41f0420796ed1fb9c2c2d6c08c5ad830fbde7145b0
asrt.739cb139697af6f3f47d58b0,purananuru,159,GIFT_MENTION,SOURCE_EXPLICIT,MENTIONS_CANDIDATE,பரிசில்,canonical_body,markdown:canonical-body,23,23,14,21,medium,human_review_required,corpus/purananuru/poems/159.md,7ce9b98f8cffca6c88492a41f0420796ed1fb9c2c2d6c08c5ad830fbde7145b0
asrt.ecb3ab8e6665294cc7a929eb,purananuru,160,POET_ATTRIBUTION,SOURCE_EXPLICIT,ATTRIBUTED_TO,; பெருஞ்சித்திரனார்,poet_as_printed,yaml:poet_as_printed,,,,,high,machine_checked,corpus/purananuru/poems/160.md,1bd1aa1ce529db5a88cd397fb48894cc94dc28de93b2db3c122da238b782cc22
asrt.0ae8ccc3f377d3c7903cb360,purananuru,160,PATRON_OR_ADDRESSEE,SOURCE_EXPLICIT,ADDRESSED_TO,குமணன்,addressee_as_printed,yaml:addressee_as_printed,,,,,high,machine_checked,corpus/purananuru/poems/160.md,1bd1aa1ce529db5a88cd397fb48894cc94dc28de93b2db3c122da238b782cc22
asrt.a4a85ff2076e3199f81c5ad0,purananuru,160,TINI_VALUE,SOURCE_EXPLICIT,ASSOCIATED_WITH_TINAI,பாடாண்,thinai_as_printed,yaml:thinai_as_printed,,,,,high,machine_checked,corpus/purananuru/poems/160.md,1bd1aa1ce529db5a88cd397fb48894cc94dc28de93b2db3c122da238b782cc22
asrt.b7240ce36f2ca4a7c7db8632,purananuru,160,TURAI_VALUE,SOURCE_EXPLICIT,ASSOCIATED_WITH_TURAI,பரிசில் கடாநிலை,thurai,yaml:thurai,,,,,high,machine_checked,corpus/purananuru/poems/160.md,1bd1aa1ce529db5a88cd397fb48894cc94dc28de93b2db3c122da238b782cc22
asrt.033928ba63c675b340dc4953,purananuru,160,SOURCE_CONTEXT_NOTE,SOURCE_EXPLICIT,HAS_PRINTED_SOURCE_NOTE,"பாடியவர்; பெருஞ்சித்திரனார்.
பாடப்பட்டோன் : குமணன்.
திணை; பாடாண். துறை: பரிசில் கடாநிலை.
சிறப்பு : வறுமையின் ஒரு சோகமான காட்சி பற்றிய சொல்லோவியம்.
(பரிசிலை விரும்பி, அரசனைப் புகழ்ந்து வேண்டுகின்றார் புலவர்),",source_note,markdown:source-note,,,,,high,machine_checked,corpus/purananuru/poems/160.md,1bd1aa1ce529db5a88cd397fb48894cc94dc28de93b2db3c122da238b782cc22
asrt.34d1584dbb1a442ff7117dff,purananuru,160,SOURCE_CONTEXT_NOTE,SOURCE_EXPLICIT,HAS_PRINTED_TITLE,புலி வரவும் அம்புலியும்!,title_as_printed,yaml:title_as_printed,,,,,high,machine_checked,corpus/purananuru/poems/160.md,1bd1aa1ce529db5a88cd397fb48894cc94dc28de93b2db3c122da238b782cc22
asrt.b22dd2ec11f1e49738e16c73,purananuru,160,TEXTUAL_CONDITION,SOURCE_EXPLICIT,HAS_TEXTUAL_STATUS,complete,textual_status,yaml:textual_status,,,,,high,machine_checked,corpus/purananuru/poems/160.md,1bd1aa1ce529db5a88cd397fb48894cc94dc28de93b2db3c122da238b782cc22
asrt.01047ec562eb03b97d0260ad,purananuru,160,RULER_MENTION,SOURCE_EXPLICIT,MENTIONS_CANDIDATE,குமணன்,canonical_body,markdown:canonical-body,11,11,23,29,medium,human_review_required,corpus/purananuru/poems/160.md,1bd1aa1ce529db5a88cd397fb48894cc94dc28de93b2db3c122da238b782cc22
asrt.23e634fb555f983c1ab28c3e,purananuru,161,POET_ATTRIBUTION,SOURCE_EXPLICIT,ATTRIBUTED_TO,பெருஞ்சித்திரனார்,poet_as_printed,yaml:poet_as_printed,,,,,high,machine_checked,corpus/purananuru/poems/161.md,2b63cc39fd6b7530170ab6ca02aa6f18c75b10b73a00aa842caeab0f35a20061
asrt.8e5e51a01fa1cffae858a524,purananuru,161,PATRON_OR_ADDRESSEE,SOURCE_EXPLICIT,ADDRESSED_TO,குமணன்,addressee_as_printed,yaml:addressee_as_printed,,,,,high,machine_checked,corpus/purananuru/poems/161.md,2b63cc39fd6b7530170ab6ca02aa6f18c75b10b73a00aa842caeab0f35a20061
asrt.8bd1f1c474ba262cbbdc6cf6,purananuru,161,TINI_VALUE,SOURCE_EXPLICIT,ASSOCIATED_WITH_TINAI,பாடாண்,thinai_as_printed,yaml:thinai_as_printed,,,,,high,machine_checked,corpus/purananuru/poems/161.md,2b63cc39fd6b7530170ab6ca02aa6f18c75b10b73a00aa842caeab0f35a20061
asrt.a7d353ed685ea581b8db2047,purananuru,161,TURAI_VALUE,SOURCE_EXPLICIT,ASSOCIATED_WITH_TURAI,பரிசில்,thurai,yaml:thurai,,,,,high,machine_checked,corpus/purananuru/poems/161.md,2b63cc39fd6b7530170ab6ca02aa6f18c75b10b73a00aa842caeab0f35a20061
asrt.db61fd1701add0c5a6979088,purananuru,161,SOURCE_CONTEXT_NOTE,SOURCE_EXPLICIT,HAS_PRINTED_SOURCE_NOTE,"பாடியவர்: பெருஞ்சித்திரனார்.
பாடப்பட்டோன் : குமணன்.
திணை: பாடாண். துறை: பரிசில். குறிப்பு : பாடிப் பகடு பெற்றது.
(பரிசில் பெற்று அரசனைப் பாடிப் போற்றியது.)",source_note,markdown:source-note,,,,,high,machine_checked,corpus/purananuru/poems/161.md,2b63cc39fd6b7530170ab6ca02aa6f18c75b10b73a00aa842caeab0f35a20061
asrt.a5a34e8f274e1d3b9ebe3c0a,purananuru,161,SOURCE_CONTEXT_NOTE,SOURCE_EXPLICIT,HAS_PRINTED_TITLE,பின் நின்று துரத்தும்!,title_as_printed,yaml:title_as_printed,,,,,high,machine_checked,corpus/purananuru/poems/161.md,2b63cc39fd6b7530170ab6ca02aa6f18c75b10b73a00aa842caeab0f35a20061
asrt.07d488aca1ac0066ec02131b,purananuru,161,TEXTUAL_CONDITION,SOURCE_EXPLICIT,HAS_TEXTUAL_STATUS,complete,textual_status,yaml:textual_status,,,,,high,machine_checked,corpus/purananuru/poems/161.md,2b63cc39fd6b7530170ab6ca02aa6f18c75b10b73a00aa842caeab0f35a20061
asrt.c92bc41f7f0fe971ebc67d6d,purananuru,161,WATER_BODY_MENTION,SOURCE_EXPLICIT,MENTIONS_CANDIDATE,ஆறு,canonical_body,markdown:canonical-body,9,9,23,26,medium,human_review_required,corpus/purananuru/poems/161.md,2b63cc39fd6b7530170ab6ca02aa6f18c75b10b73a00aa842caeab0f35a20061
asrt.dfd8aba64dbcb1020877aee3,purananuru,161,WARFARE_MENTION,SOURCE_EXPLICIT,MENTIONS_CANDIDATE,வாள்,canonical_body,markdown:canonical-body,31,31,0,4,medium,human_review_required,corpus/purananuru/poems/161.md,2b63cc39fd6b7530170ab6ca02aa6f18c75b10b73a00aa842caeab0f35a20061
asrt.15a3eb65075cb11331d0285b,purananuru,162,POET_ATTRIBUTION,SOURCE_EXPLICIT,ATTRIBUTED_TO,பெருஞ்சித்திரனார்,poet_as_printed,yaml:poet_as_printed,,,,,high,machine_checked,corpus/purananuru/poems/162.md,87d8791b561e4515250cc6ddddaaa97b029071b145b1cac75a94fb9bc0b855ce
asrt.244779f581179759edd94d4e,purananuru,162,PATRON_OR_ADDRESSEE,SOURCE_EXPLICIT,ADDRESSED_TO,இளவெளிமான்,addressee_as_printed,yaml:addressee_as_printed,,,,,high,machine_checked,corpus/purananuru/poems/162.md,87d8791b561e4515250cc6ddddaaa97b029071b145b1cac75a94fb9bc0b855ce
asrt.194dd08794c3c11dd3e05b32,purananuru,162,TINI_VALUE,SOURCE_EXPLICIT,ASSOCIATED_WITH_TINAI,பாடாண்,thinai_as_printed,yaml:thinai_as_printed,,,,,high,machine_checked,corpus/purananuru/poems/162.md,87d8791b561e4515250cc6ddddaaa97b029071b145b1cac75a94fb9bc0b855ce
asrt.05338126d4e9222336bd5784,purananuru,162,TURAI_VALUE,SOURCE_EXPLICIT,ASSOCIATED_WITH_TURAI,பரிசில் விடை,thurai,yaml:thurai,,,,,high,machine_checked,corpus/purananuru/poems/162.md,87d8791b561e4515250cc6ddddaaa97b029071b145b1cac75a94fb9bc0b855ce
asrt.e08015087a55aecbcdaa772b,purananuru,162,SOURCE_CONTEXT_NOTE,SOURCE_EXPLICIT,HAS_PRINTED_TITLE,இரவலர்அளித்த பரிசில்!,title_as_printed,yaml:title_as_printed,,,,,high,machine_checked,corpus/purananuru/poems/162.md,87d8791b561e4515250cc6ddddaaa97b029071b145b1cac75a94fb9bc0b855ce
asrt.7a82f5e1bfad0ab0618dc3a3,purananuru,162,SOURCE_CONTEXT_NOTE,SOURCE_EXPLICIT,HAS_PRINTED_SOURCE_NOTE,"பாடியவர்: பெருஞ்சித்திரனார்.
பாடப்பட்டோன் : இளவெளிமான்.
திணை: பாடாண். துறை: பரிசில் விடை. சிறப்பு : புலவர் பெருமிதம்.",source_note,markdown:source-note,,,,,high,machine_checked,corpus/purananuru/poems/162.md,87d8791b561e4515250cc6ddddaaa97b029071b145b1cac75a94fb9bc0b855ce
asrt.d9672956a35854f1d4da76b0,purananuru,162,TEXTUAL_CONDITION,SOURCE_EXPLICIT,HAS_TEXTUAL_STATUS,complete,textual_status,yaml:textual_status,,,,,high,machine_checked,corpus/purananuru/poems/162.md,87d8791b561e4515250cc6ddddaaa97b029071b145b1cac75a94fb9bc0b855ce
asrt.ca9d097e65d34360ff99be63,purananuru,162,FAUNA_MENTION,SOURCE_EXPLICIT,MENTIONS_CANDIDATE,யானை,canonical_body,markdown:canonical-body,6,6,8,12,medium,human_review_required,corpus/purananuru/poems/162.md,87d8791b561e4515250cc6ddddaaa97b029071b145b1cac75a94fb9bc0b855ce
asrt.fce613e5b22ad2c77b4b842d,purananuru,162,GIFT_MENTION,SOURCE_EXPLICIT,MENTIONS_CANDIDATE,பரிசில்,canonical_body,markdown:canonical-body,6,6,17,24,medium,human_review_required,corpus/purananuru/poems/162.md,87d8791b561e4515250cc6ddddaaa97b029071b145b1cac75a94fb9bc0b855ce
asrt.8c6b0dc566cd1d5facf38bcb,purananuru,163,POET_ATTRIBUTION,SOURCE_EXPLICIT,ATTRIBUTED_TO,பெருஞ்சித்திரனார்,poet_as_printed,yaml:poet_as_printed,,,,,high,machine_checked,corpus/purananuru/poems/163.md,1df707c4e5b2dd40bc353a37e3a83c0605e2906d36f2ccd07f8ab607786960e3
asrt.5cb5f3bf162f28ba3b0fa30c,purananuru,163,PATRON_OR_ADDRESSEE,SOURCE_EXPLICIT,ADDRESSED_TO,புலவரின் மனைவி,addressee_as_printed,yaml:addressee_as_printed,,,,,high,machine_checked,corpus/purananuru/poems/163.md,1df707c4e5b2dd40bc353a37e3a83c0605e2906d36f2ccd07f8ab607786960e3
asrt.f2ac016c93d8d932d444cb4a,purananuru,163,TINI_VALUE,SOURCE_EXPLICIT,ASSOCIATED_WITH_TINAI,பாடாண்,thinai_as_printed,yaml:thinai_as_printed,,,,,high,machine_checked,corpus/purananuru/poems/163.md,1df707c4e5b2dd40bc353a37e3a83c0605e2906d36f2ccd07f8ab607786960e3
asrt.47ec60719d84a31f79ba60cd,purananuru,163,TURAI_VALUE,SOURCE_EXPLICIT,ASSOCIATED_WITH_TURAI,பரிசில்,thurai,yaml:thurai,,,,,high,machine_checked,corpus/purananuru/poems/163.md,1df707c4e5b2dd40bc353a37e3a83c0605e2906d36f2ccd07f8ab607786960e3
asrt.35c91a8bd3b3803f772f18ac,purananuru,163,SOURCE_CONTEXT_NOTE,SOURCE_EXPLICIT,HAS_PRINTED_TITLE,தமிழ் உள்ளம்!,title_as_printed,yaml:title_as_printed,,,,,high,machine_checked,corpus/purananuru/poems/163.md,1df707c4e5b2dd40bc353a37e3a83c0605e2906d36f2ccd07f8ab607786960e3
asrt.fe407d27159f4a58119d368d,purananuru,163,SOURCE_CONTEXT_NOTE,SOURCE_EXPLICIT,HAS_PRINTED_SOURCE_NOTE,"பாடியவர்: பெருஞ்சித்திரனார்.
பாடப்பட்டோன் : புலவரின் மனைவி.
திணை: பாடாண். துறை: பரிசில்.",source_note,markdown:source-note,,,,,high,machine_checked,corpus/purananuru/poems/163.md,1df707c4e5b2dd40bc353a37e3a83c0605e2906d36f2ccd07f8ab607786960e3
asrt.1bdc6e3598347bc7184bb62c,purananuru,163,TEXTUAL_CONDITION,SOURCE_EXPLICIT,HAS_TEXTUAL_STATUS,complete,textual_status,yaml:textual_status,,,,,high,machine_checked,corpus/purananuru/poems/163.md,1df707c4e5b2dd40bc353a37e3a83c0605e2906d36f2ccd07f8ab607786960e3
asrt.8d75ec0413f19b61e56d1674,purananuru,163,RULER_MENTION,SOURCE_EXPLICIT,MENTIONS_CANDIDATE,குமணன்,canonical_body,markdown:canonical-body,9,9,13,19,medium,human_review_required,corpus/purananuru/poems/163.md,1df707c4e5b2dd40bc353a37e3a83c0605e2906d36f2ccd07f8ab607786960e3
asrt.9fa51aebf885cf0af148b77a,purananuru,164,POET_ATTRIBUTION,SOURCE_EXPLICIT,ATTRIBUTED_TO,பெருந்தலைச் சாத்தனார்,poet_as_printed,yaml:poet_as_printed,,,,,high,machine_checked,corpus/purananuru/poems/164.md,b20c2edf78ee23083f936827efe0eb8eef873584076138e592af8848db4906a0
asrt.58af13ff5a87a9ef09329909,purananuru,164,TINI_VALUE,SOURCE_EXPLICIT,ASSOCIATED_WITH_TINAI,பாடாண்,thinai_as_printed,yaml:thinai_as_printed,,,,,high,machine_checked,corpus/purananuru/poems/164.md,b20c2edf78ee23083f936827efe0eb8eef873584076138e592af8848db4906a0
asrt.e53b6b13b132e51dded9ba8c,purananuru,164,TURAI_VALUE,SOURCE_EXPLICIT,ASSOCIATED_WITH_TURAI,பரிசில் கடாநிலை,thurai,yaml:thurai,,,,,high,machine_checked,corpus/purananuru/poems/164.md,b20c2edf78ee23083f936827efe0eb8eef873584076138e592af8848db4906a0
asrt.34fc5ef38ff220cc23a6a748,purananuru,164,SOURCE_CONTEXT_NOTE,SOURCE_EXPLICIT,HAS_PRINTED_SOURCE_NOTE,"பாடியவர்: பெருந்தலைச் சாத்தனார்.
பாடப் பட்டோன்: குமணன்.
திணை: பாடாண். துறை: பரிசில் கடாநிலை. குறிப்பு: தம்பியால் நாடு
கொள்ளப்பட்டுக் குமணன் காட்டிடத்து மறைந்து வாழ்ந்த காலை, அவனைக் கண்டு-பாடியது. [பரிசில் விரும்பிப் பாடுதலால், பரிசில் கடாநிலை ஆயிற்று. வாகைத் திணையின் பகுதியாகிய, கடைக்கூட்டு நிலைக்கு இளம்பூரணர் எடுத்துக் காட்டுவர் (தொல். புறத்.சூ.30)]",source_note,markdown:source-note,,,,,high,machine_checked,corpus/purananuru/poems/164.md,b20c2edf78ee23083f936827efe0eb8eef873584076138e592af8848db4906a0
asrt.65d221d44b9a48c60526237a,purananuru,164,SOURCE_CONTEXT_NOTE,SOURCE_EXPLICIT,HAS_PRINTED_TITLE,வளைத்தாயினும் கொள்வேன்!,title_as_printed,yaml:title_as_printed,,,,,high,machine_checked,corpus/purananuru/poems/164.md,b20c2edf78ee23083f936827efe0eb8eef873584076138e592af8848db4906a0
asrt.4d978e98702f1ec93cd498f1,purananuru,164,TEXTUAL_CONDITION,SOURCE_EXPLICIT,HAS_TEXTUAL_STATUS,complete,textual_status,yaml:textual_status,,,,,high,machine_checked,corpus/purananuru/poems/164.md,b20c2edf78ee23083f936827efe0eb8eef873584076138e592af8848db4906a0
asrt.2fa4ce033c8e671c7065eece,purananuru,165,POET_ATTRIBUTION,SOURCE_EXPLICIT,ATTRIBUTED_TO,பெருந்தலைச் சாத்தனார்,poet_as_printed,yaml:poet_as_printed,,,,,high,machine_checked,corpus/purananuru/poems/165.md,9c1fcf64effd3c6b9400d176a7f4824af470af8b5a46fe62343b86a6f4e3e3af
asrt.518935b5957cdd785c8bad9b,purananuru,165,PATRON_OR_ADDRESSEE,SOURCE_EXPLICIT,ADDRESSED_TO,குமணன்,addressee_as_printed,yaml:addressee_as_printed,,,,,high,machine_checked,corpus/purananuru/poems/165.md,9c1fcf64effd3c6b9400d176a7f4824af470af8b5a46fe62343b86a6f4e3e3af
asrt.c432713f2717b6fc954575c5,purananuru,165,TINI_VALUE,SOURCE_EXPLICIT,ASSOCIATED_WITH_TINAI,பாடாண்,thinai_as_printed,yaml:thinai_as_printed,,,,,high,machine_checked,corpus/purananuru/poems/165.md,9c1fcf64effd3c6b9400d176a7f4824af470af8b5a46fe62343b86a6f4e3e3af
asrt.677a572c72efeed6c0116f03,purananuru,165,TURAI_VALUE,SOURCE_EXPLICIT,ASSOCIATED_WITH_TURAI,பரிசில் விடை,thurai,yaml:thurai,,,,,high,machine_checked,corpus/purananuru/poems/165.md,9c1fcf64effd3c6b9400d176a7f4824af470af8b5a46fe62343b86a6f4e3e3af
asrt.a5849ab2ac2490a99476bf46,purananuru,165,SOURCE_CONTEXT_NOTE,SOURCE_EXPLICIT,HAS_PRINTED_TITLE,இழத்தலினும் இன்னாது!,title_as_printed,yaml:title_as_printed,,,,,high,machine_checked,corpus/purananuru/poems/165.md,9c1fcf64effd3c6b9400d176a7f4824af470af8b5a46fe62343b86a6f4e3e3af
asrt.2ba434ed4a7a9634d89ffb21,purananuru,165,SOURCE_CONTEXT_NOTE,SOURCE_EXPLICIT,HAS_PRINTED_SOURCE_NOTE,"பாடியவர்: பெருந்தலைச் சாத்தனார்.
பாடப்பட்டோன் : குமணன்.
திணை: பாடாண். துறை: பரிசில் விடை. குறிப்பு: காடு பற்றியிருந்த குமணன்,
புலவர் பரிசில் வேண்டிப் பாடத், தன் தலையைக் கொய்து கொண்டு தம்பியின் கையிற் கொடுத்துப் பொருள் பெற்றுப் போகுமாறு சொல்லித் தன் வாளைக்
கொடுக்கப், பெற்றுப் புலவர் பாடியது.",source_note,markdown:source-note,,,,,high,machine_checked,corpus/purananuru/poems/165.md,9c1fcf64effd3c6b9400d176a7f4824af470af8b5a46fe62343b86a6f4e3e3af
asrt.3f6fb8c8229e894a14c3ca09,purananuru,165,TEXTUAL_CONDITION,SOURCE_EXPLICIT,HAS_TEXTUAL_STATUS,complete,textual_status,yaml:textual_status,,,,,high,machine_checked,corpus/purananuru/poems/165.md,9c1fcf64effd3c6b9400d176a7f4824af470af8b5a46fe62343b86a6f4e3e3af
asrt.027660c3cb547e91d0510f44,purananuru,165,FAUNA_MENTION,SOURCE_EXPLICIT,MENTIONS_CANDIDATE,யானை,canonical_body,markdown:canonical-body,7,7,7,11,medium,human_review_required,corpus/purananuru/poems/165.md,9c1fcf64effd3c6b9400d176a7f4824af470af8b5a46fe62343b86a6f4e3e3af
asrt.a16daa30977b5438808d38bf,purananuru,166,POET_ATTRIBUTION,SOURCE_EXPLICIT,ATTRIBUTED_TO,ஆவூர் மூலங் கிழார்,poet_as_printed,yaml:poet_as_printed,,,,,high,machine_checked,corpus/purananuru/poems/166.md,d90665adcbbb893a928eea83b5b089f211c7b0532e4f275abee31e78590dccfa
asrt.1f98920fd1c23d532f061b37,purananuru,166,PATRON_OR_ADDRESSEE,SOURCE_EXPLICIT,ADDRESSED_TO,சோணாட்டுப் பூஞ்சாற்றூர்ப் பார்ப்பான் கௌணியன் விண்ணந்தாயன்,addressee_as_printed,yaml:addressee_as_printed,,,,,high,machine_checked,corpus/purananuru/poems/166.md,d90665adcbbb893a928eea83b5b089f211c7b0532e4f275abee31e78590dccfa
asrt.e84d5d0d23e810477e115316,purananuru,166,TINI_VALUE,SOURCE_EXPLICIT,ASSOCIATED_WITH_TINAI,வாகை,thinai_as_printed,yaml:thinai_as_printed,,,,,high,machine_checked,corpus/purananuru/poems/166.md,d90665adcbbb893a928eea83b5b089f211c7b0532e4f275abee31e78590dccfa
asrt.7adb784af1cd00a24a53ca55,purananuru,166,TURAI_VALUE,SOURCE_EXPLICIT,ASSOCIATED_WITH_TURAI,பார்பபன வாகை,thurai,yaml:thurai,,,,,high,machine_checked,corpus/purananuru/poems/166.md,d90665adcbbb893a928eea83b5b089f211c7b0532e4f275abee31e78590dccfa
asrt.ee4ab737aca4a2a51d5b0419,purananuru,166,SOURCE_CONTEXT_NOTE,SOURCE_EXPLICIT,HAS_PRINTED_SOURCE_NOTE,"பாடியவர்: ஆவூர் மூலங் கிழார்.
பாடப்பட்டோன் : சோணாட்டுப் பூஞ்சாற்றூர்ப் பார்ப்பான் கௌணியன் விண்ணந்தாயன்.
திணை: வாகை. துறை: பார்பபன வாகை.",source_note,markdown:source-note,,,,,high,machine_checked,corpus/purananuru/poems/166.md,d90665adcbbb893a928eea83b5b089f211c7b0532e4f275abee31e78590dccfa
asrt.d1a282722cb262c5ea153c5e,purananuru,166,SOURCE_CONTEXT_NOTE,SOURCE_EXPLICIT,HAS_PRINTED_TITLE,யாமும் செல்வோம்!,title_as_printed,yaml:title_as_printed,,,,,high,machine_checked,corpus/purananuru/poems/166.md,d90665adcbbb893a928eea83b5b089f211c7b0532e4f275abee31e78590dccfa
asrt.fd4dcb4437a298a7001efaf8,purananuru,166,TEXTUAL_CONDITION,SOURCE_EXPLICIT,HAS_TEXTUAL_STATUS,complete,textual_status,yaml:textual_status,,,,,high,machine_checked,corpus/purananuru/poems/166.md,d90665adcbbb893a928eea83b5b089f211c7b0532e4f275abee31e78590dccfa
asrt.80d08bfb40ae98d4a6782d8e,purananuru,167,POET_ATTRIBUTION,SOURCE_EXPLICIT,ATTRIBUTED_TO,கோனாட்டு எறிச்சிலூர் மாடலன் மதுரைக் குமரனார்,poet_as_printed,yaml:poet_as_printed,,,,,high,machine_checked,corpus/purananuru/poems/167.md,6692ab9e7997a1b20fe3ea7167d3c18115aa3d8001aa00aaf0dbbaa067186732
asrt.ae6a23564c9bbc1912bae609,purananuru,167,PATRON_OR_ADDRESSEE,SOURCE_EXPLICIT,ADDRESSED_TO,சோழன் கடுமான் கிள்ளி,addressee_as_printed,yaml:addressee_as_printed,,,,,high,machine_checked,corpus/purananuru/poems/167.md,6692ab9e7997a1b20fe3ea7167d3c18115aa3d8001aa00aaf0dbbaa067186732
asrt.afed3bf095c56399b3fc8ee7,purananuru,167,TINI_VALUE,SOURCE_EXPLICIT,ASSOCIATED_WITH_TINAI,வாகை,thinai_as_printed,yaml:thinai_as_printed,,,,,high,machine_checked,corpus/purananuru/poems/167.md,6692ab9e7997a1b20fe3ea7167d3c18115aa3d8001aa00aaf0dbbaa067186732
asrt.6b6e49fca5ba45d8fa857c8c,purananuru,167,TURAI_VALUE,SOURCE_EXPLICIT,ASSOCIATED_WITH_TURAI,அரச வாகை,thurai,yaml:thurai,,,,,high,machine_checked,corpus/purananuru/poems/167.md,6692ab9e7997a1b20fe3ea7167d3c18115aa3d8001aa00aaf0dbbaa067186732
asrt.30fd97d9aa485f53c5f3087c,purananuru,167,SOURCE_CONTEXT_NOTE,SOURCE_EXPLICIT,HAS_PRINTED_TITLE,ஒவ்வொருவரும் இனியர்!,title_as_printed,yaml:title_as_printed,,,,,high,machine_checked,corpus/purananuru/poems/167.md,6692ab9e7997a1b20fe3ea7167d3c18115aa3d8001aa00aaf0dbbaa067186732
asrt.053926b4c9a8388def2c0cea,purananuru,167,SOURCE_CONTEXT_NOTE,SOURCE_EXPLICIT,HAS_PRINTED_SOURCE_NOTE,"பாடியவர்: கோனாட்டு எறிச்சிலூர் மாடலன் மதுரைக் குமரனார்.
பாடப்பட்டோன் : சோழன் கடுமான் கிள்ளி.
திணை: வாகை. துறை: அரச வாகை.",source_note,markdown:source-note,,,,,high,machine_checked,corpus/purananuru/poems/167.md,6692ab9e7997a1b20fe3ea7167d3c18115aa3d8001aa00aaf0dbbaa067186732
asrt.760db951d7deb7d4f6041cae,purananuru,167,TEXTUAL_CONDITION,SOURCE_EXPLICIT,HAS_TEXTUAL_STATUS,complete,textual_status,yaml:textual_status,,,,,high,machine_checked,corpus/purananuru/poems/167.md,6692ab9e7997a1b20fe3ea7167d3c18115aa3d8001aa00aaf0dbbaa067186732
asrt.118dc33d9564a19800c184ae,purananuru,167,WARFARE_MENTION,SOURCE_EXPLICIT,MENTIONS_CANDIDATE,படை,canonical_body,markdown:canonical-body,2,2,0,3,medium,human_review_required,corpus/purananuru/poems/167.md,6692ab9e7997a1b20fe3ea7167d3c18115aa3d8001aa00aaf0dbbaa067186732
asrt.f4ce2df703b299247c27e0e1,purananuru,168,POET_ATTRIBUTION,SOURCE_EXPLICIT,ATTRIBUTED_TO,கருவூர்க் கந்தப்பிள்ளைச் சாத்தனார்,poet_as_printed,yaml:poet_as_printed,,,,,high,machine_checked,corpus/purananuru/poems/168.md,939b9345ee6b539d5fe52f6e1fb69b15e7ce45769ce1b8ac991d6f26d2df116b
asrt.fdefde9654f7a7ceb8b47a4e,purananuru,168,PATRON_OR_ADDRESSEE,SOURCE_EXPLICIT,ADDRESSED_TO,பிட்டங் கொற்றன்,addressee_as_printed,yaml:addressee_as_printed,,,,,high,machine_checked,corpus/purananuru/poems/168.md,939b9345ee6b539d5fe52f6e1fb69b15e7ce45769ce1b8ac991d6f26d2df116b
asrt.be26078a71e653a2b8bdbf51,purananuru,168,TINI_VALUE,SOURCE_EXPLICIT,ASSOCIATED_WITH_TINAI,பாடாண்,thinai_as_printed,yaml:thinai_as_printed,,,,,high,machine_checked,corpus/purananuru/poems/168.md,939b9345ee6b539d5fe52f6e1fb69b15e7ce45769ce1b8ac991d6f26d2df116b
asrt.cacbe07ab3c3e35ce64f3d08,purananuru,168,TURAI_VALUE,SOURCE_EXPLICIT,ASSOCIATED_WITH_TURAI,பரிசில் துறை,thurai,yaml:thurai,,,,,high,machine_checked,corpus/purananuru/poems/168.md,939b9345ee6b539d5fe52f6e1fb69b15e7ce45769ce1b8ac991d6f26d2df116b
asrt.37b1982b2b6957ada292e891,purananuru,168,SOURCE_CONTEXT_NOTE,SOURCE_EXPLICIT,HAS_PRINTED_TITLE,கேழல் உழுத புழுதி!,title_as_printed,yaml:title_as_printed,,,,,high,machine_checked,corpus/purananuru/poems/168.md,939b9345ee6b539d5fe52f6e1fb69b15e7ce45769ce1b8ac991d6f26d2df116b
asrt.cd1f364aa56fdf60524df4a0,purananuru,168,SOURCE_CONTEXT_NOTE,SOURCE_EXPLICIT,HAS_PRINTED_SOURCE_NOTE,"பாடியவர்: கருவூர்க் கந்தப்பிள்ளைச் சாத்தனார்.
பாடப்பட்டோன் : பிட்டங் கொற்றன்.
திணை: பாடாண். துறை: பரிசில் துறை; இயன்மொழியும், அரச வாகையும் ஆம்.",source_note,markdown:source-note,,,,,high,machine_checked,corpus/purananuru/poems/168.md,939b9345ee6b539d5fe52f6e1fb69b15e7ce45769ce1b8ac991d6f26d2df116b
asrt.cef5269d48579d58906af574,purananuru,168,TEXTUAL_CONDITION,SOURCE_EXPLICIT,HAS_TEXTUAL_STATUS,complete,textual_status,yaml:textual_status,,,,,high,machine_checked,corpus/purananuru/poems/168.md,939b9345ee6b539d5fe52f6e1fb69b15e7ce45769ce1b8ac991d6f26d2df116b
asrt.e6b2fa7a1a07ce482b2d3a62,purananuru,169,POET_ATTRIBUTION,SOURCE_EXPLICIT,ATTRIBUTED_TO,காவிரிபூம் பட்டினத்துக் காரிக்கண்ணனார்,poet_as_printed,yaml:poet_as_printed,,,,,high,machine_checked,corpus/purananuru/poems/169.md,07b4660e8c4d4decc2e719f18d32cfece39bbbe9587b51ccb70df18c30159767
asrt.08d26bbbe2f18da0b399f917,purananuru,169,PATRON_OR_ADDRESSEE,SOURCE_EXPLICIT,ADDRESSED_TO,பிட்டங்கொற்றன்,addressee_as_printed,yaml:addressee_as_printed,,,,,high,machine_checked,corpus/purananuru/poems/169.md,07b4660e8c4d4decc2e719f18d32cfece39bbbe9587b51ccb70df18c30159767
asrt.e636cc59ddc18c01bf74982f,purananuru,169,TINI_VALUE,SOURCE_EXPLICIT,ASSOCIATED_WITH_TINAI,பாடாண்,thinai_as_printed,yaml:thinai_as_printed,,,,,high,machine_checked,corpus/purananuru/poems/169.md,07b4660e8c4d4decc2e719f18d32cfece39bbbe9587b51ccb70df18c30159767
asrt.e12d744bff3e2870562ca4d8,purananuru,169,TURAI_VALUE,SOURCE_EXPLICIT,ASSOCIATED_WITH_TURAI,பரிசில் கடாநிலை,thurai,yaml:thurai,,,,,high,machine_checked,corpus/purananuru/poems/169.md,07b4660e8c4d4decc2e719f18d32cfece39bbbe9587b51ccb70df18c30159767
asrt.9c68462e8262f7f699bb08e4,purananuru,169,SOURCE_CONTEXT_NOTE,SOURCE_EXPLICIT,HAS_PRINTED_TITLE,தருக பெருமானே!,title_as_printed,yaml:title_as_printed,,,,,high,machine_checked,corpus/purananuru/poems/169.md,07b4660e8c4d4decc2e719f18d32cfece39bbbe9587b51ccb70df18c30159767
asrt.d19533a79c4dbb9a2b9c463b,purananuru,169,SOURCE_CONTEXT_NOTE,SOURCE_EXPLICIT,HAS_PRINTED_SOURCE_NOTE,"பாடியவர்: காவிரிபூம் பட்டினத்துக் காரிக்கண்ணனார்.
பாடப்பட்டோன் : பிட்டங்கொற்றன்.
திணை: பாடாண். துறை: பரிசில் கடாநிலை.
(பரிசில் வேட்டுப் பாடுதலால் பரிசில் கடாநிலை ஆயிற்று.
அரசனின் வென்றிச் சிறப்பைப் போற்றியதும் காண்க.)",source_note,markdown:source-note,,,,,high,machine_checked,corpus/purananuru/poems/169.md,07b4660e8c4d4decc2e719f18d32cfece39bbbe9587b51ccb70df18c30159767
asrt.24316ad5f6e87cc0cdf4bf40,purananuru,169,TEXTUAL_CONDITION,SOURCE_EXPLICIT,HAS_TEXTUAL_STATUS,complete,textual_status,yaml:textual_status,,,,,high,machine_checked,corpus/purananuru/poems/169.md,07b4660e8c4d4decc2e719f18d32cfece39bbbe9587b51ccb70df18c30159767
asrt.9bb9b72c84a92e93e3865403,purananuru,169,MOUNTAIN_OR_HILL_MENTION,SOURCE_EXPLICIT,MENTIONS_CANDIDATE,குன்று,canonical_body,markdown:canonical-body,5,5,0,6,medium,human_review_required,corpus/purananuru/poems/169.md,07b4660e8c4d4decc2e719f18d32cfece39bbbe9587b51ccb70df18c30159767
asrt.1470a66a909cb37899d21d74,purananuru,169,GIFT_MENTION,SOURCE_EXPLICIT,MENTIONS_CANDIDATE,பரிசில்,canonical_body,markdown:canonical-body,8,8,14,21,medium,human_review_required,corpus/purananuru/poems/169.md,07b4660e8c4d4decc2e719f18d32cfece39bbbe9587b51ccb70df18c30159767
asrt.65f63961e798f4aae84823ef,purananuru,170,POET_ATTRIBUTION,SOURCE_EXPLICIT,ATTRIBUTED_TO,உறையூர் மருத்துவன் தாமோதரனார்,poet_as_printed,yaml:poet_as_printed,,,,,high,machine_checked,corpus/purananuru/poems/170.md,fcf5523cbd813363df0513da443987fd9eb55803ad12ddbe6c201f17009a52ad
asrt.9e91e0960796e4be6cc09e04,purananuru,170,PATRON_OR_ADDRESSEE,SOURCE_EXPLICIT,ADDRESSED_TO,பிட்டங்கொற்றன்,addressee_as_printed,yaml:addressee_as_printed,,,,,high,machine_checked,corpus/purananuru/poems/170.md,fcf5523cbd813363df0513da443987fd9eb55803ad12ddbe6c201f17009a52ad
asrt.0f2a2c1e2af79069183d7034,purananuru,170,TINI_VALUE,SOURCE_EXPLICIT,ASSOCIATED_WITH_TINAI,வாகை,thinai_as_printed,yaml:thinai_as_printed,,,,,high,machine_checked,corpus/purananuru/poems/170.md,fcf5523cbd813363df0513da443987fd9eb55803ad12ddbe6c201f17009a52ad
asrt.c30d876017d77eb3a9d42011,purananuru,170,TURAI_VALUE,SOURCE_EXPLICIT,ASSOCIATED_WITH_TURAI,வல்லாண் முல்லை,thurai,yaml:thurai,,,,,high,machine_checked,corpus/purananuru/poems/170.md,fcf5523cbd813363df0513da443987fd9eb55803ad12ddbe6c201f17009a52ad
asrt.30f90810556f879388c9bcc5,purananuru,170,SOURCE_CONTEXT_NOTE,SOURCE_EXPLICIT,HAS_PRINTED_TITLE,உலைக்கல்லன்ன வல்லாளன்!,title_as_printed,yaml:title_as_printed,,,,,high,machine_checked,corpus/purananuru/poems/170.md,fcf5523cbd813363df0513da443987fd9eb55803ad12ddbe6c201f17009a52ad
asrt.949d090a84e3da93cf533805,purananuru,170,SOURCE_CONTEXT_NOTE,SOURCE_EXPLICIT,HAS_PRINTED_SOURCE_NOTE,"பாடியவர்: உறையூர் மருத்துவன் தாமோதரனார்.
பாடப்பட்டோன் : பிட்டங்கொற்றன்.
திணை: வாகை. துறை: வல்லாண் முல்லை; தானை மறமும் ஆம்.",source_note,markdown:source-note,,,,,high,machine_checked,corpus/purananuru/poems/170.md,fcf5523cbd813363df0513da443987fd9eb55803ad12ddbe6c201f17009a52ad
asrt.a1480db336315574f012292a,purananuru,170,TEXTUAL_CONDITION,SOURCE_EXPLICIT,HAS_TEXTUAL_STATUS,complete,textual_status,yaml:textual_status,,,,,high,machine_checked,corpus/purananuru/poems/170.md,fcf5523cbd813363df0513da443987fd9eb55803ad12ddbe6c201f17009a52ad
asrt.4787688b4f9cdc6383f70e15,purananuru,170,FAUNA_MENTION,SOURCE_EXPLICIT,MENTIONS_CANDIDATE,யானை,canonical_body,markdown:canonical-body,10,10,8,12,medium,human_review_required,corpus/purananuru/poems/170.md,fcf5523cbd813363df0513da443987fd9eb55803ad12ddbe6c201f17009a52ad
asrt.87aea8d46b947988a0ed3f84,purananuru,171,POET_ATTRIBUTION,SOURCE_EXPLICIT,ATTRIBUTED_TO,காவிரிப்பூம் பட்டினத்துக் காரிக்கண்ணனார்,poet_as_printed,yaml:poet_as_printed,,,,,high,machine_checked,corpus/purananuru/poems/171.md,149e5e5094cdc32e4265f143d1624aea1af5f3e9c838bb4e9358be59790e6ab3
asrt.1516ce609f7a468e025ee783,purananuru,171,PATRON_OR_ADDRESSEE,SOURCE_EXPLICIT,ADDRESSED_TO,பிட்டங்கொற்றன்,addressee_as_printed,yaml:addressee_as_printed,,,,,high,machine_checked,corpus/purananuru/poems/171.md,149e5e5094cdc32e4265f143d1624aea1af5f3e9c838bb4e9358be59790e6ab3
asrt.3084c50dbd5d1a32863ef2c0,purananuru,171,TINI_VALUE,SOURCE_EXPLICIT,ASSOCIATED_WITH_TINAI,பாடாண்,thinai_as_printed,yaml:thinai_as_printed,,,,,high,machine_checked,corpus/purananuru/poems/171.md,149e5e5094cdc32e4265f143d1624aea1af5f3e9c838bb4e9358be59790e6ab3
asrt.433758736cc7c74de63da8a3,purananuru,171,TURAI_VALUE,SOURCE_EXPLICIT,ASSOCIATED_WITH_TURAI,இயன்மொழி,thurai,yaml:thurai,,,,,high,machine_checked,corpus/purananuru/poems/171.md,149e5e5094cdc32e4265f143d1624aea1af5f3e9c838bb4e9358be59790e6ab3
asrt.bc9594e1de5d5ed6ddf2741a,purananuru,171,SOURCE_CONTEXT_NOTE,SOURCE_EXPLICIT,HAS_PRINTED_SOURCE_NOTE,"பாடியவர்: காவிரிப்பூம் பட்டினத்துக் காரிக்கண்ணனார்.
பாடப்பட்டோன் : பிட்டங்கொற்றன்.
திணை: பாடாண். துறை: இயன்மொழி.
சிறப்பு: 'ஈவோர் அரிய இவ்வுலகத்து வாழ்வோர் வாழ அவன் தாள் வாழியவே' என்னும் வாழ்த்தில், உலகின் தன்மையைக் காணலாம்.",source_note,markdown:source-note,,,,,high,machine_checked,corpus/purananuru/poems/171.md,149e5e5094cdc32e4265f143d1624aea1af5f3e9c838bb4e9358be59790e6ab3
asrt.2535199828c7cd7c2f2b5998,purananuru,171,SOURCE_CONTEXT_NOTE,SOURCE_EXPLICIT,HAS_PRINTED_TITLE,வாழ்க திருவடிகள்!,title_as_printed,yaml:title_as_printed,,,,,high,machine_checked,corpus/purananuru/poems/171.md,149e5e5094cdc32e4265f143d1624aea1af5f3e9c838bb4e9358be59790e6ab3
asrt.30a9e2a3ad52a850c1f065d6,purananuru,171,TEXTUAL_CONDITION,SOURCE_EXPLICIT,HAS_TEXTUAL_STATUS,complete,textual_status,yaml:textual_status,,,,,high,machine_checked,corpus/purananuru/poems/171.md,149e5e5094cdc32e4265f143d1624aea1af5f3e9c838bb4e9358be59790e6ab3
asrt.b42a22ea1b164e8cbb6e5f45,purananuru,172,POET_ATTRIBUTION,SOURCE_EXPLICIT,ATTRIBUTED_TO,வடமண்ணக்கன் தாமோதரனார்,poet_as_printed,yaml:poet_as_printed,,,,,high,machine_checked,corpus/purananuru/poems/172.md,46b991a67ed73a1f36867e92c7ed649a10605e5706ec8fe2debf054723af1a86
asrt.b0d09f17e90b9e785d24812c,purananuru,172,PATRON_OR_ADDRESSEE,SOURCE_EXPLICIT,ADDRESSED_TO,பிட்டங்கொற்றன்,addressee_as_printed,yaml:addressee_as_printed,,,,,high,machine_checked,corpus/purananuru/poems/172.md,46b991a67ed73a1f36867e92c7ed649a10605e5706ec8fe2debf054723af1a86
asrt.8fa7b2f3bf34d197aa7b6841,purananuru,172,TINI_VALUE,SOURCE_EXPLICIT,ASSOCIATED_WITH_TINAI,பாடாண்,thinai_as_printed,yaml:thinai_as_printed,,,,,high,machine_checked,corpus/purananuru/poems/172.md,46b991a67ed73a1f36867e92c7ed649a10605e5706ec8fe2debf054723af1a86
asrt.79e6e2af880aa2b087a446ff,purananuru,172,TURAI_VALUE,SOURCE_EXPLICIT,ASSOCIATED_WITH_TURAI,இயன்மொழி,thurai,yaml:thurai,,,,,high,machine_checked,corpus/purananuru/poems/172.md,46b991a67ed73a1f36867e92c7ed649a10605e5706ec8fe2debf054723af1a86
asrt.b248a1f2f8a396f9802bbc67,purananuru,172,SOURCE_CONTEXT_NOTE,SOURCE_EXPLICIT,HAS_PRINTED_TITLE,பகைவரும் வாழ்க!,title_as_printed,yaml:title_as_printed,,,,,high,machine_checked,corpus/purananuru/poems/172.md,46b991a67ed73a1f36867e92c7ed649a10605e5706ec8fe2debf054723af1a86
asrt.abb2ddc1ac9e866bba193c37,purananuru,172,SOURCE_CONTEXT_NOTE,SOURCE_EXPLICIT,HAS_PRINTED_SOURCE_NOTE,"பாடியவர்: வடமண்ணக்கன் தாமோதரனார்.
பாடப்பட்டோன் : பிட்டங்கொற்றன்.
திணை: பாடாண். துறை: இயன்மொழி.",source_note,markdown:source-note,,,,,high,machine_checked,corpus/purananuru/poems/172.md,46b991a67ed73a1f36867e92c7ed649a10605e5706ec8fe2debf054723af1a86
asrt.59c5d11abed9bbed65630387,purananuru,172,TEXTUAL_CONDITION,SOURCE_EXPLICIT,HAS_TEXTUAL_STATUS,complete,textual_status,yaml:textual_status,,,,,high,machine_checked,corpus/purananuru/poems/172.md,46b991a67ed73a1f36867e92c7ed649a10605e5706ec8fe2debf054723af1a86
asrt.37d78c0e343d954b942c6705,purananuru,173,POET_ATTRIBUTION,SOURCE_EXPLICIT,ATTRIBUTED_TO,சோழன் குளமுற்றத்துத் துஞ்சிய கிள்ளி வளவன்,poet_as_printed,yaml:poet_as_printed,,,,,high,machine_checked,corpus/purananuru/poems/173.md,ff65a9a97f67cd79b1d21bb16f34ab85999d6cddf1841fb264e63287afb2de3e
asrt.d6c68980b961d903066399d0,purananuru,173,PATRON_OR_ADDRESSEE,SOURCE_EXPLICIT,ADDRESSED_TO,சிறுகுடி கிழான் பண்ணன்,addressee_as_printed,yaml:addressee_as_printed,,,,,high,machine_checked,corpus/purananuru/poems/173.md,ff65a9a97f67cd79b1d21bb16f34ab85999d6cddf1841fb264e63287afb2de3e
asrt.46ad3bc75853f5c13daa139e,purananuru,173,TINI_VALUE,SOURCE_EXPLICIT,ASSOCIATED_WITH_TINAI,பாடாண்,thinai_as_printed,yaml:thinai_as_printed,,,,,high,machine_checked,corpus/purananuru/poems/173.md,ff65a9a97f67cd79b1d21bb16f34ab85999d6cddf1841fb264e63287afb2de3e
asrt.c7a751f288df1096504b944e,purananuru,173,TURAI_VALUE,SOURCE_EXPLICIT,ASSOCIATED_WITH_TURAI,இயன்மொழி,thurai,yaml:thurai,,,,,high,machine_checked,corpus/purananuru/poems/173.md,ff65a9a97f67cd79b1d21bb16f34ab85999d6cddf1841fb264e63287afb2de3e
asrt.4bef7c17fa630fef0ac175a6,purananuru,173,SOURCE_CONTEXT_NOTE,SOURCE_EXPLICIT,HAS_PRINTED_SOURCE_NOTE,"பாடியவர்: சோழன் குளமுற்றத்துத் துஞ்சிய கிள்ளி வளவன்.
பாடப்பட்டோன்: சிறுகுடி கிழான் பண்ணன்.
திணை: பாடாண். துறை: இயன்மொழி.",source_note,markdown:source-note,,,,,high,machine_checked,corpus/purananuru/poems/173.md,ff65a9a97f67cd79b1d21bb16f34ab85999d6cddf1841fb264e63287afb2de3e
asrt.c2d81f50c881a2b231472860,purananuru,173,SOURCE_CONTEXT_NOTE,SOURCE_EXPLICIT,HAS_PRINTED_TITLE,யான் வாழுநாள் வாழிய!,title_as_printed,yaml:title_as_printed,,,,,high,machine_checked,corpus/purananuru/poems/173.md,ff65a9a97f67cd79b1d21bb16f34ab85999d6cddf1841fb264e63287afb2de3e
asrt.0d714f35e233993591b54239,purananuru,173,TEXTUAL_CONDITION,SOURCE_EXPLICIT,HAS_TEXTUAL_STATUS,complete,textual_status,yaml:textual_status,,,,,high,machine_checked,corpus/purananuru/poems/173.md,ff65a9a97f67cd79b1d21bb16f34ab85999d6cddf1841fb264e63287afb2de3e
asrt.a155d0ea7c17496f3b27d568,purananuru,173,COMMUNITY_MENTION,SOURCE_EXPLICIT,MENTIONS_CANDIDATE,பாணர்,canonical_body,markdown:canonical-body,2,2,0,5,medium,human_review_required,corpus/purananuru/poems/173.md,ff65a9a97f67cd79b1d21bb16f34ab85999d6cddf1841fb264e63287afb2de3e
asrt.47ec6f49e538d1057a67f45c,purananuru,174,POET_ATTRIBUTION,SOURCE_EXPLICIT,ATTRIBUTED_TO,மாறோக்கத்து நப்பசலையார்,poet_as_printed,yaml:poet_as_printed,,,,,high,machine_checked,corpus/purananuru/poems/174.md,57fa2fb8beb661a8a7f6a250b21670376ba39afc89479640e0799e6af4232222
asrt.3ee1bfb10ac6a9bc180f45f6,purananuru,174,PATRON_OR_ADDRESSEE,SOURCE_EXPLICIT,ADDRESSED_TO,மலையமான் சோழிய வேனாதி திருக்கண்ணன்,addressee_as_printed,yaml:addressee_as_printed,,,,,high,machine_checked,corpus/purananuru/poems/174.md,57fa2fb8beb661a8a7f6a250b21670376ba39afc89479640e0799e6af4232222
asrt.310718e22b08b42fd3c36274,purananuru,174,TURAI_VALUE,SOURCE_EXPLICIT,ASSOCIATED_WITH_TURAI,அரச வாகை,thurai,yaml:thurai,,,,,high,machine_checked,corpus/purananuru/poems/174.md,57fa2fb8beb661a8a7f6a250b21670376ba39afc89479640e0799e6af4232222
asrt.d50c8f4a8d65fc665a9ec8f4,purananuru,174,SOURCE_CONTEXT_NOTE,SOURCE_EXPLICIT,HAS_PRINTED_TITLE,அவலம் தீரத் தோன்றினாய்!,title_as_printed,yaml:title_as_printed,,,,,high,machine_checked,corpus/purananuru/poems/174.md,57fa2fb8beb661a8a7f6a250b21670376ba39afc89479640e0799e6af4232222
asrt.51bb176cfaa4ce00a908d699,purananuru,174,SOURCE_CONTEXT_NOTE,SOURCE_EXPLICIT,HAS_PRINTED_SOURCE_NOTE,"பாடியவர்: மாறோக்கத்து நப்பசலையார்.
பாடப்பட்டோன் : மலையமான் சோழிய வேனாதி திருக்கண்ணன்.
ணை: வாகை. துறை: அரச வாகை.",source_note,markdown:source-note,,,,,high,machine_checked,corpus/purananuru/poems/174.md,57fa2fb8beb661a8a7f6a250b21670376ba39afc89479640e0799e6af4232222
asrt.42e94f5bfb5be18b0845b2d9,purananuru,174,TEXTUAL_CONDITION,SOURCE_EXPLICIT,HAS_TEXTUAL_STATUS,complete,textual_status,yaml:textual_status,,,,,high,machine_checked,corpus/purananuru/poems/174.md,57fa2fb8beb661a8a7f6a250b21670376ba39afc89479640e0799e6af4232222
asrt.0ae186438be74a0734316dae,purananuru,174,COMMUNITY_MENTION,SOURCE_EXPLICIT,MENTIONS_CANDIDATE,மறவர்,canonical_body,markdown:canonical-body,12,12,12,17,medium,human_review_required,corpus/purananuru/poems/174.md,57fa2fb8beb661a8a7f6a250b21670376ba39afc89479640e0799e6af4232222
asrt.ef3f34989a35dce49c00c37b,purananuru,175,POET_ATTRIBUTION,SOURCE_EXPLICIT,ATTRIBUTED_TO,கள்ளில் ஆத்திரையனார்,poet_as_printed,yaml:poet_as_printed,,,,,high,machine_checked,corpus/purananuru/poems/175.md,d286ed6e3f9e8be1049637c325d7704de73cd05eaafa44fb9339f47ada015ca3
asrt.e05e3b4cc09add0461237cc6,purananuru,175,PATRON_OR_ADDRESSEE,SOURCE_EXPLICIT,ADDRESSED_TO,ஆதனுங்கன்,addressee_as_printed,yaml:addressee_as_printed,,,,,high,machine_checked,corpus/purananuru/poems/175.md,d286ed6e3f9e8be1049637c325d7704de73cd05eaafa44fb9339f47ada015ca3
asrt.d336b2d8eb673493d6f972d7,purananuru,175,TINI_VALUE,SOURCE_EXPLICIT,ASSOCIATED_WITH_TINAI,பாடாண்,thinai_as_printed,yaml:thinai_as_printed,,,,,high,machine_checked,corpus/purananuru/poems/175.md,d286ed6e3f9e8be1049637c325d7704de73cd05eaafa44fb9339f47ada015ca3
asrt.867321a7f78b05fa0be20304,purananuru,175,TURAI_VALUE,SOURCE_EXPLICIT,ASSOCIATED_WITH_TURAI,இயன்மொழி,thurai,yaml:thurai,,,,,high,machine_checked,corpus/purananuru/poems/175.md,d286ed6e3f9e8be1049637c325d7704de73cd05eaafa44fb9339f47ada015ca3
asrt.d3598f632b839b9b2349bce0,purananuru,175,SOURCE_CONTEXT_NOTE,SOURCE_EXPLICIT,HAS_PRINTED_TITLE,என் நெஞ்சில் நினைக் காண்பார்!,title_as_printed,yaml:title_as_printed,,,,,high,machine_checked,corpus/purananuru/poems/175.md,d286ed6e3f9e8be1049637c325d7704de73cd05eaafa44fb9339f47ada015ca3
asrt.a4112d84ac190c0eabed3531,purananuru,175,SOURCE_CONTEXT_NOTE,SOURCE_EXPLICIT,HAS_PRINTED_SOURCE_NOTE,"பாடியவர்: கள்ளில் ஆத்திரையனார்.
பாடப்பட்டோன் : ஆதனுங்கன்.
திணை: பாடாண். துறை: இயன்மொழி.",source_note,markdown:source-note,,,,,high,machine_checked,corpus/purananuru/poems/175.md,d286ed6e3f9e8be1049637c325d7704de73cd05eaafa44fb9339f47ada015ca3
asrt.93e6fa6f99a8d80412986f7f,purananuru,175,TEXTUAL_CONDITION,SOURCE_EXPLICIT,HAS_TEXTUAL_STATUS,complete,textual_status,yaml:textual_status,,,,,high,machine_checked,corpus/purananuru/poems/175.md,d286ed6e3f9e8be1049637c325d7704de73cd05eaafa44fb9339f47ada015ca3
asrt.9aa0ff0dfaa563d63d3a299e,purananuru,176,POET_ATTRIBUTION,SOURCE_EXPLICIT,ATTRIBUTED_TO,புறத்திணை நன்னாகனார்,poet_as_printed,yaml:poet_as_printed,,,,,high,machine_checked,corpus/purananuru/poems/176.md,b4e9d71107a02b988079d663eff44b000b60238910a7b924db2d3fb2b064d4b1
asrt.023e473f4a879eebb8250630,purananuru,176,PATRON_OR_ADDRESSEE,SOURCE_EXPLICIT,ADDRESSED_TO,ஓய்மான் நல்லியக் கோடான்,addressee_as_printed,yaml:addressee_as_printed,,,,,high,machine_checked,corpus/purananuru/poems/176.md,b4e9d71107a02b988079d663eff44b000b60238910a7b924db2d3fb2b064d4b1
asrt.578e0589b4b3e9b8556735d8,purananuru,176,TINI_VALUE,SOURCE_EXPLICIT,ASSOCIATED_WITH_TINAI,பாடாண்,thinai_as_printed,yaml:thinai_as_printed,,,,,high,machine_checked,corpus/purananuru/poems/176.md,b4e9d71107a02b988079d663eff44b000b60238910a7b924db2d3fb2b064d4b1
asrt.095c42623ffde992aedc4169,purananuru,176,TURAI_VALUE,SOURCE_EXPLICIT,ASSOCIATED_WITH_TURAI,இயன்மொழி,thurai,yaml:thurai,,,,,high,machine_checked,corpus/purananuru/poems/176.md,b4e9d71107a02b988079d663eff44b000b60238910a7b924db2d3fb2b064d4b1
asrt.b3a9d7cb7e280fec4e30bbad,purananuru,176,SOURCE_CONTEXT_NOTE,SOURCE_EXPLICIT,HAS_PRINTED_TITLE,சாயல் நினைந்தே இரங்கும்!,title_as_printed,yaml:title_as_printed,,,,,high,machine_checked,corpus/purananuru/poems/176.md,b4e9d71107a02b988079d663eff44b000b60238910a7b924db2d3fb2b064d4b1
asrt.29fea9c4eebd02ff9836519b,purananuru,176,SOURCE_CONTEXT_NOTE,SOURCE_EXPLICIT,HAS_PRINTED_SOURCE_NOTE,"பாடியவர்: புறத்திணை நன்னாகனார்.
பாடப்பட்டோன் : ஓய்மான் நல்லியக் கோடான்.
திணை: பாடாண். துறை: இயன்மொழி.",source_note,markdown:source-note,,,,,high,machine_checked,corpus/purananuru/poems/176.md,b4e9d71107a02b988079d663eff44b000b60238910a7b924db2d3fb2b064d4b1
asrt.b87a95428edaae214269ce96,purananuru,176,TEXTUAL_CONDITION,SOURCE_EXPLICIT,HAS_TEXTUAL_STATUS,complete,textual_status,yaml:textual_status,,,,,high,machine_checked,corpus/purananuru/poems/176.md,b4e9d71107a02b988079d663eff44b000b60238910a7b924db2d3fb2b064d4b1
asrt.e32b25e5b964f94284a77636,purananuru,177,POET_ATTRIBUTION,SOURCE_EXPLICIT,ATTRIBUTED_TO,ஆவூர் மூலங்கிழார்,poet_as_printed,yaml:poet_as_printed,,,,,high,machine_checked,corpus/purananuru/poems/177.md,63cbb120543c7ed5d05c9101584733dd4fccf073a6afb0a83d365d24589637f6
asrt.bbece6e0af47d88e7d823e3f,purananuru,177,PATRON_OR_ADDRESSEE,SOURCE_EXPLICIT,ADDRESSED_TO,மல்லி கிழான் காரியாதி,addressee_as_printed,yaml:addressee_as_printed,,,,,high,machine_checked,corpus/purananuru/poems/177.md,63cbb120543c7ed5d05c9101584733dd4fccf073a6afb0a83d365d24589637f6
asrt.ea56cc9d6f8e2cff173a6004,purananuru,177,TINI_VALUE,SOURCE_EXPLICIT,ASSOCIATED_WITH_TINAI,பாடாண்,thinai_as_printed,yaml:thinai_as_printed,,,,,high,machine_checked,corpus/purananuru/poems/177.md,63cbb120543c7ed5d05c9101584733dd4fccf073a6afb0a83d365d24589637f6
asrt.2d6444e0e3bf4516f28960d3,purananuru,177,TURAI_VALUE,SOURCE_EXPLICIT,ASSOCIATED_WITH_TURAI,இயன்மொழி,thurai,yaml:thurai,,,,,high,machine_checked,corpus/purananuru/poems/177.md,63cbb120543c7ed5d05c9101584733dd4fccf073a6afb0a83d365d24589637f6
asrt.356a2fe3c77cc76a5ab79ed6,purananuru,177,SOURCE_CONTEXT_NOTE,SOURCE_EXPLICIT,HAS_PRINTED_SOURCE_NOTE,"பாடியவர்: ஆவூர் மூலங்கிழார்.
பாடப்பட்டோன்: மல்லி கிழான் காரியாதி.
திணை: பாடாண். துறை: இயன்மொழி. (வந்தார்க்கு மான் கறியும் சோறும்
வாரி வழங்கிய கொடையியல்பைப் பாடுகின்றார் புலவர்.)",source_note,markdown:source-note,,,,,high,machine_checked,corpus/purananuru/poems/177.md,63cbb120543c7ed5d05c9101584733dd4fccf073a6afb0a83d365d24589637f6
asrt.a25e95394b82d5328cfeae5e,purananuru,177,SOURCE_CONTEXT_NOTE,SOURCE_EXPLICIT,HAS_PRINTED_TITLE,யானையும் பனங்குடையும்!,title_as_printed,yaml:title_as_printed,,,,,high,machine_checked,corpus/purananuru/poems/177.md,63cbb120543c7ed5d05c9101584733dd4fccf073a6afb0a83d365d24589637f6
asrt.31f99d9ad7bb67a10e57213c,purananuru,177,TEXTUAL_CONDITION,SOURCE_EXPLICIT,HAS_TEXTUAL_STATUS,complete,textual_status,yaml:textual_status,,,,,high,machine_checked,corpus/purananuru/poems/177.md,63cbb120543c7ed5d05c9101584733dd4fccf073a6afb0a83d365d24589637f6
asrt.98f9f6c90d6fba0348e12afc,purananuru,177,FAUNA_MENTION,SOURCE_EXPLICIT,MENTIONS_CANDIDATE,யானை,canonical_body,markdown:canonical-body,3,3,21,25,medium,human_review_required,corpus/purananuru/poems/177.md,63cbb120543c7ed5d05c9101584733dd4fccf073a6afb0a83d365d24589637f6
asrt.29c3bfb2b54604f5debb1e5d,purananuru,178,POET_ATTRIBUTION,SOURCE_EXPLICIT,ATTRIBUTED_TO,ஆவூர் மூலங்கிழார்,poet_as_printed,yaml:poet_as_printed,,,,,high,machine_checked,corpus/purananuru/poems/178.md,2b39205f463e64e6365fed8af26eaa0339f2e0444b572b077ec5190cea3b43c6
asrt.b3a137e423b8241ce72b36e5,purananuru,178,PATRON_OR_ADDRESSEE,SOURCE_EXPLICIT,ADDRESSED_TO,பாண்டியன் கீரஞ்சாத்தன் பாண்டிக் குதிரைச் சாக்கையன் எனவும் பாடம்,addressee_as_printed,yaml:addressee_as_printed,,,,,high,machine_checked,corpus/purananuru/poems/178.md,2b39205f463e64e6365fed8af26eaa0339f2e0444b572b077ec5190cea3b43c6
asrt.339904a0b93fc0bcbd0eba33,purananuru,178,TINI_VALUE,SOURCE_EXPLICIT,ASSOCIATED_WITH_TINAI,வாகை துறை: வல்லாண் முல்லை,thinai_as_printed,yaml:thinai_as_printed,,,,,high,machine_checked,corpus/purananuru/poems/178.md,2b39205f463e64e6365fed8af26eaa0339f2e0444b572b077ec5190cea3b43c6
asrt.1c51b028c4d357f9b06a9ec7,purananuru,178,TURAI_VALUE,SOURCE_EXPLICIT,ASSOCIATED_WITH_TURAI,வல்லாண் முல்லை,thurai,yaml:thurai,,,,,high,machine_checked,corpus/purananuru/poems/178.md,2b39205f463e64e6365fed8af26eaa0339f2e0444b572b077ec5190cea3b43c6
asrt.8f43f24fe80e85391328314a,purananuru,178,SOURCE_CONTEXT_NOTE,SOURCE_EXPLICIT,HAS_PRINTED_TITLE,இன்சாயலன் ஏமமாவான்!,title_as_printed,yaml:title_as_printed,,,,,high,machine_checked,corpus/purananuru/poems/178.md,2b39205f463e64e6365fed8af26eaa0339f2e0444b572b077ec5190cea3b43c6
asrt.48fe4c563ef288a997ffcc3f,purananuru,178,SOURCE_CONTEXT_NOTE,SOURCE_EXPLICIT,HAS_PRINTED_SOURCE_NOTE,"பாடியவர்: ஆவூர் மூலங்கிழார்
பாடப்பட்டோன்: பாண்டியன் கீரஞ்சாத்தன் பாண்டிக் குதிரைச் சாக்கையன் எனவும் பாடம்.
திணை: வாகை துறை: வல்லாண் முல்லை",source_note,markdown:source-note,,,,,high,machine_checked,corpus/purananuru/poems/178.md,2b39205f463e64e6365fed8af26eaa0339f2e0444b572b077ec5190cea3b43c6
asrt.cfb1f4efade2bb89d69b2b92,purananuru,178,TEXTUAL_CONDITION,SOURCE_EXPLICIT,HAS_TEXTUAL_STATUS,complete,textual_status,yaml:textual_status,,,,,high,machine_checked,corpus/purananuru/poems/178.md,2b39205f463e64e6365fed8af26eaa0339f2e0444b572b077ec5190cea3b43c6
asrt.7a1389c2370ed5f17ce3ec6d,purananuru,179,POET_ATTRIBUTION,SOURCE_EXPLICIT,ATTRIBUTED_TO,"வடநெடுந்தத்தனார்; வடம நெடுந்தத்தனார் எனவும், வடம நெடுந்தச்சனார் எனவும் பாடம்",poet_as_printed,yaml:poet_as_printed,,,,,high,machine_checked,corpus/purananuru/poems/179.md,b9413967709382316f12707a7b8d63812a29e8c0ec56d406c0268c0fed7e9a07
asrt.caa3051d56810588814ea28c,purananuru,179,PATRON_OR_ADDRESSEE,SOURCE_EXPLICIT,ADDRESSED_TO,நாலை கிழவன் நாகன்,addressee_as_printed,yaml:addressee_as_printed,,,,,high,machine_checked,corpus/purananuru/poems/179.md,b9413967709382316f12707a7b8d63812a29e8c0ec56d406c0268c0fed7e9a07
asrt.f3a7def23f489b9200993746,purananuru,179,TINI_VALUE,SOURCE_EXPLICIT,ASSOCIATED_WITH_TINAI,வாகை துறை: வல்லாண் முல்லை,thinai_as_printed,yaml:thinai_as_printed,,,,,high,machine_checked,corpus/purananuru/poems/179.md,b9413967709382316f12707a7b8d63812a29e8c0ec56d406c0268c0fed7e9a07
asrt.5a1981d5c944137c1e2712e1,purananuru,179,TURAI_VALUE,SOURCE_EXPLICIT,ASSOCIATED_WITH_TURAI,வல்லாண் முல்லை,thurai,yaml:thurai,,,,,high,machine_checked,corpus/purananuru/poems/179.md,b9413967709382316f12707a7b8d63812a29e8c0ec56d406c0268c0fed7e9a07
asrt.2d7f3c65c93442a41d6e5360,purananuru,179,SOURCE_CONTEXT_NOTE,SOURCE_EXPLICIT,HAS_PRINTED_TITLE,பருந்து பசி தீர்ப்பான்!,title_as_printed,yaml:title_as_printed,,,,,high,machine_checked,corpus/purananuru/poems/179.md,b9413967709382316f12707a7b8d63812a29e8c0ec56d406c0268c0fed7e9a07
asrt.481bbf6d5d4dcac41b6c834c,purananuru,179,SOURCE_CONTEXT_NOTE,SOURCE_EXPLICIT,HAS_PRINTED_SOURCE_NOTE,"பாடியவர்: வடநெடுந்தத்தனார்; வடம நெடுந்தத்தனார் எனவும், வடம நெடுந்தச்சனார் எனவும் பாடம்.
பாடப்பட்டோன்: நாலை கிழவன் நாகன்
திணை: வாகை துறை: வல்லாண் முல்லை",source_note,markdown:source-note,,,,,high,machine_checked,corpus/purananuru/poems/179.md,b9413967709382316f12707a7b8d63812a29e8c0ec56d406c0268c0fed7e9a07
asrt.c21f06c4efa52039e6c47bb0,purananuru,179,TEXTUAL_CONDITION,SOURCE_EXPLICIT,HAS_TEXTUAL_STATUS,complete,textual_status,yaml:textual_status,,,,,high,machine_checked,corpus/purananuru/poems/179.md,b9413967709382316f12707a7b8d63812a29e8c0ec56d406c0268c0fed7e9a07
asrt.3107dd965a743fe02774b998,purananuru,179,WARFARE_MENTION,SOURCE_EXPLICIT,MENTIONS_CANDIDATE,படை,canonical_body,markdown:canonical-body,6,6,0,3,medium,human_review_required,corpus/purananuru/poems/179.md,b9413967709382316f12707a7b8d63812a29e8c0ec56d406c0268c0fed7e9a07
asrt.e553a3e961ed7ebbaf6806af,purananuru,179,WARFARE_MENTION,SOURCE_EXPLICIT,MENTIONS_CANDIDATE,வாள்,canonical_body,markdown:canonical-body,6,6,14,18,medium,human_review_required,corpus/purananuru/poems/179.md,b9413967709382316f12707a7b8d63812a29e8c0ec56d406c0268c0fed7e9a07
asrt.6e8d15047aec369b4f129b93,purananuru,179,POLITICAL_RELATION,SOURCE_EXPLICIT,MENTIONS_CANDIDATE,வேந்தன்,canonical_body,markdown:canonical-body,8,8,16,23,medium,human_review_required,corpus/purananuru/poems/179.md,b9413967709382316f12707a7b8d63812a29e8c0ec56d406c0268c0fed7e9a07
asrt.b4978ca17ac51fce8a312109,purananuru,180,POET_ATTRIBUTION,SOURCE_EXPLICIT,ATTRIBUTED_TO,கோனாட்டு எறிச்சிலூர் மாடலன் மதுரைக் குமரனார்,poet_as_printed,yaml:poet_as_printed,,,,,high,machine_checked,corpus/purananuru/poems/180.md,3d1f8766bf0f4701ec74c07d904b2646396e766dd476b8302b58ceca3bd02186
asrt.7b5d1946b6cdde99beffc6a6,purananuru,180,PATRON_OR_ADDRESSEE,SOURCE_EXPLICIT,ADDRESSED_TO,ஈர்ந்தூர் கிழான் தோயன் மாறன்,addressee_as_printed,yaml:addressee_as_printed,,,,,high,machine_checked,corpus/purananuru/poems/180.md,3d1f8766bf0f4701ec74c07d904b2646396e766dd476b8302b58ceca3bd02186
asrt.03f271060a77aa5c6ac02213,purananuru,180,TINI_VALUE,SOURCE_EXPLICIT,ASSOCIATED_WITH_TINAI,வாகை,thinai_as_printed,yaml:thinai_as_printed,,,,,high,machine_checked,corpus/purananuru/poems/180.md,3d1f8766bf0f4701ec74c07d904b2646396e766dd476b8302b58ceca3bd02186
asrt.4172f5f16b240dedba6b08d7,purananuru,180,TURAI_VALUE,SOURCE_EXPLICIT,ASSOCIATED_WITH_TURAI,வல்லாண்முல்லை,thurai,yaml:thurai,,,,,high,machine_checked,corpus/purananuru/poems/180.md,3d1f8766bf0f4701ec74c07d904b2646396e766dd476b8302b58ceca3bd02186
asrt.d94056c52d9a29dc582adda7,purananuru,180,SOURCE_CONTEXT_NOTE,SOURCE_EXPLICIT,HAS_PRINTED_TITLE,நீயும் வம்மோ!,title_as_printed,yaml:title_as_printed,,,,,high,machine_checked,corpus/purananuru/poems/180.md,3d1f8766bf0f4701ec74c07d904b2646396e766dd476b8302b58ceca3bd02186
asrt.2fb97111fdc2b1aab2db2b4f,purananuru,180,SOURCE_CONTEXT_NOTE,SOURCE_EXPLICIT,HAS_PRINTED_SOURCE_NOTE,"பாடியவர்: கோனாட்டு எறிச்சிலூர் மாடலன் மதுரைக் குமரனார்.
பாடப்பட்டோன்: ஈர்ந்தூர் கிழான் தோயன் மாறன்.
திணை: வாகை. துறை: வல்லாண்முல்லை; பாணாற்றுப் படையும் ஆம்.",source_note,markdown:source-note,,,,,high,machine_checked,corpus/purananuru/poems/180.md,3d1f8766bf0f4701ec74c07d904b2646396e766dd476b8302b58ceca3bd02186
asrt.d7da21766578c83d6c16a2b7,purananuru,180,TEXTUAL_CONDITION,SOURCE_EXPLICIT,HAS_TEXTUAL_STATUS,complete,textual_status,yaml:textual_status,,,,,high,machine_checked,corpus/purananuru/poems/180.md,3d1f8766bf0f4701ec74c07d904b2646396e766dd476b8302b58ceca3bd02186
asrt.402f3501791eade809bc62d4,purananuru,181,POET_ATTRIBUTION,SOURCE_EXPLICIT,ATTRIBUTED_TO,சோணாட்டு முகையலூர்ச் சிறுகருந் தும்பி யார்,poet_as_printed,yaml:poet_as_printed,,,,,high,machine_checked,corpus/purananuru/poems/181.md,9de50228f66121968d8070c6773fa8c854f36a1ad34e53ceb54f89db672595d0
asrt.b27be9458f4cc268037920f9,purananuru,181,PATRON_OR_ADDRESSEE,SOURCE_EXPLICIT,ADDRESSED_TO,வல்லார் கிழான் பண்ணன்,addressee_as_printed,yaml:addressee_as_printed,,,,,high,machine_checked,corpus/purananuru/poems/181.md,9de50228f66121968d8070c6773fa8c854f36a1ad34e53ceb54f89db672595d0
asrt.5dc51b2e33519d2c5df4e65a,purananuru,181,TINI_VALUE,SOURCE_EXPLICIT,ASSOCIATED_WITH_TINAI,வாகை,thinai_as_printed,yaml:thinai_as_printed,,,,,high,machine_checked,corpus/purananuru/poems/181.md,9de50228f66121968d8070c6773fa8c854f36a1ad34e53ceb54f89db672595d0
asrt.72fe5aa73b397c599556310e,purananuru,181,TURAI_VALUE,SOURCE_EXPLICIT,ASSOCIATED_WITH_TURAI,வல்லாண்முல்லை,thurai,yaml:thurai,,,,,high,machine_checked,corpus/purananuru/poems/181.md,9de50228f66121968d8070c6773fa8c854f36a1ad34e53ceb54f89db672595d0
asrt.40c3799ccb50261ffdb9c3f2,purananuru,181,SOURCE_CONTEXT_NOTE,SOURCE_EXPLICIT,HAS_PRINTED_TITLE,இன்னே சென்மதி!,title_as_printed,yaml:title_as_printed,,,,,high,machine_checked,corpus/purananuru/poems/181.md,9de50228f66121968d8070c6773fa8c854f36a1ad34e53ceb54f89db672595d0
asrt.eb1a05cea9f14bdce6690542,purananuru,181,SOURCE_CONTEXT_NOTE,SOURCE_EXPLICIT,HAS_PRINTED_SOURCE_NOTE,"பாடியவர்: சோணாட்டு முகையலூர்ச் சிறுகருந் தும்பி யார்.
பாடப்பட்டோன்: வல்லார் கிழான் பண்ணன்.
திணை: வாகை. துறை: வல்லாண்முல்லை.",source_note,markdown:source-note,,,,,high,machine_checked,corpus/purananuru/poems/181.md,9de50228f66121968d8070c6773fa8c854f36a1ad34e53ceb54f89db672595d0
asrt.be5aaa23f61503b5a77eba40,purananuru,181,TEXTUAL_CONDITION,SOURCE_EXPLICIT,HAS_TEXTUAL_STATUS,complete,textual_status,yaml:textual_status,,,,,high,machine_checked,corpus/purananuru/poems/181.md,9de50228f66121968d8070c6773fa8c854f36a1ad34e53ceb54f89db672595d0
asrt.e1450d9d42d69a99001434d2,purananuru,181,GIFT_MENTION,SOURCE_EXPLICIT,MENTIONS_CANDIDATE,பரிசில்,canonical_body,markdown:canonical-body,10,10,11,18,medium,human_review_required,corpus/purananuru/poems/181.md,9de50228f66121968d8070c6773fa8c854f36a1ad34e53ceb54f89db672595d0
asrt.36a6d626fd9397d39ea269b9,purananuru,182,POET_ATTRIBUTION,SOURCE_EXPLICIT,ATTRIBUTED_TO,கடலுள் மாய்ந்த இளம்பெரு வழுதி,poet_as_printed,yaml:poet_as_printed,,,,,high,machine_checked,corpus/purananuru/poems/182.md,78ed2030fe7a18f4cbe87c3172f28b64f59acc542613ff6a5cdf07e06a361875
asrt.8ef530fda01700b3a5508159,purananuru,182,TINI_VALUE,SOURCE_EXPLICIT,ASSOCIATED_WITH_TINAI,பொதுவியல் துறை: பொருண்மொழிக் காஞ்சி,thinai_as_printed,yaml:thinai_as_printed,,,,,high,machine_checked,corpus/purananuru/poems/182.md,78ed2030fe7a18f4cbe87c3172f28b64f59acc542613ff6a5cdf07e06a361875
asrt.9def20341b4904ecf9a5db6c,purananuru,182,TURAI_VALUE,SOURCE_EXPLICIT,ASSOCIATED_WITH_TURAI,பொருண்மொழிக் காஞ்சி,thurai,yaml:thurai,,,,,high,machine_checked,corpus/purananuru/poems/182.md,78ed2030fe7a18f4cbe87c3172f28b64f59acc542613ff6a5cdf07e06a361875
asrt.825ff6d6d476e98650dbb234,purananuru,182,SOURCE_CONTEXT_NOTE,SOURCE_EXPLICIT,HAS_PRINTED_SOURCE_NOTE,"பாடியவர்: கடலுள் மாய்ந்த இளம்பெரு வழுதி
திணை: பொதுவியல் துறை: பொருண்மொழிக் காஞ்சி",source_note,markdown:source-note,,,,,high,machine_checked,corpus/purananuru/poems/182.md,78ed2030fe7a18f4cbe87c3172f28b64f59acc542613ff6a5cdf07e06a361875
asrt.03e47a8dcef0b8c7dc6bc392,purananuru,182,SOURCE_CONTEXT_NOTE,SOURCE_EXPLICIT,HAS_PRINTED_TITLE,பிறர்க்கென முயலுநர்!,title_as_printed,yaml:title_as_printed,,,,,high,machine_checked,corpus/purananuru/poems/182.md,78ed2030fe7a18f4cbe87c3172f28b64f59acc542613ff6a5cdf07e06a361875
asrt.1741b2fad8e49e3a58fdfc51,purananuru,182,TEXTUAL_CONDITION,SOURCE_EXPLICIT,HAS_TEXTUAL_STATUS,complete,textual_status,yaml:textual_status,,,,,high,machine_checked,corpus/purananuru/poems/182.md,78ed2030fe7a18f4cbe87c3172f28b64f59acc542613ff6a5cdf07e06a361875
asrt.f1e1c92be813480965e61b00,purananuru,183,POET_ATTRIBUTION,SOURCE_EXPLICIT,ATTRIBUTED_TO,ஆரியப் படை கடந்த நெடுஞ்செழியன்,poet_as_printed,yaml:poet_as_printed,,,,,high,machine_checked,corpus/purananuru/poems/183.md,724e1fab8e95e29efa1ac15ac054b999c46b1722464006fca84f2670e843f2a3
asrt.024b5838c55554c0445d1b71,purananuru,183,TINI_VALUE,SOURCE_EXPLICIT,ASSOCIATED_WITH_TINAI,பொதுவியல் துறை: பொருண்மொழிக் காஞ்சி,thinai_as_printed,yaml:thinai_as_printed,,,,,high,machine_checked,corpus/purananuru/poems/183.md,724e1fab8e95e29efa1ac15ac054b999c46b1722464006fca84f2670e843f2a3
asrt.f0cce15123ec4a4f80f9cc6e,purananuru,183,TURAI_VALUE,SOURCE_EXPLICIT,ASSOCIATED_WITH_TURAI,பொருண்மொழிக் காஞ்சி,thurai,yaml:thurai,,,,,high,machine_checked,corpus/purananuru/poems/183.md,724e1fab8e95e29efa1ac15ac054b999c46b1722464006fca84f2670e843f2a3
asrt.e71047c9e826e0e1e212edd1,purananuru,183,SOURCE_CONTEXT_NOTE,SOURCE_EXPLICIT,HAS_PRINTED_TITLE,கற்கை நன்றே!,title_as_printed,yaml:title_as_printed,,,,,high,machine_checked,corpus/purananuru/poems/183.md,724e1fab8e95e29efa1ac15ac054b999c46b1722464006fca84f2670e843f2a3
asrt.915bf2818a1df44663592c99,purananuru,183,SOURCE_CONTEXT_NOTE,SOURCE_EXPLICIT,HAS_PRINTED_SOURCE_NOTE,"பாடியவர்: ஆரியப் படை கடந்த நெடுஞ்செழியன்
திணை: பொதுவியல் துறை: பொருண்மொழிக் காஞ்சி",source_note,markdown:source-note,,,,,high,machine_checked,corpus/purananuru/poems/183.md,724e1fab8e95e29efa1ac15ac054b999c46b1722464006fca84f2670e843f2a3
asrt.235cb6abe11f185f5127ddab,purananuru,183,TEXTUAL_CONDITION,SOURCE_EXPLICIT,HAS_TEXTUAL_STATUS,complete,textual_status,yaml:textual_status,,,,,high,machine_checked,corpus/purananuru/poems/183.md,724e1fab8e95e29efa1ac15ac054b999c46b1722464006fca84f2670e843f2a3
asrt.108120b4fe6b7cccb95840bc,purananuru,183,WATER_BODY_MENTION,SOURCE_EXPLICIT,MENTIONS_CANDIDATE,ஆறு,canonical_body,markdown:canonical-body,7,7,13,16,medium,human_review_required,corpus/purananuru/poems/183.md,724e1fab8e95e29efa1ac15ac054b999c46b1722464006fca84f2670e843f2a3
asrt.b38ac9fbb557a23a5bf482a4,purananuru,184,POET_ATTRIBUTION,SOURCE_EXPLICIT,ATTRIBUTED_TO,பிசிராந்தையார்,poet_as_printed,yaml:poet_as_printed,,,,,high,machine_checked,corpus/purananuru/poems/184.md,d06ac0aecf3e1b7993afa22fdc237815b6803300ad5aa31e2546e56d6ead1875
asrt.0f7a7f39ce8bfcaee0c55f94,purananuru,184,PATRON_OR_ADDRESSEE,SOURCE_EXPLICIT,ADDRESSED_TO,பாண்டியன் அறிவுடை நம்பி,addressee_as_printed,yaml:addressee_as_printed,,,,,high,machine_checked,corpus/purananuru/poems/184.md,d06ac0aecf3e1b7993afa22fdc237815b6803300ad5aa31e2546e56d6ead1875
asrt.b6f1a05eae427588f08cde72,purananuru,184,TINI_VALUE,SOURCE_EXPLICIT,ASSOCIATED_WITH_TINAI,பாடாண்,thinai_as_printed,yaml:thinai_as_printed,,,,,high,machine_checked,corpus/purananuru/poems/184.md,d06ac0aecf3e1b7993afa22fdc237815b6803300ad5aa31e2546e56d6ead1875
asrt.7b0065394989547afecf17a9,purananuru,184,TURAI_VALUE,SOURCE_EXPLICIT,ASSOCIATED_WITH_TURAI,செவியறிவுறூஉ,thurai,yaml:thurai,,,,,high,machine_checked,corpus/purananuru/poems/184.md,d06ac0aecf3e1b7993afa22fdc237815b6803300ad5aa31e2546e56d6ead1875
asrt.dfa0dcbc7a3e58c4610fbb29,purananuru,184,SOURCE_CONTEXT_NOTE,SOURCE_EXPLICIT,HAS_PRINTED_SOURCE_NOTE,"பாடியவர்: பிசிராந்தையார்.
பாடப்பட்டோன்: பாண்டியன் அறிவுடை நம்பி.
திணை: பாடாண். துறை: செவியறிவுறூஉ.",source_note,markdown:source-note,,,,,high,machine_checked,corpus/purananuru/poems/184.md,d06ac0aecf3e1b7993afa22fdc237815b6803300ad5aa31e2546e56d6ead1875
asrt.56e6e5937c280cf01ad66ac6,purananuru,184,SOURCE_CONTEXT_NOTE,SOURCE_EXPLICIT,HAS_PRINTED_TITLE,யானை புக்க புலம்!,title_as_printed,yaml:title_as_printed,,,,,high,machine_checked,corpus/purananuru/poems/184.md,d06ac0aecf3e1b7993afa22fdc237815b6803300ad5aa31e2546e56d6ead1875
asrt.1d11478622b5225dba982973,purananuru,184,TEXTUAL_CONDITION,SOURCE_EXPLICIT,HAS_TEXTUAL_STATUS,complete,textual_status,yaml:textual_status,,,,,high,machine_checked,corpus/purananuru/poems/184.md,d06ac0aecf3e1b7993afa22fdc237815b6803300ad5aa31e2546e56d6ead1875
asrt.4ac1630a217dd03da1817612,purananuru,184,FAUNA_MENTION,SOURCE_EXPLICIT,MENTIONS_CANDIDATE,யானை,canonical_body,markdown:canonical-body,10,10,0,4,medium,human_review_required,corpus/purananuru/poems/184.md,d06ac0aecf3e1b7993afa22fdc237815b6803300ad5aa31e2546e56d6ead1875
asrt.1f5f1ecc39f820849d0a32ae,purananuru,184,POLITICAL_RELATION,SOURCE_EXPLICIT,MENTIONS_CANDIDATE,வேந்தன்,canonical_body,markdown:canonical-body,5,5,8,15,medium,human_review_required,corpus/purananuru/poems/184.md,d06ac0aecf3e1b7993afa22fdc237815b6803300ad5aa31e2546e56d6ead1875
asrt.ee27f9d3e614376ef5827b17,purananuru,185,POET_ATTRIBUTION,SOURCE_EXPLICIT,ATTRIBUTED_TO,தொண்டைமான் இளந்திரையன்,poet_as_printed,yaml:poet_as_printed,,,,,high,machine_checked,corpus/purananuru/poems/185.md,dd2077bc4605b2460eecc87f094c0f2e4f2252581fd0c873e1d39b094a6ad6b1
asrt.d8ae07e65409fac3d6abdfc0,purananuru,185,TINI_VALUE,SOURCE_EXPLICIT,ASSOCIATED_WITH_TINAI,பொதுவியல் துறை: பொருண்மொழிக் காஞ்சி,thinai_as_printed,yaml:thinai_as_printed,,,,,high,machine_checked,corpus/purananuru/poems/185.md,dd2077bc4605b2460eecc87f094c0f2e4f2252581fd0c873e1d39b094a6ad6b1
asrt.3cef4cb72ac54ef3df2ececa,purananuru,185,TURAI_VALUE,SOURCE_EXPLICIT,ASSOCIATED_WITH_TURAI,பொருண்மொழிக் காஞ்சி,thurai,yaml:thurai,,,,,high,machine_checked,corpus/purananuru/poems/185.md,dd2077bc4605b2460eecc87f094c0f2e4f2252581fd0c873e1d39b094a6ad6b1
asrt.883858994f4bb9aae50e0c1a,purananuru,185,SOURCE_CONTEXT_NOTE,SOURCE_EXPLICIT,HAS_PRINTED_TITLE,ஆறு இனிது படுமே!,title_as_printed,yaml:title_as_printed,,,,,high,machine_checked,corpus/purananuru/poems/185.md,dd2077bc4605b2460eecc87f094c0f2e4f2252581fd0c873e1d39b094a6ad6b1
asrt.c227145fd59cc288b9ea5a2d,purananuru,185,SOURCE_CONTEXT_NOTE,SOURCE_EXPLICIT,HAS_PRINTED_SOURCE_NOTE,"பாடியவர்: தொண்டைமான் இளந்திரையன்
திணை: பொதுவியல் துறை: பொருண்மொழிக் காஞ்சி
(இ·து உலகாளும் முறைமையைக் கூறியதாம்.)",source_note,markdown:source-note,,,,,high,machine_checked,corpus/purananuru/poems/185.md,dd2077bc4605b2460eecc87f094c0f2e4f2252581fd0c873e1d39b094a6ad6b1
asrt.b6955ff8cd00b3e26dc9a22e,purananuru,185,TEXTUAL_CONDITION,SOURCE_EXPLICIT,HAS_TEXTUAL_STATUS,complete,textual_status,yaml:textual_status,,,,,high,machine_checked,corpus/purananuru/poems/185.md,dd2077bc4605b2460eecc87f094c0f2e4f2252581fd0c873e1d39b094a6ad6b1
asrt.141e4b1c60fb197259fb57d1,purananuru,186,POET_ATTRIBUTION,SOURCE_EXPLICIT,ATTRIBUTED_TO,மோசிகீரனார்,poet_as_printed,yaml:poet_as_printed,,,,,high,machine_checked,corpus/purananuru/poems/186.md,e86609c6e443dee5c4e534d9849308911d3fa75637c3c65d94403403d2147896
asrt.415072a080689e76193d9e9e,purananuru,186,TINI_VALUE,SOURCE_EXPLICIT,ASSOCIATED_WITH_TINAI,பொதுவியல் துறை: பொருண்மொழிக் காஞ்சி,thinai_as_printed,yaml:thinai_as_printed,,,,,high,machine_checked,corpus/purananuru/poems/186.md,e86609c6e443dee5c4e534d9849308911d3fa75637c3c65d94403403d2147896
asrt.a0ac8e2da7d4c46ec27b0213,purananuru,186,TURAI_VALUE,SOURCE_EXPLICIT,ASSOCIATED_WITH_TURAI,பொருண்மொழிக் காஞ்சி,thurai,yaml:thurai,,,,,high,machine_checked,corpus/purananuru/poems/186.md,e86609c6e443dee5c4e534d9849308911d3fa75637c3c65d94403403d2147896
asrt.73d4238fa52f9753f5a8d207,purananuru,186,SOURCE_CONTEXT_NOTE,SOURCE_EXPLICIT,HAS_PRINTED_SOURCE_NOTE,"பாடியவர்: மோசிகீரனார்
திணை: பொதுவியல் துறை: பொருண்மொழிக் காஞ்சி
(வேந்தர்க்குரிய கடன் இதுவென்னும் சிறந்த செய்யுள் இது.
ஆட்சியாளர் நெஞ்சங்களில் ஆழப் பதியவேண்டிய ஒரு செய்யுளும் ஆம்.)",source_note,markdown:source-note,,,,,high,machine_checked,corpus/purananuru/poems/186.md,e86609c6e443dee5c4e534d9849308911d3fa75637c3c65d94403403d2147896
asrt.86ed07193199ed72406cced1,purananuru,186,SOURCE_CONTEXT_NOTE,SOURCE_EXPLICIT,HAS_PRINTED_TITLE,வேந்தர்க்குக் கடனே!,title_as_printed,yaml:title_as_printed,,,,,high,machine_checked,corpus/purananuru/poems/186.md,e86609c6e443dee5c4e534d9849308911d3fa75637c3c65d94403403d2147896
asrt.5cc6e57e579a6b6af8986df5,purananuru,186,TEXTUAL_CONDITION,SOURCE_EXPLICIT,HAS_TEXTUAL_STATUS,complete,textual_status,yaml:textual_status,,,,,high,machine_checked,corpus/purananuru/poems/186.md,e86609c6e443dee5c4e534d9849308911d3fa75637c3c65d94403403d2147896
asrt.0a29aedebbb0cd93b60960ab,purananuru,186,POLITICAL_RELATION,SOURCE_EXPLICIT,MENTIONS_CANDIDATE,மன்னன்,canonical_body,markdown:canonical-body,2,2,0,6,medium,human_review_required,corpus/purananuru/poems/186.md,e86609c6e443dee5c4e534d9849308911d3fa75637c3c65d94403403d2147896
asrt.4fe6b91a133f113be1b71d59,purananuru,187,POET_ATTRIBUTION,SOURCE_EXPLICIT,ATTRIBUTED_TO,ஔவையார்,poet_as_printed,yaml:poet_as_printed,,,,,high,machine_checked,corpus/purananuru/poems/187.md,66e51baad878668105e475dbea39048a71bd7f88f310774db901f805ebaa9111
asrt.a64d205788c4fbd1d3dade8b,purananuru,187,TINI_VALUE,SOURCE_EXPLICIT,ASSOCIATED_WITH_TINAI,பொதுவியல் துறை: பொருண்மொழிக் காஞ்சி,thinai_as_printed,yaml:thinai_as_printed,,,,,high,machine_checked,corpus/purananuru/poems/187.md,66e51baad878668105e475dbea39048a71bd7f88f310774db901f805ebaa9111
asrt.72073e5c7ca47329e9e8cc76,purananuru,187,TURAI_VALUE,SOURCE_EXPLICIT,ASSOCIATED_WITH_TURAI,பொருண்மொழிக் காஞ்சி,thurai,yaml:thurai,,,,,high,machine_checked,corpus/purananuru/poems/187.md,66e51baad878668105e475dbea39048a71bd7f88f310774db901f805ebaa9111
asrt.12a769a57d813ff31ada6ec6,purananuru,187,SOURCE_CONTEXT_NOTE,SOURCE_EXPLICIT,HAS_PRINTED_TITLE,ஆண்கள் உலகம்!,title_as_printed,yaml:title_as_printed,,,,,high,machine_checked,corpus/purananuru/poems/187.md,66e51baad878668105e475dbea39048a71bd7f88f310774db901f805ebaa9111
asrt.02d46d5622cefa6a70d6d8e4,purananuru,187,SOURCE_CONTEXT_NOTE,SOURCE_EXPLICIT,HAS_PRINTED_SOURCE_NOTE,"பாடியவர்: ஔவையார்
திணை: பொதுவியல் துறை: பொருண்மொழிக் காஞ்சி
(ஆடவரது ஒழுக்கமே உலக மேம்பாட்டிற்கு அடிப்படை என்பது இது. மிகச் சிறந்த செய்யுள்.)",source_note,markdown:source-note,,,,,high,machine_checked,corpus/purananuru/poems/187.md,66e51baad878668105e475dbea39048a71bd7f88f310774db901f805ebaa9111
asrt.96ba3f908e44b828c1ab6f89,purananuru,187,TEXTUAL_CONDITION,SOURCE_EXPLICIT,HAS_TEXTUAL_STATUS,complete,textual_status,yaml:textual_status,,,,,high,machine_checked,corpus/purananuru/poems/187.md,66e51baad878668105e475dbea39048a71bd7f88f310774db901f805ebaa9111
asrt.a4d7dc60a5d4a70eb7895e67,purananuru,188,POET_ATTRIBUTION,SOURCE_EXPLICIT,ATTRIBUTED_TO,பாண்டியன் அறிவுடை நம்பி,poet_as_printed,yaml:poet_as_printed,,,,,high,machine_checked,corpus/purananuru/poems/188.md,2a4c1c8025dddd693b4123d52daab219f8dfc2f1b663e9588fcb70104ff747fd
asrt.660aeae4bd784c85181301bf,purananuru,188,TINI_VALUE,SOURCE_EXPLICIT,ASSOCIATED_WITH_TINAI,பொதுவியல் துறை: பொருண்மொழிக் காஞ்சி,thinai_as_printed,yaml:thinai_as_printed,,,,,high,machine_checked,corpus/purananuru/poems/188.md,2a4c1c8025dddd693b4123d52daab219f8dfc2f1b663e9588fcb70104ff747fd
asrt.bf41f5b9ad3c24fa0853b332,purananuru,188,TURAI_VALUE,SOURCE_EXPLICIT,ASSOCIATED_WITH_TURAI,பொருண்மொழிக் காஞ்சி,thurai,yaml:thurai,,,,,high,machine_checked,corpus/purananuru/poems/188.md,2a4c1c8025dddd693b4123d52daab219f8dfc2f1b663e9588fcb70104ff747fd
asrt.2ffa39a3a2fb27e96dfbc142,purananuru,188,SOURCE_CONTEXT_NOTE,SOURCE_EXPLICIT,HAS_PRINTED_SOURCE_NOTE,"பாடியவர்: பாண்டியன் அறிவுடை நம்பி
திணை: பொதுவியல் துறை: பொருண்மொழிக் காஞ்சி
(மக்கட் பேற்றின் சிறப்பைக் கூறம் சிறந்த செய்யுள் இது.)",source_note,markdown:source-note,,,,,high,machine_checked,corpus/purananuru/poems/188.md,2a4c1c8025dddd693b4123d52daab219f8dfc2f1b663e9588fcb70104ff747fd
asrt.71c7ba2382ec22ac7d3a5fbb,purananuru,188,SOURCE_CONTEXT_NOTE,SOURCE_EXPLICIT,HAS_PRINTED_TITLE,மக்களை இல்லோர்!,title_as_printed,yaml:title_as_printed,,,,,high,machine_checked,corpus/purananuru/poems/188.md,2a4c1c8025dddd693b4123d52daab219f8dfc2f1b663e9588fcb70104ff747fd
asrt.fab924429e262b9fb31e2bbf,purananuru,188,TEXTUAL_CONDITION,SOURCE_EXPLICIT,HAS_TEXTUAL_STATUS,complete,textual_status,yaml:textual_status,,,,,high,machine_checked,corpus/purananuru/poems/188.md,2a4c1c8025dddd693b4123d52daab219f8dfc2f1b663e9588fcb70104ff747fd
asrt.aba1e8c9bf8afb21c810ada4,purananuru,189,POET_ATTRIBUTION,SOURCE_EXPLICIT,ATTRIBUTED_TO,மதுரைக் கணக்காயனார் மகனார் நக்கீரனார்,poet_as_printed,yaml:poet_as_printed,,,,,high,machine_checked,corpus/purananuru/poems/189.md,b8f6db5e8a04ae7b5b6e7d32c6dbed0bff1af5c0d65f6b7cf05737b050e83b1e
asrt.704ffb576b7c650e23f3bad4,purananuru,189,TINI_VALUE,SOURCE_EXPLICIT,ASSOCIATED_WITH_TINAI,பொதுவியல் துறை: பொருண்மொழிக் காஞ்சி,thinai_as_printed,yaml:thinai_as_printed,,,,,high,machine_checked,corpus/purananuru/poems/189.md,b8f6db5e8a04ae7b5b6e7d32c6dbed0bff1af5c0d65f6b7cf05737b050e83b1e
asrt.7e6834b3716926c381084df4,purananuru,189,TURAI_VALUE,SOURCE_EXPLICIT,ASSOCIATED_WITH_TURAI,பொருண்மொழிக் காஞ்சி,thurai,yaml:thurai,,,,,high,machine_checked,corpus/purananuru/poems/189.md,b8f6db5e8a04ae7b5b6e7d32c6dbed0bff1af5c0d65f6b7cf05737b050e83b1e
asrt.89103122f67b1d442deb7b6a,purananuru,189,SOURCE_CONTEXT_NOTE,SOURCE_EXPLICIT,HAS_PRINTED_TITLE,உண்பதும் உடுப்பதும்!,title_as_printed,yaml:title_as_printed,,,,,high,machine_checked,corpus/purananuru/poems/189.md,b8f6db5e8a04ae7b5b6e7d32c6dbed0bff1af5c0d65f6b7cf05737b050e83b1e
asrt.0a8c0e40c5cccaccf5750c4f,purananuru,189,SOURCE_CONTEXT_NOTE,SOURCE_EXPLICIT,HAS_PRINTED_SOURCE_NOTE,"பாடியவர்: மதுரைக் கணக்காயனார் மகனார் நக்கீரனார்
திணை: பொதுவியல் துறை: பொருண்மொழிக் காஞ்சி
(செல்வத்துப் பயனே ஈதலென்பதை வலியுறுத்தும் செய்யுள் இது.)",source_note,markdown:source-note,,,,,high,machine_checked,corpus/purananuru/poems/189.md,b8f6db5e8a04ae7b5b6e7d32c6dbed0bff1af5c0d65f6b7cf05737b050e83b1e
asrt.f271492c1f2257fd5c8bf512,purananuru,189,TEXTUAL_CONDITION,SOURCE_EXPLICIT,HAS_TEXTUAL_STATUS,complete,textual_status,yaml:textual_status,,,,,high,machine_checked,corpus/purananuru/poems/189.md,b8f6db5e8a04ae7b5b6e7d32c6dbed0bff1af5c0d65f6b7cf05737b050e83b1e
asrt.d6d749a2adf146bed911e37e,purananuru,190,POET_ATTRIBUTION,SOURCE_EXPLICIT,ATTRIBUTED_TO,சோழன் நல்லுருத்திரன்,poet_as_printed,yaml:poet_as_printed,,,,,high,machine_checked,corpus/purananuru/poems/190.md,384e58c396cfc6dd340fd2337ec5eda1743cdefb5c999eb8b48ff574bf1a1b6f
asrt.62da5c4a62c3ec7c5d158130,purananuru,190,TINI_VALUE,SOURCE_EXPLICIT,ASSOCIATED_WITH_TINAI,பொதுவியல் துறை: பொருண்மொழிக் காஞ்சி,thinai_as_printed,yaml:thinai_as_printed,,,,,high,machine_checked,corpus/purananuru/poems/190.md,384e58c396cfc6dd340fd2337ec5eda1743cdefb5c999eb8b48ff574bf1a1b6f
asrt.32d5a484a6981e0a7a26c5e3,purananuru,190,TURAI_VALUE,SOURCE_EXPLICIT,ASSOCIATED_WITH_TURAI,பொருண்மொழிக் காஞ்சி,thurai,yaml:thurai,,,,,high,machine_checked,corpus/purananuru/poems/190.md,384e58c396cfc6dd340fd2337ec5eda1743cdefb5c999eb8b48ff574bf1a1b6f
asrt.df26cdf95d0fb416b079135e,purananuru,190,SOURCE_CONTEXT_NOTE,SOURCE_EXPLICIT,HAS_PRINTED_TITLE,எலி முயன் றனையர்!,title_as_printed,yaml:title_as_printed,,,,,high,machine_checked,corpus/purananuru/poems/190.md,384e58c396cfc6dd340fd2337ec5eda1743cdefb5c999eb8b48ff574bf1a1b6f
asrt.350c4f5a1ae770e5c8a6195e,purananuru,190,SOURCE_CONTEXT_NOTE,SOURCE_EXPLICIT,HAS_PRINTED_SOURCE_NOTE,"பாடியவர்: சோழன் நல்லுருத்திரன்
திணை: பொதுவியல் துறை: பொருண்மொழிக் காஞ்சி
(வலியுடையோரின் நடப்பை வலியுறுத்திப் பாடிய செய்யுள் இது.)",source_note,markdown:source-note,,,,,high,machine_checked,corpus/purananuru/poems/190.md,384e58c396cfc6dd340fd2337ec5eda1743cdefb5c999eb8b48ff574bf1a1b6f
asrt.975127ecf91a5d739bf70747,purananuru,190,TEXTUAL_CONDITION,SOURCE_EXPLICIT,HAS_TEXTUAL_STATUS,complete,textual_status,yaml:textual_status,,,,,high,machine_checked,corpus/purananuru/poems/190.md,384e58c396cfc6dd340fd2337ec5eda1743cdefb5c999eb8b48ff574bf1a1b6f
asrt.6d033ac9a429228f72ef74e4,purananuru,191,POET_ATTRIBUTION,SOURCE_EXPLICIT,ATTRIBUTED_TO,பிசிராந்தையர்,poet_as_printed,yaml:poet_as_printed,,,,,high,machine_checked,corpus/purananuru/poems/191.md,8cd0ee2a02d7338e80cb35218589a24d2f8ffac2091170c8ae16a410c5d0c324
asrt.b3bbc546a0af1b46b71cb5ef,purananuru,191,TINI_VALUE,SOURCE_EXPLICIT,ASSOCIATED_WITH_TINAI,பொதுவியல் துறை: பொருண்மொழிக் காஞ்சி,thinai_as_printed,yaml:thinai_as_printed,,,,,high,machine_checked,corpus/purananuru/poems/191.md,8cd0ee2a02d7338e80cb35218589a24d2f8ffac2091170c8ae16a410c5d0c324
asrt.973192676f61e8fa42be18e7,purananuru,191,TURAI_VALUE,SOURCE_EXPLICIT,ASSOCIATED_WITH_TURAI,பொருண்மொழிக் காஞ்சி,thurai,yaml:thurai,,,,,high,machine_checked,corpus/purananuru/poems/191.md,8cd0ee2a02d7338e80cb35218589a24d2f8ffac2091170c8ae16a410c5d0c324
asrt.81ab59b9481ab2a5a3fe4bbe,purananuru,191,SOURCE_CONTEXT_NOTE,SOURCE_EXPLICIT,HAS_PRINTED_TITLE,நரையில ஆகுதல்!,title_as_printed,yaml:title_as_printed,,,,,high,machine_checked,corpus/purananuru/poems/191.md,8cd0ee2a02d7338e80cb35218589a24d2f8ffac2091170c8ae16a410c5d0c324
asrt.d83ef2af6a21b404ecce80d0,purananuru,191,SOURCE_CONTEXT_NOTE,SOURCE_EXPLICIT,HAS_PRINTED_SOURCE_NOTE,"பாடியவர்: பிசிராந்தையர்
திணை: பொதுவியல் துறை: பொருண்மொழிக் காஞ்சி",source_note,markdown:source-note,,,,,high,machine_checked,corpus/purananuru/poems/191.md,8cd0ee2a02d7338e80cb35218589a24d2f8ffac2091170c8ae16a410c5d0c324
asrt.2ea58a2f22555f8b438f8686,purananuru,191,TEXTUAL_CONDITION,SOURCE_EXPLICIT,HAS_TEXTUAL_STATUS,complete,textual_status,yaml:textual_status,,,,,high,machine_checked,corpus/purananuru/poems/191.md,8cd0ee2a02d7338e80cb35218589a24d2f8ffac2091170c8ae16a410c5d0c324
asrt.d1c1846e5516955fdad6d4a7,purananuru,192,POET_ATTRIBUTION,SOURCE_EXPLICIT,ATTRIBUTED_TO,கணியன் பூங்குன்றன்,poet_as_printed,yaml:poet_as_printed,,,,,high,machine_checked,corpus/purananuru/poems/192.md,efbdf731cedd8466ffdea73491fdf12c287458e3f520732cc0b3e1b74f90d024
asrt.28dacd53157685b765fbb27e,purananuru,192,TINI_VALUE,SOURCE_EXPLICIT,ASSOCIATED_WITH_TINAI,பொதுவியல் துறை: பொருண்மொழிக் காஞ்சி,thinai_as_printed,yaml:thinai_as_printed,,,,,high,machine_checked,corpus/purananuru/poems/192.md,efbdf731cedd8466ffdea73491fdf12c287458e3f520732cc0b3e1b74f90d024
asrt.29948eb73633902468cac6f1,purananuru,192,TURAI_VALUE,SOURCE_EXPLICIT,ASSOCIATED_WITH_TURAI,பொருண்மொழிக் காஞ்சி,thurai,yaml:thurai,,,,,high,machine_checked,corpus/purananuru/poems/192.md,efbdf731cedd8466ffdea73491fdf12c287458e3f520732cc0b3e1b74f90d024
asrt.a0efb0959da2cb2d97cceb14,purananuru,192,SOURCE_CONTEXT_NOTE,SOURCE_EXPLICIT,HAS_PRINTED_SOURCE_NOTE,"பாடியவர்: கணியன் பூங்குன்றன்
திணை: பொதுவியல் துறை: பொருண்மொழிக் காஞ்சி",source_note,markdown:source-note,,,,,high,machine_checked,corpus/purananuru/poems/192.md,efbdf731cedd8466ffdea73491fdf12c287458e3f520732cc0b3e1b74f90d024
asrt.ee686d6ff9d2e453fdeea6de,purananuru,192,SOURCE_CONTEXT_NOTE,SOURCE_EXPLICIT,HAS_PRINTED_TITLE,பெரியோர் சிறியோர்!,title_as_printed,yaml:title_as_printed,,,,,high,machine_checked,corpus/purananuru/poems/192.md,efbdf731cedd8466ffdea73491fdf12c287458e3f520732cc0b3e1b74f90d024
asrt.685202c562c54d64bae8442f,purananuru,192,TEXTUAL_CONDITION,SOURCE_EXPLICIT,HAS_TEXTUAL_STATUS,complete,textual_status,yaml:textual_status,,,,,high,machine_checked,corpus/purananuru/poems/192.md,efbdf731cedd8466ffdea73491fdf12c287458e3f520732cc0b3e1b74f90d024
asrt.d52b25e6579fa8dc141f0a7e,purananuru,193,POET_ATTRIBUTION,SOURCE_EXPLICIT,ATTRIBUTED_TO,ஓரேருழவர்,poet_as_printed,yaml:poet_as_printed,,,,,high,machine_checked,corpus/purananuru/poems/193.md,a31bfacaefe1f73f6f7d53221a7f033dc4ab77948a7ec26736e28fdaf4f66f4c
asrt.893ae3d3d3d9aed92246a7a2,purananuru,193,TINI_VALUE,SOURCE_EXPLICIT,ASSOCIATED_WITH_TINAI,பொதுவியல் துறை: பொருண்மொழிக் காஞ்சி,thinai_as_printed,yaml:thinai_as_printed,,,,,high,machine_checked,corpus/purananuru/poems/193.md,a31bfacaefe1f73f6f7d53221a7f033dc4ab77948a7ec26736e28fdaf4f66f4c
asrt.854d8eea27de1cc8900a732f,purananuru,193,TURAI_VALUE,SOURCE_EXPLICIT,ASSOCIATED_WITH_TURAI,பொருண்மொழிக் காஞ்சி,thurai,yaml:thurai,,,,,high,machine_checked,corpus/purananuru/poems/193.md,a31bfacaefe1f73f6f7d53221a7f033dc4ab77948a7ec26736e28fdaf4f66f4c
asrt.fb4cfa8f65e854cd45b15314,purananuru,193,SOURCE_CONTEXT_NOTE,SOURCE_EXPLICIT,HAS_PRINTED_TITLE,ஒக்கல் வாழ்க்கை!,title_as_printed,yaml:title_as_printed,,,,,high,machine_checked,corpus/purananuru/poems/193.md,a31bfacaefe1f73f6f7d53221a7f033dc4ab77948a7ec26736e28fdaf4f66f4c
asrt.b4eecbd432005efed4035db0,purananuru,193,SOURCE_CONTEXT_NOTE,SOURCE_EXPLICIT,HAS_PRINTED_SOURCE_NOTE,"பாடியவர்: ஓரேருழவர்
திணை: பொதுவியல் துறை: பொருண்மொழிக் காஞ்சி",source_note,markdown:source-note,,,,,high,machine_checked,corpus/purananuru/poems/193.md,a31bfacaefe1f73f6f7d53221a7f033dc4ab77948a7ec26736e28fdaf4f66f4c
asrt.cd6b86f3264aeb5362d252ea,purananuru,193,TEXTUAL_CONDITION,SOURCE_EXPLICIT,HAS_TEXTUAL_STATUS,complete,textual_status,yaml:textual_status,,,,,high,machine_checked,corpus/purananuru/poems/193.md,a31bfacaefe1f73f6f7d53221a7f033dc4ab77948a7ec26736e28fdaf4f66f4c
asrt.97fb1ca34dd42d9b0be8d529,purananuru,194,SOURCE_CONTEXT_NOTE,SOURCE_EXPLICIT,HAS_PRINTED_TITLE,முழவின் பாணி!,title_as_printed,yaml:title_as_printed,,,,,high,machine_checked,corpus/purananuru/poems/194.md,339700176fdb32995b6cef780c6dfe933367ee9197e28d7f5b01752eacb4c6c4
asrt.a4430e48e9e7307315c577d4,purananuru,194,TEXTUAL_CONDITION,SOURCE_EXPLICIT,HAS_TEXTUAL_STATUS,complete,textual_status,yaml:textual_status,,,,,high,machine_checked,corpus/purananuru/poems/194.md,339700176fdb32995b6cef780c6dfe933367ee9197e28d7f5b01752eacb4c6c4
asrt.61438339cb11fcd84f6258d1,purananuru,195,POET_ATTRIBUTION,SOURCE_EXPLICIT,ATTRIBUTED_TO,நரிவெரூஉத் தலையார்,poet_as_printed,yaml:poet_as_printed,,,,,high,machine_checked,corpus/purananuru/poems/195.md,b68bdb5b1633e252dedb8f65f70ab3bdd071092a748d52afcb768ea5148136b3
asrt.2d27d6cb6c7c41bbe13188b7,purananuru,195,TINI_VALUE,SOURCE_EXPLICIT,ASSOCIATED_WITH_TINAI,பொதுவியல் துறை: பொருண்மொழிக் காஞ்சி,thinai_as_printed,yaml:thinai_as_printed,,,,,high,machine_checked,corpus/purananuru/poems/195.md,b68bdb5b1633e252dedb8f65f70ab3bdd071092a748d52afcb768ea5148136b3
asrt.1a9c974d9a74238a02792346,purananuru,195,TURAI_VALUE,SOURCE_EXPLICIT,ASSOCIATED_WITH_TURAI,பொருண்மொழிக் காஞ்சி,thurai,yaml:thurai,,,,,high,machine_checked,corpus/purananuru/poems/195.md,b68bdb5b1633e252dedb8f65f70ab3bdd071092a748d52afcb768ea5148136b3
asrt.eaec75147a4ed698edce295a,purananuru,195,SOURCE_CONTEXT_NOTE,SOURCE_EXPLICIT,HAS_PRINTED_TITLE,எல்லாரும் உவப்பது!,title_as_printed,yaml:title_as_printed,,,,,high,machine_checked,corpus/purananuru/poems/195.md,b68bdb5b1633e252dedb8f65f70ab3bdd071092a748d52afcb768ea5148136b3
asrt.78010f19d66875840ec74251,purananuru,195,SOURCE_CONTEXT_NOTE,SOURCE_EXPLICIT,HAS_PRINTED_SOURCE_NOTE,"பாடியவர்: நரிவெரூஉத் தலையார்
திணை: பொதுவியல் துறை: பொருண்மொழிக் காஞ்சி",source_note,markdown:source-note,,,,,high,machine_checked,corpus/purananuru/poems/195.md,b68bdb5b1633e252dedb8f65f70ab3bdd071092a748d52afcb768ea5148136b3
asrt.d79ab8a8f36e5f11c5b32453,purananuru,195,TEXTUAL_CONDITION,SOURCE_EXPLICIT,HAS_TEXTUAL_STATUS,complete,textual_status,yaml:textual_status,,,,,high,machine_checked,corpus/purananuru/poems/195.md,b68bdb5b1633e252dedb8f65f70ab3bdd071092a748d52afcb768ea5148136b3
asrt.b7a4de1e817fbac186461086,purananuru,196,POET_ATTRIBUTION,SOURCE_EXPLICIT,ATTRIBUTED_TO,ஆவூர் மூலங்கிழார்,poet_as_printed,yaml:poet_as_printed,,,,,high,machine_checked,corpus/purananuru/poems/196.md,2b70a6a03b29062853a96f1286eb35d0f944db92e98cb62859c8d3112dfda336
asrt.cf5eb7c48ab098c9c6518bb4,purananuru,196,PATRON_OR_ADDRESSEE,SOURCE_EXPLICIT,ADDRESSED_TO,பாண்டியன் இலவந்திகைப் பள்ளித் துஞ்சிய நன்மாறன்,addressee_as_printed,yaml:addressee_as_printed,,,,,high,machine_checked,corpus/purananuru/poems/196.md,2b70a6a03b29062853a96f1286eb35d0f944db92e98cb62859c8d3112dfda336
asrt.285f7ba8d466a4a5efb63770,purananuru,196,TINI_VALUE,SOURCE_EXPLICIT,ASSOCIATED_WITH_TINAI,பாடாண்,thinai_as_printed,yaml:thinai_as_printed,,,,,high,machine_checked,corpus/purananuru/poems/196.md,2b70a6a03b29062853a96f1286eb35d0f944db92e98cb62859c8d3112dfda336
asrt.aeff6490923ef3ff990651db,purananuru,196,TURAI_VALUE,SOURCE_EXPLICIT,ASSOCIATED_WITH_TURAI,பரிசில் கடா நிலை,thurai,yaml:thurai,,,,,high,machine_checked,corpus/purananuru/poems/196.md,2b70a6a03b29062853a96f1286eb35d0f944db92e98cb62859c8d3112dfda336
asrt.55d430df995b7256a7a8fa66,purananuru,196,SOURCE_CONTEXT_NOTE,SOURCE_EXPLICIT,HAS_PRINTED_TITLE,குறுமகள் உள்ளிச் செல்வல்!,title_as_printed,yaml:title_as_printed,,,,,high,machine_checked,corpus/purananuru/poems/196.md,2b70a6a03b29062853a96f1286eb35d0f944db92e98cb62859c8d3112dfda336
asrt.188a4444328e93daf62a7dc5,purananuru,196,SOURCE_CONTEXT_NOTE,SOURCE_EXPLICIT,HAS_PRINTED_SOURCE_NOTE,"பாடியவர்: ஆவூர் மூலங்கிழார்.
பாடப்பட்டோன் : பாண்டியன் இலவந்திகைப் பள்ளித் துஞ்சிய நன்மாறன்.
திணை: பாடாண். துறை: பரிசில் கடா நிலை.",source_note,markdown:source-note,,,,,high,machine_checked,corpus/purananuru/poems/196.md,2b70a6a03b29062853a96f1286eb35d0f944db92e98cb62859c8d3112dfda336
asrt.0ad09d99c244212a88b6b5c6,purananuru,196,TEXTUAL_CONDITION,SOURCE_EXPLICIT,HAS_TEXTUAL_STATUS,complete,textual_status,yaml:textual_status,,,,,high,machine_checked,corpus/purananuru/poems/196.md,2b70a6a03b29062853a96f1286eb35d0f944db92e98cb62859c8d3112dfda336
asrt.d1b7f7e1bcdc06372331c9f1,purananuru,197,POET_ATTRIBUTION,SOURCE_EXPLICIT,ATTRIBUTED_TO,கோனாட்டு எறிச்சலூர் மாடலன் மதுரைக் குமரனார்,poet_as_printed,yaml:poet_as_printed,,,,,high,machine_checked,corpus/purananuru/poems/197.md,098657cdd79e6c9553bbaf1b3d482bd7e960f92299c4992cbf9d748fff3e7902
asrt.518b50e4f18860b8c7149b3e,purananuru,197,PATRON_OR_ADDRESSEE,SOURCE_EXPLICIT,ADDRESSED_TO,சோழன் குராப்பள்ளித் துஞ்சிய பெருந்திருமாவளவன்,addressee_as_printed,yaml:addressee_as_printed,,,,,high,machine_checked,corpus/purananuru/poems/197.md,098657cdd79e6c9553bbaf1b3d482bd7e960f92299c4992cbf9d748fff3e7902
asrt.634bc07946ffc8ec2ab8c55c,purananuru,197,TINI_VALUE,SOURCE_EXPLICIT,ASSOCIATED_WITH_TINAI,பாடாண்,thinai_as_printed,yaml:thinai_as_printed,,,,,high,machine_checked,corpus/purananuru/poems/197.md,098657cdd79e6c9553bbaf1b3d482bd7e960f92299c4992cbf9d748fff3e7902
asrt.54f6cd74d4ff343f4b4e420a,purananuru,197,TURAI_VALUE,SOURCE_EXPLICIT,ASSOCIATED_WITH_TURAI,பரிசில் கடா நிலை,thurai,yaml:thurai,,,,,high,machine_checked,corpus/purananuru/poems/197.md,098657cdd79e6c9553bbaf1b3d482bd7e960f92299c4992cbf9d748fff3e7902
asrt.af7040158846a2279aef4311,purananuru,197,SOURCE_CONTEXT_NOTE,SOURCE_EXPLICIT,HAS_PRINTED_TITLE,நல் குரவு உள்ளுதும்!,title_as_printed,yaml:title_as_printed,,,,,high,machine_checked,corpus/purananuru/poems/197.md,098657cdd79e6c9553bbaf1b3d482bd7e960f92299c4992cbf9d748fff3e7902
asrt.3ca0f0c84f4a4eaafc057fd9,purananuru,197,SOURCE_CONTEXT_NOTE,SOURCE_EXPLICIT,HAS_PRINTED_SOURCE_NOTE,"பாடியவர்: கோனாட்டு எறிச்சலூர் மாடலன் மதுரைக் குமரனார்.
பாடப்பட்டோன் : சோழன் குராப்பள்ளித் துஞ்சிய பெருந்திருமாவளவன்.
திணை: பாடாண். துறை: பரிசில் கடா நிலை.",source_note,markdown:source-note,,,,,high,machine_checked,corpus/purananuru/poems/197.md,098657cdd79e6c9553bbaf1b3d482bd7e960f92299c4992cbf9d748fff3e7902
asrt.01f2f480d5a6ba4ff50dbd65,purananuru,197,TEXTUAL_CONDITION,SOURCE_EXPLICIT,HAS_TEXTUAL_STATUS,complete,textual_status,yaml:textual_status,,,,,high,machine_checked,corpus/purananuru/poems/197.md,098657cdd79e6c9553bbaf1b3d482bd7e960f92299c4992cbf9d748fff3e7902
asrt.ff50ffd6fd09f2a9182050b6,purananuru,198,POET_ATTRIBUTION,SOURCE_EXPLICIT,ATTRIBUTED_TO,வடமவண்ணக்கண் பேரிசாத்தனார்,poet_as_printed,yaml:poet_as_printed,,,,,high,machine_checked,corpus/purananuru/poems/198.md,9ce2183fd5f5a32a18a5efd031ec89e7b4f2342b53bf3c9bc61947f7ede162c8
asrt.460a50029baa3c0eac45857e,purananuru,198,PATRON_OR_ADDRESSEE,SOURCE_EXPLICIT,ADDRESSED_TO,பாண்டியன் இலவந்திகைப் பள்ளித் துஞ்சிய நன்மாறன்,addressee_as_printed,yaml:addressee_as_printed,,,,,high,machine_checked,corpus/purananuru/poems/198.md,9ce2183fd5f5a32a18a5efd031ec89e7b4f2342b53bf3c9bc61947f7ede162c8
asrt.b9b7ff286418ffe43aa95b5b,purananuru,198,TINI_VALUE,SOURCE_EXPLICIT,ASSOCIATED_WITH_TINAI,பாடாண்,thinai_as_printed,yaml:thinai_as_printed,,,,,high,machine_checked,corpus/purananuru/poems/198.md,9ce2183fd5f5a32a18a5efd031ec89e7b4f2342b53bf3c9bc61947f7ede162c8
asrt.e6818f1b68d0f44ede9742b2,purananuru,198,TURAI_VALUE,SOURCE_EXPLICIT,ASSOCIATED_WITH_TURAI,பரிசில் கடா நிலை,thurai,yaml:thurai,,,,,high,machine_checked,corpus/purananuru/poems/198.md,9ce2183fd5f5a32a18a5efd031ec89e7b4f2342b53bf3c9bc61947f7ede162c8
asrt.1d3dc53e103f8cae39212768,purananuru,198,SOURCE_CONTEXT_NOTE,SOURCE_EXPLICIT,HAS_PRINTED_SOURCE_NOTE,"பாடியவர்: வடமவண்ணக்கண் பேரிசாத்தனார்.
பாடப்பட்டோன் : பாண்டியன் இலவந்திகைப் பள்ளித் துஞ்சிய நன்மாறன்.
திணை: பாடாண். துறை: பரிசில் கடா நிலை.",source_note,markdown:source-note,,,,,high,machine_checked,corpus/purananuru/poems/198.md,9ce2183fd5f5a32a18a5efd031ec89e7b4f2342b53bf3c9bc61947f7ede162c8
asrt.9b674d5a4e90f1a271260ab2,purananuru,198,SOURCE_CONTEXT_NOTE,SOURCE_EXPLICIT,HAS_PRINTED_TITLE,மறவாது ஈமே!,title_as_printed,yaml:title_as_printed,,,,,high,machine_checked,corpus/purananuru/poems/198.md,9ce2183fd5f5a32a18a5efd031ec89e7b4f2342b53bf3c9bc61947f7ede162c8
asrt.9d17ed9702b85626f0f48434,purananuru,198,TEXTUAL_CONDITION,SOURCE_EXPLICIT,HAS_TEXTUAL_STATUS,complete,textual_status,yaml:textual_status,,,,,high,machine_checked,corpus/purananuru/poems/198.md,9ce2183fd5f5a32a18a5efd031ec89e7b4f2342b53bf3c9bc61947f7ede162c8
asrt.61e3a9e2181b61442f15b2e1,purananuru,199,POET_ATTRIBUTION,SOURCE_EXPLICIT,ATTRIBUTED_TO,பெரும்பதுமனார்,poet_as_printed,yaml:poet_as_printed,,,,,high,machine_checked,corpus/purananuru/poems/199.md,021f4e430b25aee8c605a1ddb25a3103baa1325d4e77f56c7aaecd65a4eb84a0
asrt.e11c185795d6e3a0e4a0f0fa,purananuru,199,TINI_VALUE,SOURCE_EXPLICIT,ASSOCIATED_WITH_TINAI,பாடாண் துறை: பரிசில் கடா நிலை,thinai_as_printed,yaml:thinai_as_printed,,,,,high,machine_checked,corpus/purananuru/poems/199.md,021f4e430b25aee8c605a1ddb25a3103baa1325d4e77f56c7aaecd65a4eb84a0
asrt.0412d413e766840875892282,purananuru,199,TURAI_VALUE,SOURCE_EXPLICIT,ASSOCIATED_WITH_TURAI,பரிசில் கடா நிலை,thurai,yaml:thurai,,,,,high,machine_checked,corpus/purananuru/poems/199.md,021f4e430b25aee8c605a1ddb25a3103baa1325d4e77f56c7aaecd65a4eb84a0
asrt.910eaecd1bc2a5697f120027,purananuru,199,SOURCE_CONTEXT_NOTE,SOURCE_EXPLICIT,HAS_PRINTED_TITLE,கலிகொள் புள்ளினன்!,title_as_printed,yaml:title_as_printed,,,,,high,machine_checked,corpus/purananuru/poems/199.md,021f4e430b25aee8c605a1ddb25a3103baa1325d4e77f56c7aaecd65a4eb84a0
asrt.901601abca343a2414660425,purananuru,199,SOURCE_CONTEXT_NOTE,SOURCE_EXPLICIT,HAS_PRINTED_SOURCE_NOTE,"பாடியவர்: பெரும்பதுமனார்
திணை: பாடாண் துறை: பரிசில் கடா நிலை",source_note,markdown:source-note,,,,,high,machine_checked,corpus/purananuru/poems/199.md,021f4e430b25aee8c605a1ddb25a3103baa1325d4e77f56c7aaecd65a4eb84a0
asrt.112bc74d89148faa882d1621,purananuru,199,TEXTUAL_CONDITION,SOURCE_EXPLICIT,HAS_TEXTUAL_STATUS,complete,textual_status,yaml:textual_status,,,,,high,machine_checked,corpus/purananuru/poems/199.md,021f4e430b25aee8c605a1ddb25a3103baa1325d4e77f56c7aaecd65a4eb84a0
asrt.dc0f0ce331ed8dd76ec43426,purananuru,200,SOURCE_CONTEXT_NOTE,SOURCE_EXPLICIT,HAS_PRINTED_TITLE,பரந்தோங்கு சிறப்பின் பாரி மகளிர்!,title_as_printed,yaml:title_as_printed,,,,,high,machine_checked,corpus/purananuru/poems/200.md,e7736f3a94cf4f61c83ec81a4de7358b5822ac3a25e8687f2c67358281844481
asrt.80bb297cf9769bc743102ebb,purananuru,200,TEXTUAL_CONDITION,SOURCE_EXPLICIT,HAS_TEXTUAL_STATUS,complete,textual_status,yaml:textual_status,,,,,high,machine_checked,corpus/purananuru/poems/200.md,e7736f3a94cf4f61c83ec81a4de7358b5822ac3a25e8687f2c67358281844481
asrt.72a783f3757d746d1b4df52b,purananuru,201,POET_ATTRIBUTION,SOURCE_EXPLICIT,ATTRIBUTED_TO,கபிலர்,poet_as_printed,yaml:poet_as_printed,,,,,high,machine_checked,corpus/purananuru/poems/201.md,ddfb7b68a7f9636ef26bcddb401cc71f2a7f4d390f03b2abba8549f5e59d8572
asrt.37cfe739b71a0502130ee6b0,purananuru,201,PATRON_OR_ADDRESSEE,SOURCE_EXPLICIT,ADDRESSED_TO,இருங்கோவேள்,addressee_as_printed,yaml:addressee_as_printed,,,,,high,machine_checked,corpus/purananuru/poems/201.md,ddfb7b68a7f9636ef26bcddb401cc71f2a7f4d390f03b2abba8549f5e59d8572
asrt.d5c2685f08c77c6928cda438,purananuru,201,TINI_VALUE,SOURCE_EXPLICIT,ASSOCIATED_WITH_TINAI,பாடாண்,thinai_as_printed,yaml:thinai_as_printed,,,,,high,machine_checked,corpus/purananuru/poems/201.md,ddfb7b68a7f9636ef26bcddb401cc71f2a7f4d390f03b2abba8549f5e59d8572
asrt.d4793e6e74e6ef8bad308bb9,purananuru,201,TURAI_VALUE,SOURCE_EXPLICIT,ASSOCIATED_WITH_TURAI,பரிசில்,thurai,yaml:thurai,,,,,high,machine_checked,corpus/purananuru/poems/201.md,ddfb7b68a7f9636ef26bcddb401cc71f2a7f4d390f03b2abba8549f5e59d8572
asrt.7c8439d954298c635abb8b59,purananuru,201,SOURCE_CONTEXT_NOTE,SOURCE_EXPLICIT,HAS_PRINTED_TITLE,இவர் என் மகளிர்!,title_as_printed,yaml:title_as_printed,,,,,high,machine_checked,corpus/purananuru/poems/201.md,ddfb7b68a7f9636ef26bcddb401cc71f2a7f4d390f03b2abba8549f5e59d8572
asrt.a3e00014ef17b6049122c5c5,purananuru,201,SOURCE_CONTEXT_NOTE,SOURCE_EXPLICIT,HAS_PRINTED_SOURCE_NOTE,"பாடியவர்: கபிலர்.
பாடப்பட்டோன் : இருங்கோவேள்.
திணை; பாடாண். துறை: பரிசில்.
குறிப்பு: பாரி மகளிரை உடன் கொண்டு சென்ற காலத்துப் பாடியது.)",source_note,markdown:source-note,,,,,high,machine_checked,corpus/purananuru/poems/201.md,ddfb7b68a7f9636ef26bcddb401cc71f2a7f4d390f03b2abba8549f5e59d8572
asrt.ea8c940138bea1b80e9d3253,purananuru,201,TEXTUAL_CONDITION,SOURCE_EXPLICIT,HAS_TEXTUAL_STATUS,complete,textual_status,yaml:textual_status,,,,,high,machine_checked,corpus/purananuru/poems/201.md,ddfb7b68a7f9636ef26bcddb401cc71f2a7f4d390f03b2abba8549f5e59d8572
asrt.302497e44a1a34075f3b136b,purananuru,201,PERSON_MENTION,SOURCE_EXPLICIT,MENTIONS_CANDIDATE,பாரி மகளிர்,canonical_body,markdown:canonical-body,5,5,9,20,medium,human_review_required,corpus/purananuru/poems/201.md,ddfb7b68a7f9636ef26bcddb401cc71f2a7f4d390f03b2abba8549f5e59d8572
asrt.d93085bd5fc4f7836fe2085f,purananuru,201,KINSHIP_MENTION,SOURCE_EXPLICIT,MENTIONS_CANDIDATE,தந்தை,canonical_body,markdown:canonical-body,6,6,0,5,medium,human_review_required,corpus/purananuru/poems/201.md,ddfb7b68a7f9636ef26bcddb401cc71f2a7f4d390f03b2abba8549f5e59d8572
asrt.215cebd17b74667dadb833c9,purananuru,202,POET_ATTRIBUTION,SOURCE_EXPLICIT,ATTRIBUTED_TO,கபிலர்,poet_as_printed,yaml:poet_as_printed,,,,,high,machine_checked,corpus/purananuru/poems/202.md,56319973858e9523b9cc515bb9227c59dc3f68c2f8b80a56c110ba0cd656fb7e
asrt.d104f3496dc063e57444c6a5,purananuru,202,PATRON_OR_ADDRESSEE,SOURCE_EXPLICIT,ADDRESSED_TO,இருங்கோவேள்,addressee_as_printed,yaml:addressee_as_printed,,,,,high,machine_checked,corpus/purananuru/poems/202.md,56319973858e9523b9cc515bb9227c59dc3f68c2f8b80a56c110ba0cd656fb7e
asrt.eb1f2b11e10cf629de0ef741,purananuru,202,TINI_VALUE,SOURCE_EXPLICIT,ASSOCIATED_WITH_TINAI,பாடாண்,thinai_as_printed,yaml:thinai_as_printed,,,,,high,machine_checked,corpus/purananuru/poems/202.md,56319973858e9523b9cc515bb9227c59dc3f68c2f8b80a56c110ba0cd656fb7e
asrt.181a60e888a0d57046df4e2e,purananuru,202,TURAI_VALUE,SOURCE_EXPLICIT,ASSOCIATED_WITH_TURAI,பரிசில்,thurai,yaml:thurai,,,,,high,machine_checked,corpus/purananuru/poems/202.md,56319973858e9523b9cc515bb9227c59dc3f68c2f8b80a56c110ba0cd656fb7e
asrt.c31d864a12c66d92dc174243,purananuru,202,SOURCE_CONTEXT_NOTE,SOURCE_EXPLICIT,HAS_PRINTED_TITLE,கைவண் பாரி மகளிர்!,title_as_printed,yaml:title_as_printed,,,,,high,machine_checked,corpus/purananuru/poems/202.md,56319973858e9523b9cc515bb9227c59dc3f68c2f8b80a56c110ba0cd656fb7e
asrt.4b9dfe6b1d45e1a910e22254,purananuru,202,SOURCE_CONTEXT_NOTE,SOURCE_EXPLICIT,HAS_PRINTED_SOURCE_NOTE,"பாடியவர்: கபிலர்.
பாடப்பட்டோன்: இருங்கோவேள்.
திணை:பாடாண். துறை: பரிசில்.
குறிப்பு: இருங்கோவேள் பாரி மகளிரைக் கொள்ளானாக, அப்போது பாடியச் செய்யுள் இது.
(கபிலரின் உள்ளம் மிகவும் நொந்து போயின நிலையைச் செய்யுள் காட்டுகின்றது.)",source_note,markdown:source-note,,,,,high,machine_checked,corpus/purananuru/poems/202.md,56319973858e9523b9cc515bb9227c59dc3f68c2f8b80a56c110ba0cd656fb7e
asrt.37653a7674b0158d9a360684,purananuru,202,TEXTUAL_CONDITION,SOURCE_EXPLICIT,HAS_TEXTUAL_STATUS,complete,textual_status,yaml:textual_status,,,,,high,machine_checked,corpus/purananuru/poems/202.md,56319973858e9523b9cc515bb9227c59dc3f68c2f8b80a56c110ba0cd656fb7e
asrt.f098300b9e4b88d7bc322b39,purananuru,202,PERSON_MENTION,SOURCE_EXPLICIT,MENTIONS_CANDIDATE,பாரி மகளிர்,canonical_body,markdown:canonical-body,15,15,6,17,medium,human_review_required,corpus/purananuru/poems/202.md,56319973858e9523b9cc515bb9227c59dc3f68c2f8b80a56c110ba0cd656fb7e
asrt.cdc56f411f96d9c3438363ca,purananuru,202,FLORA_MENTION,SOURCE_EXPLICIT,MENTIONS_CANDIDATE,வேங்கை,canonical_body,markdown:canonical-body,18,18,29,35,medium,human_review_required,corpus/purananuru/poems/202.md,56319973858e9523b9cc515bb9227c59dc3f68c2f8b80a56c110ba0cd656fb7e
asrt.3e2f2310255163042253a6ea,purananuru,203,POET_ATTRIBUTION,SOURCE_EXPLICIT,ATTRIBUTED_TO,ஊன்பொதி பசுங்குடையார்,poet_as_printed,yaml:poet_as_printed,,,,,high,machine_checked,corpus/purananuru/poems/203.md,6fc05328dc9508d405d7cd3f9b7c28242d3ac581e5ec8622b241d8ab71cb5631
asrt.e7479748add3f60077c078c9,purananuru,203,PATRON_OR_ADDRESSEE,SOURCE_EXPLICIT,ADDRESSED_TO,சேரமான் பாமுளூரெறிந்த நெய்தலங்கானல் இளஞ்சேட் சென்னி,addressee_as_printed,yaml:addressee_as_printed,,,,,high,machine_checked,corpus/purananuru/poems/203.md,6fc05328dc9508d405d7cd3f9b7c28242d3ac581e5ec8622b241d8ab71cb5631
asrt.512ae065a51480d3d480c213,purananuru,203,TINI_VALUE,SOURCE_EXPLICIT,ASSOCIATED_WITH_TINAI,பாடாண் துறை:பரிசில்,thinai_as_printed,yaml:thinai_as_printed,,,,,high,machine_checked,corpus/purananuru/poems/203.md,6fc05328dc9508d405d7cd3f9b7c28242d3ac581e5ec8622b241d8ab71cb5631
asrt.2ccc07eab0b666a7797e314d,purananuru,203,TURAI_VALUE,SOURCE_EXPLICIT,ASSOCIATED_WITH_TURAI,பரிசில்,thurai,yaml:thurai,,,,,high,machine_checked,corpus/purananuru/poems/203.md,6fc05328dc9508d405d7cd3f9b7c28242d3ac581e5ec8622b241d8ab71cb5631
asrt.7b5b959e2f810a2b98824082,purananuru,203,SOURCE_CONTEXT_NOTE,SOURCE_EXPLICIT,HAS_PRINTED_TITLE,இரவலர்க்கு உதவுக!,title_as_printed,yaml:title_as_printed,,,,,high,machine_checked,corpus/purananuru/poems/203.md,6fc05328dc9508d405d7cd3f9b7c28242d3ac581e5ec8622b241d8ab71cb5631
asrt.82cc9772251d0f9a3ed00021,purananuru,203,SOURCE_CONTEXT_NOTE,SOURCE_EXPLICIT,HAS_PRINTED_SOURCE_NOTE,"பாடியவர்: ஊன்பொதி பசுங்குடையார்
பாடப்பட்டோன்: சேரமான் பாமுளூரெறிந்த நெய்தலங்கானல் இளஞ்சேட் சென்னி
திணை:பாடாண் துறை:பரிசில்",source_note,markdown:source-note,,,,,high,machine_checked,corpus/purananuru/poems/203.md,6fc05328dc9508d405d7cd3f9b7c28242d3ac581e5ec8622b241d8ab71cb5631
asrt.94babe484d393ce3f5be84b8,purananuru,203,TEXTUAL_CONDITION,SOURCE_EXPLICIT,HAS_TEXTUAL_STATUS,complete,textual_status,yaml:textual_status,,,,,high,machine_checked,corpus/purananuru/poems/203.md,6fc05328dc9508d405d7cd3f9b7c28242d3ac581e5ec8622b241d8ab71cb5631
asrt.0590175ec2f966a2090a3465,purananuru,204,POET_ATTRIBUTION,SOURCE_EXPLICIT,ATTRIBUTED_TO,கழைதின் யானையார்,poet_as_printed,yaml:poet_as_printed,,,,,high,machine_checked,corpus/purananuru/poems/204.md,c0f77f0f133a21aa963d7cb180aacc292f8b27243b0b78ba0d2eb3d85ca50754
asrt.1de9545e6c024f13904fa752,purananuru,204,PATRON_OR_ADDRESSEE,SOURCE_EXPLICIT,ADDRESSED_TO,வல் வில் ஓரி,addressee_as_printed,yaml:addressee_as_printed,,,,,high,machine_checked,corpus/purananuru/poems/204.md,c0f77f0f133a21aa963d7cb180aacc292f8b27243b0b78ba0d2eb3d85ca50754
asrt.8b9d639f66b14a529820d049,purananuru,204,TINI_VALUE,SOURCE_EXPLICIT,ASSOCIATED_WITH_TINAI,பாடாண்,thinai_as_printed,yaml:thinai_as_printed,,,,,high,machine_checked,corpus/purananuru/poems/204.md,c0f77f0f133a21aa963d7cb180aacc292f8b27243b0b78ba0d2eb3d85ca50754
asrt.7b6e9f4e4a206d6cb455a022,purananuru,204,TURAI_VALUE,SOURCE_EXPLICIT,ASSOCIATED_WITH_TURAI,பரிசில்,thurai,yaml:thurai,,,,,high,machine_checked,corpus/purananuru/poems/204.md,c0f77f0f133a21aa963d7cb180aacc292f8b27243b0b78ba0d2eb3d85ca50754
asrt.8f453db08da538225f99256f,purananuru,204,SOURCE_CONTEXT_NOTE,SOURCE_EXPLICIT,HAS_PRINTED_TITLE,அதனினும் உயர்ந்தது!,title_as_printed,yaml:title_as_printed,,,,,high,machine_checked,corpus/purananuru/poems/204.md,c0f77f0f133a21aa963d7cb180aacc292f8b27243b0b78ba0d2eb3d85ca50754
asrt.9015bee31ecef7ef2ee080a1,purananuru,204,SOURCE_CONTEXT_NOTE,SOURCE_EXPLICIT,HAS_PRINTED_SOURCE_NOTE,"பாடியவர்: கழைதின் யானையார்.
பாடப்பட்டோன்: வல் வில் ஓரி.
திணை:பாடாண். துறை: பரிசில்.",source_note,markdown:source-note,,,,,high,machine_checked,corpus/purananuru/poems/204.md,c0f77f0f133a21aa963d7cb180aacc292f8b27243b0b78ba0d2eb3d85ca50754
asrt.ba1e45e2c2bef60f4f2f3078,purananuru,204,TEXTUAL_CONDITION,SOURCE_EXPLICIT,HAS_TEXTUAL_STATUS,complete,textual_status,yaml:textual_status,,,,,high,machine_checked,corpus/purananuru/poems/204.md,c0f77f0f133a21aa963d7cb180aacc292f8b27243b0b78ba0d2eb3d85ca50754
asrt.77de93adecc1a42d1c7d5f4e,purananuru,205,POET_ATTRIBUTION,SOURCE_EXPLICIT,ATTRIBUTED_TO,பெருந்தலைச் சாத்தனார்,poet_as_printed,yaml:poet_as_printed,,,,,high,machine_checked,corpus/purananuru/poems/205.md,256683cc938008e2477ac32410ca602373810af7d34f33018ae6ecba3c53fcc5
asrt.703c34ad2e7628889af4eaec,purananuru,205,PATRON_OR_ADDRESSEE,SOURCE_EXPLICIT,ADDRESSED_TO,கடிய நெடுவேட்டுவன்,addressee_as_printed,yaml:addressee_as_printed,,,,,high,machine_checked,corpus/purananuru/poems/205.md,256683cc938008e2477ac32410ca602373810af7d34f33018ae6ecba3c53fcc5
asrt.3540b7bc864f49d22cc0feeb,purananuru,205,TINI_VALUE,SOURCE_EXPLICIT,ASSOCIATED_WITH_TINAI,பாடாண்,thinai_as_printed,yaml:thinai_as_printed,,,,,high,machine_checked,corpus/purananuru/poems/205.md,256683cc938008e2477ac32410ca602373810af7d34f33018ae6ecba3c53fcc5
asrt.cec2080117bffbfa77f3e18d,purananuru,205,TURAI_VALUE,SOURCE_EXPLICIT,ASSOCIATED_WITH_TURAI,பரிசில்,thurai,yaml:thurai,,,,,high,machine_checked,corpus/purananuru/poems/205.md,256683cc938008e2477ac32410ca602373810af7d34f33018ae6ecba3c53fcc5
asrt.b791f239875ee8bfdf8b48f4,purananuru,205,SOURCE_CONTEXT_NOTE,SOURCE_EXPLICIT,HAS_PRINTED_SOURCE_NOTE,"பாடியவர்: பெருந்தலைச் சாத்தனார்.
பாடப்பட்டோன்: கடிய நெடுவேட்டுவன்.
திணை:பாடாண். துறை: பரிசில்.",source_note,markdown:source-note,,,,,high,machine_checked,corpus/purananuru/poems/205.md,256683cc938008e2477ac32410ca602373810af7d34f33018ae6ecba3c53fcc5
asrt.d67053a223e9b9e6fde22917,purananuru,205,SOURCE_CONTEXT_NOTE,SOURCE_EXPLICIT,HAS_PRINTED_TITLE,பெட்பின்றி ஈதல் வேண்டலம்!,title_as_printed,yaml:title_as_printed,,,,,high,machine_checked,corpus/purananuru/poems/205.md,256683cc938008e2477ac32410ca602373810af7d34f33018ae6ecba3c53fcc5
asrt.3f18562716c21fc83deadd65,purananuru,205,TEXTUAL_CONDITION,SOURCE_EXPLICIT,HAS_TEXTUAL_STATUS,complete,textual_status,yaml:textual_status,,,,,high,machine_checked,corpus/purananuru/poems/205.md,256683cc938008e2477ac32410ca602373810af7d34f33018ae6ecba3c53fcc5
asrt.47a1a0575f0a376a450dc3fe,purananuru,206,POET_ATTRIBUTION,SOURCE_EXPLICIT,ATTRIBUTED_TO,ஔவையார்,poet_as_printed,yaml:poet_as_printed,,,,,high,machine_checked,corpus/purananuru/poems/206.md,33860d79f58979daaeba2b7dfc12c43176b3427a098529df6b784abe5e101d72
asrt.d6ef603f1440c880b06f7d6d,purananuru,206,PATRON_OR_ADDRESSEE,SOURCE_EXPLICIT,ADDRESSED_TO,அதியமான் நெடுமான் அஞ்சி,addressee_as_printed,yaml:addressee_as_printed,,,,,high,machine_checked,corpus/purananuru/poems/206.md,33860d79f58979daaeba2b7dfc12c43176b3427a098529df6b784abe5e101d72
asrt.a7bc39a0718b25945b79313d,purananuru,206,TINI_VALUE,SOURCE_EXPLICIT,ASSOCIATED_WITH_TINAI,பாடாண்: துறை: பரிசில்,thinai_as_printed,yaml:thinai_as_printed,,,,,high,machine_checked,corpus/purananuru/poems/206.md,33860d79f58979daaeba2b7dfc12c43176b3427a098529df6b784abe5e101d72
asrt.83482f139135655e06c668a5,purananuru,206,TURAI_VALUE,SOURCE_EXPLICIT,ASSOCIATED_WITH_TURAI,பரிசில்,thurai,yaml:thurai,,,,,high,machine_checked,corpus/purananuru/poems/206.md,33860d79f58979daaeba2b7dfc12c43176b3427a098529df6b784abe5e101d72
asrt.ba3187457c442c2a8afb3fa3,purananuru,206,SOURCE_CONTEXT_NOTE,SOURCE_EXPLICIT,HAS_PRINTED_TITLE,எத்திசைச் செலினும் சோறே!,title_as_printed,yaml:title_as_printed,,,,,high,machine_checked,corpus/purananuru/poems/206.md,33860d79f58979daaeba2b7dfc12c43176b3427a098529df6b784abe5e101d72
asrt.3dd23bdc6ccd5d2c159e47ad,purananuru,206,SOURCE_CONTEXT_NOTE,SOURCE_EXPLICIT,HAS_PRINTED_SOURCE_NOTE,"பாடியவர்: ஔவையார்.
பாடப்பட்டோன்: அதியமான் நெடுமான் அஞ்சி.
திணை: பாடாண்: துறை: பரிசில்.",source_note,markdown:source-note,,,,,high,machine_checked,corpus/purananuru/poems/206.md,33860d79f58979daaeba2b7dfc12c43176b3427a098529df6b784abe5e101d72
asrt.a30db0e596175a39bf531259,purananuru,206,TEXTUAL_CONDITION,SOURCE_EXPLICIT,HAS_TEXTUAL_STATUS,complete,textual_status,yaml:textual_status,,,,,high,machine_checked,corpus/purananuru/poems/206.md,33860d79f58979daaeba2b7dfc12c43176b3427a098529df6b784abe5e101d72
asrt.57998c4ce65ce8a14c10a663,purananuru,206,GIFT_MENTION,SOURCE_EXPLICIT,MENTIONS_CANDIDATE,பரிசில்,canonical_body,markdown:canonical-body,4,4,23,30,medium,human_review_required,corpus/purananuru/poems/206.md,33860d79f58979daaeba2b7dfc12c43176b3427a098529df6b784abe5e101d72
asrt.b79f41e5088e2b95350e9817,purananuru,207,POET_ATTRIBUTION,SOURCE_EXPLICIT,ATTRIBUTED_TO,பெருஞ்சித்திரனார்,poet_as_printed,yaml:poet_as_printed,,,,,high,machine_checked,corpus/purananuru/poems/207.md,4c1f8e948b74de27c2bba333d19bc52c9bbaa7e2eb53f88a31d91bd6ae585186
asrt.cd0863337841b2393a3033ec,purananuru,207,PATRON_OR_ADDRESSEE,SOURCE_EXPLICIT,ADDRESSED_TO,இளவெளிமான்,addressee_as_printed,yaml:addressee_as_printed,,,,,high,machine_checked,corpus/purananuru/poems/207.md,4c1f8e948b74de27c2bba333d19bc52c9bbaa7e2eb53f88a31d91bd6ae585186
asrt.19daeff9b0f3f3b877be9130,purananuru,207,TINI_VALUE,SOURCE_EXPLICIT,ASSOCIATED_WITH_TINAI,பாடாண்: துறை: பரிசில்,thinai_as_printed,yaml:thinai_as_printed,,,,,high,machine_checked,corpus/purananuru/poems/207.md,4c1f8e948b74de27c2bba333d19bc52c9bbaa7e2eb53f88a31d91bd6ae585186
asrt.556b987347b917f715ec038c,purananuru,207,TURAI_VALUE,SOURCE_EXPLICIT,ASSOCIATED_WITH_TURAI,பரிசில்,thurai,yaml:thurai,,,,,high,machine_checked,corpus/purananuru/poems/207.md,4c1f8e948b74de27c2bba333d19bc52c9bbaa7e2eb53f88a31d91bd6ae585186
asrt.00d8570e59155afa52a93b45,purananuru,207,SOURCE_CONTEXT_NOTE,SOURCE_EXPLICIT,HAS_PRINTED_SOURCE_NOTE,"பாடியவர்: பெருஞ்சித்திரனார்.
பாடப்பட்டோன்: இளவெளிமான்.
திணை: பாடாண்: துறை: பரிசில்.",source_note,markdown:source-note,,,,,high,machine_checked,corpus/purananuru/poems/207.md,4c1f8e948b74de27c2bba333d19bc52c9bbaa7e2eb53f88a31d91bd6ae585186
asrt.896f72b67d88b41140c9f2d7,purananuru,207,SOURCE_CONTEXT_NOTE,SOURCE_EXPLICIT,HAS_PRINTED_TITLE,வருகென வேண்டும்!,title_as_printed,yaml:title_as_printed,,,,,high,machine_checked,corpus/purananuru/poems/207.md,4c1f8e948b74de27c2bba333d19bc52c9bbaa7e2eb53f88a31d91bd6ae585186
asrt.0dabe9256f8f134c94847dac,purananuru,207,TEXTUAL_CONDITION,SOURCE_EXPLICIT,HAS_TEXTUAL_STATUS,complete,textual_status,yaml:textual_status,,,,,high,machine_checked,corpus/purananuru/poems/207.md,4c1f8e948b74de27c2bba333d19bc52c9bbaa7e2eb53f88a31d91bd6ae585186
asrt.36b8bac4cf1e38277c312901,purananuru,207,GIFT_MENTION,SOURCE_EXPLICIT,MENTIONS_CANDIDATE,பரிசில்,canonical_body,markdown:canonical-body,4,4,21,28,medium,human_review_required,corpus/purananuru/poems/207.md,4c1f8e948b74de27c2bba333d19bc52c9bbaa7e2eb53f88a31d91bd6ae585186
asrt.e9180d287d6b17d0b6152a50,purananuru,208,POET_ATTRIBUTION,SOURCE_EXPLICIT,ATTRIBUTED_TO,பெருஞ்சித்திரனார்,poet_as_printed,yaml:poet_as_printed,,,,,high,machine_checked,corpus/purananuru/poems/208.md,c09139eda3e90f30b15f5a90f43bbddd75dbec2cf2c1922fde7394c5da77da08
asrt.92f2a273b86623f67dbd67f6,purananuru,208,PATRON_OR_ADDRESSEE,SOURCE_EXPLICIT,ADDRESSED_TO,அதியமான் நெடுமான் அஞ்சி,addressee_as_printed,yaml:addressee_as_printed,,,,,high,machine_checked,corpus/purananuru/poems/208.md,c09139eda3e90f30b15f5a90f43bbddd75dbec2cf2c1922fde7394c5da77da08
asrt.e25f4d8b39e7055ba8417b66,purananuru,208,TINI_VALUE,SOURCE_EXPLICIT,ASSOCIATED_WITH_TINAI,பாடாண்: துறை: பரிசில்,thinai_as_printed,yaml:thinai_as_printed,,,,,high,machine_checked,corpus/purananuru/poems/208.md,c09139eda3e90f30b15f5a90f43bbddd75dbec2cf2c1922fde7394c5da77da08
asrt.8884769f4e7bc8aaa8f2059d,purananuru,208,TURAI_VALUE,SOURCE_EXPLICIT,ASSOCIATED_WITH_TURAI,பரிசில்,thurai,yaml:thurai,,,,,high,machine_checked,corpus/purananuru/poems/208.md,c09139eda3e90f30b15f5a90f43bbddd75dbec2cf2c1922fde7394c5da77da08
asrt.5a599b964d605c075f55de8f,purananuru,208,SOURCE_CONTEXT_NOTE,SOURCE_EXPLICIT,HAS_PRINTED_SOURCE_NOTE,"பாடியவர்: பெருஞ்சித்திரனார்.
பாடப்பட்டோன்: அதியமான் நெடுமான் அஞ்சி.
திணை: பாடாண்: துறை: பரிசில்.",source_note,markdown:source-note,,,,,high,machine_checked,corpus/purananuru/poems/208.md,c09139eda3e90f30b15f5a90f43bbddd75dbec2cf2c1922fde7394c5da77da08
asrt.41c088f781dfc67cece86863,purananuru,208,SOURCE_CONTEXT_NOTE,SOURCE_EXPLICIT,HAS_PRINTED_TITLE,வாணிகப் பரிசிலன் அல்லேன்!,title_as_printed,yaml:title_as_printed,,,,,high,machine_checked,corpus/purananuru/poems/208.md,c09139eda3e90f30b15f5a90f43bbddd75dbec2cf2c1922fde7394c5da77da08
asrt.8112b786d4395a124a65858b,purananuru,208,TEXTUAL_CONDITION,SOURCE_EXPLICIT,HAS_TEXTUAL_STATUS,complete,textual_status,yaml:textual_status,,,,,high,machine_checked,corpus/purananuru/poems/208.md,c09139eda3e90f30b15f5a90f43bbddd75dbec2cf2c1922fde7394c5da77da08
asrt.0a0843da1ef5ee464760502e,purananuru,208,GIFT_MENTION,SOURCE_EXPLICIT,MENTIONS_CANDIDATE,பரிசில்,canonical_body,markdown:canonical-body,2,2,10,17,medium,human_review_required,corpus/purananuru/poems/208.md,c09139eda3e90f30b15f5a90f43bbddd75dbec2cf2c1922fde7394c5da77da08
asrt.923a2e728141c2ce91d936b1,purananuru,209,POET_ATTRIBUTION,SOURCE_EXPLICIT,ATTRIBUTED_TO,பெருந்தலைச் சாத்தனார்,poet_as_printed,yaml:poet_as_printed,,,,,high,machine_checked,corpus/purananuru/poems/209.md,9d3d2765e7a5daf23e2459d7ed066720cf69a0cb1b5dc8f8174d515673808639
asrt.0570ef22466523cb1fe2b970,purananuru,209,PATRON_OR_ADDRESSEE,SOURCE_EXPLICIT,ADDRESSED_TO,மூவன்,addressee_as_printed,yaml:addressee_as_printed,,,,,high,machine_checked,corpus/purananuru/poems/209.md,9d3d2765e7a5daf23e2459d7ed066720cf69a0cb1b5dc8f8174d515673808639
asrt.486d20325e04c33b81676c38,purananuru,209,TINI_VALUE,SOURCE_EXPLICIT,ASSOCIATED_WITH_TINAI,பாடாண்: துறை: பரிசில் கடாநிலை,thinai_as_printed,yaml:thinai_as_printed,,,,,high,machine_checked,corpus/purananuru/poems/209.md,9d3d2765e7a5daf23e2459d7ed066720cf69a0cb1b5dc8f8174d515673808639
asrt.aa3325d417199755825c6cc5,purananuru,209,TURAI_VALUE,SOURCE_EXPLICIT,ASSOCIATED_WITH_TURAI,பரிசில் கடாநிலை,thurai,yaml:thurai,,,,,high,machine_checked,corpus/purananuru/poems/209.md,9d3d2765e7a5daf23e2459d7ed066720cf69a0cb1b5dc8f8174d515673808639
asrt.d178d958740da8d3d9744a5f,purananuru,209,SOURCE_CONTEXT_NOTE,SOURCE_EXPLICIT,HAS_PRINTED_TITLE,நல்நாட்டுப் பொருந!,title_as_printed,yaml:title_as_printed,,,,,high,machine_checked,corpus/purananuru/poems/209.md,9d3d2765e7a5daf23e2459d7ed066720cf69a0cb1b5dc8f8174d515673808639
asrt.8c406aad11db3c9951342a5f,purananuru,209,SOURCE_CONTEXT_NOTE,SOURCE_EXPLICIT,HAS_PRINTED_SOURCE_NOTE,"பாடியவர்: பெருந்தலைச் சாத்தனார்.
பாடப்பட்டோன்: மூவன்.
திணை: பாடாண்: துறை: பரிசில் கடாநிலை.",source_note,markdown:source-note,,,,,high,machine_checked,corpus/purananuru/poems/209.md,9d3d2765e7a5daf23e2459d7ed066720cf69a0cb1b5dc8f8174d515673808639
asrt.85903dc5a5eb6aa3aaaeca8e,purananuru,209,TEXTUAL_CONDITION,SOURCE_EXPLICIT,HAS_TEXTUAL_STATUS,complete,textual_status,yaml:textual_status,,,,,high,machine_checked,corpus/purananuru/poems/209.md,9d3d2765e7a5daf23e2459d7ed066720cf69a0cb1b5dc8f8174d515673808639
asrt.c870c2f1a3a135d2d3e35be9,purananuru,210,POET_ATTRIBUTION,SOURCE_EXPLICIT,ATTRIBUTED_TO,பெருங்குன்றூர் கிழார்,poet_as_printed,yaml:poet_as_printed,,,,,high,machine_checked,corpus/purananuru/poems/210.md,a9bfbaa0f5a43d5f00ca83ea6822c0e4b1ec8ab6f21cf9b5e40210f7e6e4d163
asrt.f269923c465b80444e043dd6,purananuru,210,PATRON_OR_ADDRESSEE,SOURCE_EXPLICIT,ADDRESSED_TO,சேரமான் குடக்கோச் சேரல் இரும்பொறை,addressee_as_printed,yaml:addressee_as_printed,,,,,high,machine_checked,corpus/purananuru/poems/210.md,a9bfbaa0f5a43d5f00ca83ea6822c0e4b1ec8ab6f21cf9b5e40210f7e6e4d163
asrt.af138806eb1100165861dd44,purananuru,210,TINI_VALUE,SOURCE_EXPLICIT,ASSOCIATED_WITH_TINAI,பாடாண்: துறை: பரிசில் கடாநிலை,thinai_as_printed,yaml:thinai_as_printed,,,,,high,machine_checked,corpus/purananuru/poems/210.md,a9bfbaa0f5a43d5f00ca83ea6822c0e4b1ec8ab6f21cf9b5e40210f7e6e4d163
asrt.b0c069acb172d852c40fe734,purananuru,210,TURAI_VALUE,SOURCE_EXPLICIT,ASSOCIATED_WITH_TURAI,பரிசில் கடாநிலை,thurai,yaml:thurai,,,,,high,machine_checked,corpus/purananuru/poems/210.md,a9bfbaa0f5a43d5f00ca83ea6822c0e4b1ec8ab6f21cf9b5e40210f7e6e4d163
asrt.21ab0ada23ed881e013454f9,purananuru,210,SOURCE_CONTEXT_NOTE,SOURCE_EXPLICIT,HAS_PRINTED_TITLE,நினையாதிருத்தல் அரிது!,title_as_printed,yaml:title_as_printed,,,,,high,machine_checked,corpus/purananuru/poems/210.md,a9bfbaa0f5a43d5f00ca83ea6822c0e4b1ec8ab6f21cf9b5e40210f7e6e4d163
asrt.4dc783facfff0998aaa1b3a2,purananuru,210,SOURCE_CONTEXT_NOTE,SOURCE_EXPLICIT,HAS_PRINTED_SOURCE_NOTE,"பாடியவர்: பெருங்குன்றூர் கிழார்.
பாடப்பட்டோன்: சேரமான் குடக்கோச் சேரல் இரும்பொறை.
திணை: பாடாண்: துறை: பரிசில் கடாநிலை.",source_note,markdown:source-note,,,,,high,machine_checked,corpus/purananuru/poems/210.md,a9bfbaa0f5a43d5f00ca83ea6822c0e4b1ec8ab6f21cf9b5e40210f7e6e4d163
asrt.2de9bbedde93fff9d76c1e6f,purananuru,210,TEXTUAL_CONDITION,SOURCE_EXPLICIT,HAS_TEXTUAL_STATUS,complete,textual_status,yaml:textual_status,,,,,high,machine_checked,corpus/purananuru/poems/210.md,a9bfbaa0f5a43d5f00ca83ea6822c0e4b1ec8ab6f21cf9b5e40210f7e6e4d163
asrt.bb4c87751507033ad6fe2479,purananuru,211,POET_ATTRIBUTION,SOURCE_EXPLICIT,ATTRIBUTED_TO,பெருங்குன்றூர் கிழார்,poet_as_printed,yaml:poet_as_printed,,,,,high,machine_checked,corpus/purananuru/poems/211.md,294a89ad49b568ff3f53d912bbec429ac240b99357c737db6bf82cab9091ce14
asrt.bd7298cc6a3ce12e9e556423,purananuru,211,PATRON_OR_ADDRESSEE,SOURCE_EXPLICIT,ADDRESSED_TO,சேரமான் குடக்கோச் சேரல் இரும்பொறை,addressee_as_printed,yaml:addressee_as_printed,,,,,high,machine_checked,corpus/purananuru/poems/211.md,294a89ad49b568ff3f53d912bbec429ac240b99357c737db6bf82cab9091ce14
asrt.07dd7932a0e61ce90ab2afb8,purananuru,211,TINI_VALUE,SOURCE_EXPLICIT,ASSOCIATED_WITH_TINAI,பாடாண்: துறை: பரிசில் கடாநிலை,thinai_as_printed,yaml:thinai_as_printed,,,,,high,machine_checked,corpus/purananuru/poems/211.md,294a89ad49b568ff3f53d912bbec429ac240b99357c737db6bf82cab9091ce14
asrt.fe5d459b177809302452aad0,purananuru,211,TURAI_VALUE,SOURCE_EXPLICIT,ASSOCIATED_WITH_TURAI,பரிசில் கடாநிலை,thurai,yaml:thurai,,,,,high,machine_checked,corpus/purananuru/poems/211.md,294a89ad49b568ff3f53d912bbec429ac240b99357c737db6bf82cab9091ce14
asrt.3753f40729f7dfd5585e30c8,purananuru,211,SOURCE_CONTEXT_NOTE,SOURCE_EXPLICIT,HAS_PRINTED_TITLE,நாணக் கூறினேன்!,title_as_printed,yaml:title_as_printed,,,,,high,machine_checked,corpus/purananuru/poems/211.md,294a89ad49b568ff3f53d912bbec429ac240b99357c737db6bf82cab9091ce14
asrt.eb305fed1f48f679758b8aa7,purananuru,211,SOURCE_CONTEXT_NOTE,SOURCE_EXPLICIT,HAS_PRINTED_SOURCE_NOTE,"பாடியவர்: பெருங்குன்றூர் கிழார்.
பாடப்பட்டோன்: சேரமான் குடக்கோச் சேரல் இரும்பொறை.
திணை: பாடாண்: துறை: பரிசில் கடாநிலை.",source_note,markdown:source-note,,,,,high,machine_checked,corpus/purananuru/poems/211.md,294a89ad49b568ff3f53d912bbec429ac240b99357c737db6bf82cab9091ce14
asrt.bf5c843c2a384f3b69324886,purananuru,211,TEXTUAL_CONDITION,SOURCE_EXPLICIT,HAS_TEXTUAL_STATUS,complete,textual_status,yaml:textual_status,,,,,high,machine_checked,corpus/purananuru/poems/211.md,294a89ad49b568ff3f53d912bbec429ac240b99357c737db6bf82cab9091ce14
asrt.0aa3a8b70684b9e0ff8a4d29,purananuru,211,WARFARE_MENTION,SOURCE_EXPLICIT,MENTIONS_CANDIDATE,முரசு,canonical_body,markdown:canonical-body,5,5,0,5,medium,human_review_required,corpus/purananuru/poems/211.md,294a89ad49b568ff3f53d912bbec429ac240b99357c737db6bf82cab9091ce14
asrt.79446334db3165271d12c8c6,purananuru,212,POET_ATTRIBUTION,SOURCE_EXPLICIT,ATTRIBUTED_TO,பிசிராந்தையார்,poet_as_printed,yaml:poet_as_printed,,,,,high,machine_checked,corpus/purananuru/poems/212.md,6c3546c5e35b29f520dc945edee17aae6f1da1d25b9e66b9ec1bdfba18ad97f6
asrt.a95b53a7df354e518177301d,purananuru,212,PATRON_OR_ADDRESSEE,SOURCE_EXPLICIT,ADDRESSED_TO,கோப்பெருஞ் சோழன்,addressee_as_printed,yaml:addressee_as_printed,,,,,high,machine_checked,corpus/purananuru/poems/212.md,6c3546c5e35b29f520dc945edee17aae6f1da1d25b9e66b9ec1bdfba18ad97f6
asrt.469e796308941415e3b433c9,purananuru,212,TINI_VALUE,SOURCE_EXPLICIT,ASSOCIATED_WITH_TINAI,பாடாண்: துறை: இயன்மொழி,thinai_as_printed,yaml:thinai_as_printed,,,,,high,machine_checked,corpus/purananuru/poems/212.md,6c3546c5e35b29f520dc945edee17aae6f1da1d25b9e66b9ec1bdfba18ad97f6
asrt.87d35a09fbe5ed49af82d69c,purananuru,212,TURAI_VALUE,SOURCE_EXPLICIT,ASSOCIATED_WITH_TURAI,இயன்மொழி,thurai,yaml:thurai,,,,,high,machine_checked,corpus/purananuru/poems/212.md,6c3546c5e35b29f520dc945edee17aae6f1da1d25b9e66b9ec1bdfba18ad97f6
asrt.7e57671d4d5f9963257cbb42,purananuru,212,SOURCE_CONTEXT_NOTE,SOURCE_EXPLICIT,HAS_PRINTED_SOURCE_NOTE,"பாடியவர்: பிசிராந்தையார்.
பாடப்பட்டோன்: கோப்பெருஞ் சோழன்
திணை: பாடாண்: துறை: இயன்மொழி.",source_note,markdown:source-note,,,,,high,machine_checked,corpus/purananuru/poems/212.md,6c3546c5e35b29f520dc945edee17aae6f1da1d25b9e66b9ec1bdfba18ad97f6
asrt.7d4807310e1876e542745f42,purananuru,212,SOURCE_CONTEXT_NOTE,SOURCE_EXPLICIT,HAS_PRINTED_TITLE,யாம் உம் கோமான்?,title_as_printed,yaml:title_as_printed,,,,,high,machine_checked,corpus/purananuru/poems/212.md,6c3546c5e35b29f520dc945edee17aae6f1da1d25b9e66b9ec1bdfba18ad97f6
asrt.5db9e15df5213d9bf5d07db5,purananuru,212,TEXTUAL_CONDITION,SOURCE_EXPLICIT,HAS_TEXTUAL_STATUS,complete,textual_status,yaml:textual_status,,,,,high,machine_checked,corpus/purananuru/poems/212.md,6c3546c5e35b29f520dc945edee17aae6f1da1d25b9e66b9ec1bdfba18ad97f6
asrt.422b979f3330f8793813f81b,purananuru,212,PERSON_MENTION,SOURCE_EXPLICIT,MENTIONS_CANDIDATE,கோப்பெருஞ் சோழன்,canonical_body,markdown:canonical-body,8,8,11,27,medium,human_review_required,corpus/purananuru/poems/212.md,6c3546c5e35b29f520dc945edee17aae6f1da1d25b9e66b9ec1bdfba18ad97f6
asrt.0d5f2e9f8832ea78ecc10d74,purananuru,212,RULER_MENTION,SOURCE_EXPLICIT,MENTIONS_CANDIDATE,கோப்பெருஞ் சோழன்,canonical_body,markdown:canonical-body,8,8,11,27,medium,human_review_required,corpus/purananuru/poems/212.md,6c3546c5e35b29f520dc945edee17aae6f1da1d25b9e66b9ec1bdfba18ad97f6
asrt.cb3331fc19e00ffd88007a34,purananuru,212,COMMUNITY_MENTION,SOURCE_EXPLICIT,MENTIONS_CANDIDATE,பாணர்,canonical_body,markdown:canonical-body,6,6,24,29,medium,human_review_required,corpus/purananuru/poems/212.md,6c3546c5e35b29f520dc945edee17aae6f1da1d25b9e66b9ec1bdfba18ad97f6
asrt.029dac449f12833103ebf11f,purananuru,213,POET_ATTRIBUTION,SOURCE_EXPLICIT,ATTRIBUTED_TO,புல்லாற்றூர் எயிற்றியனார்,poet_as_printed,yaml:poet_as_printed,,,,,high,machine_checked,corpus/purananuru/poems/213.md,fe9dc9755c93087889be6c885c15dcea489f9f2181ee45e94e05b2a34a0d9ff9
asrt.4a409c81efb36fc748cf4f97,purananuru,213,PATRON_OR_ADDRESSEE,SOURCE_EXPLICIT,ADDRESSED_TO,கோப்பெருஞ் சோழன்,addressee_as_printed,yaml:addressee_as_printed,,,,,high,machine_checked,corpus/purananuru/poems/213.md,fe9dc9755c93087889be6c885c15dcea489f9f2181ee45e94e05b2a34a0d9ff9
asrt.79e98d06d71961154a5e83e8,purananuru,213,TINI_VALUE,SOURCE_EXPLICIT,ASSOCIATED_WITH_TINAI,வஞ்சி: துறை: துணை வஞ்சி,thinai_as_printed,yaml:thinai_as_printed,,,,,high,machine_checked,corpus/purananuru/poems/213.md,fe9dc9755c93087889be6c885c15dcea489f9f2181ee45e94e05b2a34a0d9ff9
asrt.41c29852b2b96f6ae889b14d,purananuru,213,TURAI_VALUE,SOURCE_EXPLICIT,ASSOCIATED_WITH_TURAI,துணை வஞ்சி,thurai,yaml:thurai,,,,,high,machine_checked,corpus/purananuru/poems/213.md,fe9dc9755c93087889be6c885c15dcea489f9f2181ee45e94e05b2a34a0d9ff9
asrt.061228390eb0ff0b354d0255,purananuru,213,SOURCE_CONTEXT_NOTE,SOURCE_EXPLICIT,HAS_PRINTED_TITLE,நினையும் காலை!,title_as_printed,yaml:title_as_printed,,,,,high,machine_checked,corpus/purananuru/poems/213.md,fe9dc9755c93087889be6c885c15dcea489f9f2181ee45e94e05b2a34a0d9ff9
asrt.7b2e9541131b8dcb39a23112,purananuru,213,SOURCE_CONTEXT_NOTE,SOURCE_EXPLICIT,HAS_PRINTED_SOURCE_NOTE,"பாடியவர்: புல்லாற்றூர் எயிற்றியனார்.
பாடப்பட்டோன்: கோப்பெருஞ் சோழன்.
திணை: வஞ்சி: துறை: துணை வஞ்சி.
குறிப்பு: கோப்பெருஞ்சோழன் தன் மக்கள்மேற் போருக்கு எழுந்தகாலைப்
பாடிச் சந்து செய்தது.",source_note,markdown:source-note,,,,,high,machine_checked,corpus/purananuru/poems/213.md,fe9dc9755c93087889be6c885c15dcea489f9f2181ee45e94e05b2a34a0d9ff9
asrt.5c80123228c8e071b9353ceb,purananuru,213,TEXTUAL_CONDITION,SOURCE_EXPLICIT,HAS_TEXTUAL_STATUS,complete,textual_status,yaml:textual_status,,,,,high,machine_checked,corpus/purananuru/poems/213.md,fe9dc9755c93087889be6c885c15dcea489f9f2181ee45e94e05b2a34a0d9ff9
asrt.43e3eebaf81ee2189faea875,purananuru,214,POET_ATTRIBUTION,SOURCE_EXPLICIT,ATTRIBUTED_TO,கோப்பெருஞ் சோழன்,poet_as_printed,yaml:poet_as_printed,,,,,high,machine_checked,corpus/purananuru/poems/214.md,0589e2864a60556a38a778c44a4990171ec0aa750a6ca078b21ee115bab9fe97
asrt.d39c8ac12c5db89dc95c5289,purananuru,214,TINI_VALUE,SOURCE_EXPLICIT,ASSOCIATED_WITH_TINAI,பொதுவியல் துறை: பொருண்மொழிக் காஞ்சி,thinai_as_printed,yaml:thinai_as_printed,,,,,high,machine_checked,corpus/purananuru/poems/214.md,0589e2864a60556a38a778c44a4990171ec0aa750a6ca078b21ee115bab9fe97
asrt.c55a4d8c9b087c08f63f7060,purananuru,214,TURAI_VALUE,SOURCE_EXPLICIT,ASSOCIATED_WITH_TURAI,பொருண்மொழிக் காஞ்சி,thurai,yaml:thurai,,,,,high,machine_checked,corpus/purananuru/poems/214.md,0589e2864a60556a38a778c44a4990171ec0aa750a6ca078b21ee115bab9fe97
asrt.baa6a5c47b2067ac8738fce4,purananuru,214,SOURCE_CONTEXT_NOTE,SOURCE_EXPLICIT,HAS_PRINTED_TITLE,நல்வினையே செய்வோம்!,title_as_printed,yaml:title_as_printed,,,,,high,machine_checked,corpus/purananuru/poems/214.md,0589e2864a60556a38a778c44a4990171ec0aa750a6ca078b21ee115bab9fe97
asrt.aca04f220e03e5d994181d7c,purananuru,214,SOURCE_CONTEXT_NOTE,SOURCE_EXPLICIT,HAS_PRINTED_SOURCE_NOTE,"பாடியவர்: கோப்பெருஞ் சோழன்
திணை: பொதுவியல் துறை: பொருண்மொழிக் காஞ்சி",source_note,markdown:source-note,,,,,high,machine_checked,corpus/purananuru/poems/214.md,0589e2864a60556a38a778c44a4990171ec0aa750a6ca078b21ee115bab9fe97
asrt.c70fd39f8ff3a816f25f0acd,purananuru,214,TEXTUAL_CONDITION,SOURCE_EXPLICIT,HAS_TEXTUAL_STATUS,complete,textual_status,yaml:textual_status,,,,,high,machine_checked,corpus/purananuru/poems/214.md,0589e2864a60556a38a778c44a4990171ec0aa750a6ca078b21ee115bab9fe97
asrt.ae06a3cb441e833c73d01920,purananuru,214,FAUNA_MENTION,SOURCE_EXPLICIT,MENTIONS_CANDIDATE,யானை,canonical_body,markdown:canonical-body,4,4,0,4,medium,human_review_required,corpus/purananuru/poems/214.md,0589e2864a60556a38a778c44a4990171ec0aa750a6ca078b21ee115bab9fe97
asrt.e207bc8de6c250955f29d992,purananuru,215,POET_ATTRIBUTION,SOURCE_EXPLICIT,ATTRIBUTED_TO,கோப்பெருஞ் சோழன்,poet_as_printed,yaml:poet_as_printed,,,,,high,machine_checked,corpus/purananuru/poems/215.md,991a0b240939d188db4c64abe326dd59bd71772e062942e6138c6541b5453b27
asrt.16d584afacbfd37852d715b1,purananuru,215,TINI_VALUE,SOURCE_EXPLICIT,ASSOCIATED_WITH_TINAI,பாடாண் துறை: இயன்மொழி,thinai_as_printed,yaml:thinai_as_printed,,,,,high,machine_checked,corpus/purananuru/poems/215.md,991a0b240939d188db4c64abe326dd59bd71772e062942e6138c6541b5453b27
asrt.652131e2b9f1f741d36cf7ef,purananuru,215,TURAI_VALUE,SOURCE_EXPLICIT,ASSOCIATED_WITH_TURAI,இயன்மொழி,thurai,yaml:thurai,,,,,high,machine_checked,corpus/purananuru/poems/215.md,991a0b240939d188db4c64abe326dd59bd71772e062942e6138c6541b5453b27
asrt.55fa79533eea8fa2bf4e1309,purananuru,215,SOURCE_CONTEXT_NOTE,SOURCE_EXPLICIT,HAS_PRINTED_TITLE,அல்லற்காலை நில்லான்!,title_as_printed,yaml:title_as_printed,,,,,high,machine_checked,corpus/purananuru/poems/215.md,991a0b240939d188db4c64abe326dd59bd71772e062942e6138c6541b5453b27
asrt.eed617e63b8dc4f193234e46,purananuru,215,SOURCE_CONTEXT_NOTE,SOURCE_EXPLICIT,HAS_PRINTED_SOURCE_NOTE,"பாடியவர்: கோப்பெருஞ் சோழன்
திணை: பாடாண் துறை: இயன்மொழி
குறிப்பு: சோழன் வடக்கிருந்தான்; பிசிராந்தையார் வருவார் என்றான்; 'அவர் வாரார்' என்றனர்
சான்றோருட் சிலர்; அவர்க்கு அவன் கூறிய செய்யுள் இது.",source_note,markdown:source-note,,,,,high,machine_checked,corpus/purananuru/poems/215.md,991a0b240939d188db4c64abe326dd59bd71772e062942e6138c6541b5453b27
asrt.717349074b086222b9da1752,purananuru,215,TEXTUAL_CONDITION,SOURCE_EXPLICIT,HAS_TEXTUAL_STATUS,complete,textual_status,yaml:textual_status,,,,,high,machine_checked,corpus/purananuru/poems/215.md,991a0b240939d188db4c64abe326dd59bd71772e062942e6138c6541b5453b27
asrt.90206e1b9e0f7e4444cf8030,purananuru,216,POET_ATTRIBUTION,SOURCE_EXPLICIT,ATTRIBUTED_TO,கோப்பெருஞ் சோழன்,poet_as_printed,yaml:poet_as_printed,,,,,high,machine_checked,corpus/purananuru/poems/216.md,a8d780d80c60feccca3fef433c4b962097c475900fea51ab144b505d29ead3b2
asrt.9cf46ad9e707f95b51618ab2,purananuru,216,TINI_VALUE,SOURCE_EXPLICIT,ASSOCIATED_WITH_TINAI,பாடாண் துறை: இயன்மொழி,thinai_as_printed,yaml:thinai_as_printed,,,,,high,machine_checked,corpus/purananuru/poems/216.md,a8d780d80c60feccca3fef433c4b962097c475900fea51ab144b505d29ead3b2
asrt.15c60fed4efa36f60134dc53,purananuru,216,TURAI_VALUE,SOURCE_EXPLICIT,ASSOCIATED_WITH_TURAI,இயன்மொழி,thurai,yaml:thurai,,,,,high,machine_checked,corpus/purananuru/poems/216.md,a8d780d80c60feccca3fef433c4b962097c475900fea51ab144b505d29ead3b2
asrt.3fd412c142914cc73c4765c7,purananuru,216,SOURCE_CONTEXT_NOTE,SOURCE_EXPLICIT,HAS_PRINTED_TITLE,அவனுக்கும் இடம் செய்க!,title_as_printed,yaml:title_as_printed,,,,,high,machine_checked,corpus/purananuru/poems/216.md,a8d780d80c60feccca3fef433c4b962097c475900fea51ab144b505d29ead3b2
asrt.ad49208544cee48536d9053e,purananuru,216,SOURCE_CONTEXT_NOTE,SOURCE_EXPLICIT,HAS_PRINTED_SOURCE_NOTE,"பாடியவர்: கோப்பெருஞ் சோழன்
திணை: பாடாண் துறை: இயன்மொழி
குறிப்பு : வடக்கிருந்த சோழன், பிசிராந்தையாருக்கும் தன்னருகே இடன் ஒழிக்க என்று கூறிய செய்யுள் இது.",source_note,markdown:source-note,,,,,high,machine_checked,corpus/purananuru/poems/216.md,a8d780d80c60feccca3fef433c4b962097c475900fea51ab144b505d29ead3b2
asrt.614f0dc81da6d1e7833e1bcb,purananuru,216,TEXTUAL_CONDITION,SOURCE_EXPLICIT,HAS_TEXTUAL_STATUS,complete,textual_status,yaml:textual_status,,,,,high,machine_checked,corpus/purananuru/poems/216.md,a8d780d80c60feccca3fef433c4b962097c475900fea51ab144b505d29ead3b2
asrt.ab2d92d4e22569543de17cec,purananuru,217,POET_ATTRIBUTION,SOURCE_EXPLICIT,ATTRIBUTED_TO,பொத்தியார்,poet_as_printed,yaml:poet_as_printed,,,,,high,machine_checked,corpus/purananuru/poems/217.md,70d6ee95ace2407e528f741c55c1a3c09c32685b6f91d574a725d40937a1557f
asrt.19dc69d00c01563bff0b8799,purananuru,217,TINI_VALUE,SOURCE_EXPLICIT,ASSOCIATED_WITH_TINAI,பொதுவியல் துறை: கையறுநிலை,thinai_as_printed,yaml:thinai_as_printed,,,,,high,machine_checked,corpus/purananuru/poems/217.md,70d6ee95ace2407e528f741c55c1a3c09c32685b6f91d574a725d40937a1557f
asrt.4d7362ac17abec966597ce66,purananuru,217,TURAI_VALUE,SOURCE_EXPLICIT,ASSOCIATED_WITH_TURAI,கையறுநிலை,thurai,yaml:thurai,,,,,high,machine_checked,corpus/purananuru/poems/217.md,70d6ee95ace2407e528f741c55c1a3c09c32685b6f91d574a725d40937a1557f
asrt.c0bc72e640dc6ec70fe363f5,purananuru,217,SOURCE_CONTEXT_NOTE,SOURCE_EXPLICIT,HAS_PRINTED_TITLE,நெஞ்சம் மயங்கும்!,title_as_printed,yaml:title_as_printed,,,,,high,machine_checked,corpus/purananuru/poems/217.md,70d6ee95ace2407e528f741c55c1a3c09c32685b6f91d574a725d40937a1557f
asrt.147a99057f8b3273d8a5ec3d,purananuru,217,SOURCE_CONTEXT_NOTE,SOURCE_EXPLICIT,HAS_PRINTED_SOURCE_NOTE,"பாடியவர்: பொத்தியார்
திணை: பொதுவியல் துறை: கையறுநிலை
குறிப்பு: கோப்பெருஞ் சோழன் சொன்னவாறே பிசிராந்தையார் அங்கு வந்தனர்;
அதனைக் கண்டு வியந்த பொத்தியார் பாடிய செய்யுள் இது.",source_note,markdown:source-note,,,,,high,machine_checked,corpus/purananuru/poems/217.md,70d6ee95ace2407e528f741c55c1a3c09c32685b6f91d574a725d40937a1557f
asrt.8d7bd3e714bb5381a68df640,purananuru,217,TEXTUAL_CONDITION,SOURCE_EXPLICIT,HAS_TEXTUAL_STATUS,complete,textual_status,yaml:textual_status,,,,,high,machine_checked,corpus/purananuru/poems/217.md,70d6ee95ace2407e528f741c55c1a3c09c32685b6f91d574a725d40937a1557f
asrt.0d6aaab12fa87e03cc5281f2,purananuru,218,POET_ATTRIBUTION,SOURCE_EXPLICIT,ATTRIBUTED_TO,கண்ணகனார் நத்தத்தனார் எனவும் பாடம்,poet_as_printed,yaml:poet_as_printed,,,,,high,machine_checked,corpus/purananuru/poems/218.md,a545d6e7ca1304684f99b646b4f1b6a2a504f1170ebf328d321b6113c6053d15
asrt.383fbc51a22ea1ff890105c7,purananuru,218,TINI_VALUE,SOURCE_EXPLICIT,ASSOCIATED_WITH_TINAI,பொதுவியல் துறை: கையறுநிலை,thinai_as_printed,yaml:thinai_as_printed,,,,,high,machine_checked,corpus/purananuru/poems/218.md,a545d6e7ca1304684f99b646b4f1b6a2a504f1170ebf328d321b6113c6053d15
asrt.28222fc08844aa76c2a21aa6,purananuru,218,TURAI_VALUE,SOURCE_EXPLICIT,ASSOCIATED_WITH_TURAI,கையறுநிலை,thurai,yaml:thurai,,,,,high,machine_checked,corpus/purananuru/poems/218.md,a545d6e7ca1304684f99b646b4f1b6a2a504f1170ebf328d321b6113c6053d15
asrt.364817e43557fa967348d4cc,purananuru,218,SOURCE_CONTEXT_NOTE,SOURCE_EXPLICIT,HAS_PRINTED_TITLE,சான்றோர்சாலார் இயல்புகள்!,title_as_printed,yaml:title_as_printed,,,,,high,machine_checked,corpus/purananuru/poems/218.md,a545d6e7ca1304684f99b646b4f1b6a2a504f1170ebf328d321b6113c6053d15
asrt.8b87fdacf223864ada5a1bd9,purananuru,218,SOURCE_CONTEXT_NOTE,SOURCE_EXPLICIT,HAS_PRINTED_SOURCE_NOTE,"பாடியவர்: கண்ணகனார் நத்தத்தனார் எனவும் பாடம்.
திணை: பொதுவியல் துறை: கையறுநிலை
குறிப்பு: பிசிராந்தையார் வடக்கிருந்தார்; அதனைக் கண்டு பாடியது.",source_note,markdown:source-note,,,,,high,machine_checked,corpus/purananuru/poems/218.md,a545d6e7ca1304684f99b646b4f1b6a2a504f1170ebf328d321b6113c6053d15
asrt.7a769ccb6d0fc6a18aead1ac,purananuru,218,TEXTUAL_CONDITION,SOURCE_EXPLICIT,HAS_TEXTUAL_STATUS,complete,textual_status,yaml:textual_status,,,,,high,machine_checked,corpus/purananuru/poems/218.md,a545d6e7ca1304684f99b646b4f1b6a2a504f1170ebf328d321b6113c6053d15
asrt.39265d2428fd819345774242,purananuru,219,POET_ATTRIBUTION,SOURCE_EXPLICIT,ATTRIBUTED_TO,பெருஞ்கருவூர்ப்சதுக்கத்துப் பூதநாதனார்,poet_as_printed,yaml:poet_as_printed,,,,,high,machine_checked,corpus/purananuru/poems/219.md,193d4a1092e118a8887fd088eec6b2c8317dffde7d11ced02ca0448c44d7d59a
asrt.58476216761502bb207adbb3,purananuru,219,PATRON_OR_ADDRESSEE,SOURCE_EXPLICIT,ADDRESSED_TO,கோப்பெருஞ் சோழன்,addressee_as_printed,yaml:addressee_as_printed,,,,,high,machine_checked,corpus/purananuru/poems/219.md,193d4a1092e118a8887fd088eec6b2c8317dffde7d11ced02ca0448c44d7d59a
asrt.48382b074c4bc1a9719f7367,purananuru,219,TINI_VALUE,SOURCE_EXPLICIT,ASSOCIATED_WITH_TINAI,பொதுவியல்,thinai_as_printed,yaml:thinai_as_printed,,,,,high,machine_checked,corpus/purananuru/poems/219.md,193d4a1092e118a8887fd088eec6b2c8317dffde7d11ced02ca0448c44d7d59a
asrt.70fd754e3a778e58a0556722,purananuru,219,TURAI_VALUE,SOURCE_EXPLICIT,ASSOCIATED_WITH_TURAI,கையறுநிலை,thurai,yaml:thurai,,,,,high,machine_checked,corpus/purananuru/poems/219.md,193d4a1092e118a8887fd088eec6b2c8317dffde7d11ced02ca0448c44d7d59a
asrt.d49fbc2b3667e9cdced81ec4,purananuru,219,SOURCE_CONTEXT_NOTE,SOURCE_EXPLICIT,HAS_PRINTED_TITLE,உணக்கும் மள்ளனே!,title_as_printed,yaml:title_as_printed,,,,,high,machine_checked,corpus/purananuru/poems/219.md,193d4a1092e118a8887fd088eec6b2c8317dffde7d11ced02ca0448c44d7d59a
asrt.5fd617ef0e9f2254e814496f,purananuru,219,SOURCE_CONTEXT_NOTE,SOURCE_EXPLICIT,HAS_PRINTED_SOURCE_NOTE,"பாடியவர்: பெருஞ்கருவூர்ப்சதுக்கத்துப் பூதநாதனார்.
பாடப்பட்டோன்: கோப்பெருஞ் சோழன்.
திணை: பொதுவியல். துறை: கையறுநிலை.",source_note,markdown:source-note,,,,,high,machine_checked,corpus/purananuru/poems/219.md,193d4a1092e118a8887fd088eec6b2c8317dffde7d11ced02ca0448c44d7d59a
asrt.97e2328729d555443986fdd9,purananuru,219,TEXTUAL_CONDITION,SOURCE_EXPLICIT,HAS_TEXTUAL_STATUS,complete,textual_status,yaml:textual_status,,,,,high,machine_checked,corpus/purananuru/poems/219.md,193d4a1092e118a8887fd088eec6b2c8317dffde7d11ced02ca0448c44d7d59a
asrt.6b3d395c1c767eea0b9d41ad,purananuru,220,POET_ATTRIBUTION,SOURCE_EXPLICIT,ATTRIBUTED_TO,பொத்தியார்,poet_as_printed,yaml:poet_as_printed,,,,,high,machine_checked,corpus/purananuru/poems/220.md,22d7f53279088a7dcf43ef4ecbbcbe36ba564e3cb0a3e1f1ff89a5197e268b09
asrt.792795319d3c3cbce0ae1797,purananuru,220,TINI_VALUE,SOURCE_EXPLICIT,ASSOCIATED_WITH_TINAI,பொதுவியல் துறை: கையறுநிலை,thinai_as_printed,yaml:thinai_as_printed,,,,,high,machine_checked,corpus/purananuru/poems/220.md,22d7f53279088a7dcf43ef4ecbbcbe36ba564e3cb0a3e1f1ff89a5197e268b09
asrt.f52a5a0d9833fea1a363e451,purananuru,220,TURAI_VALUE,SOURCE_EXPLICIT,ASSOCIATED_WITH_TURAI,கையறுநிலை,thurai,yaml:thurai,,,,,high,machine_checked,corpus/purananuru/poems/220.md,22d7f53279088a7dcf43ef4ecbbcbe36ba564e3cb0a3e1f1ff89a5197e268b09
asrt.a9ab0d76acc1063bfdadee9b,purananuru,220,SOURCE_CONTEXT_NOTE,SOURCE_EXPLICIT,HAS_PRINTED_TITLE,கலங்கனேன் அல்லனோ!,title_as_printed,yaml:title_as_printed,,,,,high,machine_checked,corpus/purananuru/poems/220.md,22d7f53279088a7dcf43ef4ecbbcbe36ba564e3cb0a3e1f1ff89a5197e268b09
asrt.81d51c38d1c7081107920143,purananuru,220,SOURCE_CONTEXT_NOTE,SOURCE_EXPLICIT,HAS_PRINTED_SOURCE_NOTE,"பாடியவர்: பொத்தியார்
திணை: பொதுவியல் துறை: கையறுநிலை
குறிப்பு: சோழன் வடக்கிருந்தான்; அவன்பாற் சென்ற பொத்தியார், அவனால் தடுக்கப்பட்டு உறையூர்க்கு மீண்டார்; சோழன் உயிர் நீத்தான். அவனன்றி வறி தான உறையூர் மன்றத்தைக் கண்டு இரங்கிப் பொத்தியார் பாடிய செய்யுள் இது.",source_note,markdown:source-note,,,,,high,machine_checked,corpus/purananuru/poems/220.md,22d7f53279088a7dcf43ef4ecbbcbe36ba564e3cb0a3e1f1ff89a5197e268b09
asrt.a0718e814643547e1fdad51a,purananuru,220,TEXTUAL_CONDITION,SOURCE_EXPLICIT,HAS_TEXTUAL_STATUS,complete,textual_status,yaml:textual_status,,,,,high,machine_checked,corpus/purananuru/poems/220.md,22d7f53279088a7dcf43ef4ecbbcbe36ba564e3cb0a3e1f1ff89a5197e268b09
asrt.2fa12b3f83ba0e412515b05d,purananuru,221,POET_ATTRIBUTION,SOURCE_EXPLICIT,ATTRIBUTED_TO,பொத்தியார்,poet_as_printed,yaml:poet_as_printed,,,,,high,machine_checked,corpus/purananuru/poems/221.md,68a21c5ee94c54ed7ea95153bb96d74a2393eb31cc5b56967d14caf353fc1074
asrt.62fbc4ed5e9981b8abd40679,purananuru,221,PATRON_OR_ADDRESSEE,SOURCE_EXPLICIT,ADDRESSED_TO,கோப்பெருஞ் சோழன்,addressee_as_printed,yaml:addressee_as_printed,,,,,high,machine_checked,corpus/purananuru/poems/221.md,68a21c5ee94c54ed7ea95153bb96d74a2393eb31cc5b56967d14caf353fc1074
asrt.5809affa3cf92350eac51768,purananuru,221,TINI_VALUE,SOURCE_EXPLICIT,ASSOCIATED_WITH_TINAI,பொதுவியல்,thinai_as_printed,yaml:thinai_as_printed,,,,,high,machine_checked,corpus/purananuru/poems/221.md,68a21c5ee94c54ed7ea95153bb96d74a2393eb31cc5b56967d14caf353fc1074
asrt.d18336e119b6fa188c2f499b,purananuru,221,TURAI_VALUE,SOURCE_EXPLICIT,ASSOCIATED_WITH_TURAI,கையறுநிலை,thurai,yaml:thurai,,,,,high,machine_checked,corpus/purananuru/poems/221.md,68a21c5ee94c54ed7ea95153bb96d74a2393eb31cc5b56967d14caf353fc1074
asrt.93383ea93ee00382682025ea,purananuru,221,SOURCE_CONTEXT_NOTE,SOURCE_EXPLICIT,HAS_PRINTED_SOURCE_NOTE,"பாடியவர்: பொத்தியார்.
பாடப்பட்டோன்: கோப்பெருஞ் சோழன்.
திணை: பொதுவியல். துறை: கையறுநிலை.
குறிப்பு: சோழனது நடுகற்கண்டு பாடிய செய்யுள் இது.",source_note,markdown:source-note,,,,,high,machine_checked,corpus/purananuru/poems/221.md,68a21c5ee94c54ed7ea95153bb96d74a2393eb31cc5b56967d14caf353fc1074
asrt.3d7a8eb4e211a409b7bf608e,purananuru,221,SOURCE_CONTEXT_NOTE,SOURCE_EXPLICIT,HAS_PRINTED_TITLE,வைகம் வாரீர்!,title_as_printed,yaml:title_as_printed,,,,,high,machine_checked,corpus/purananuru/poems/221.md,68a21c5ee94c54ed7ea95153bb96d74a2393eb31cc5b56967d14caf353fc1074
asrt.af1838dd8234cdb0631bffdb,purananuru,221,TEXTUAL_CONDITION,SOURCE_EXPLICIT,HAS_TEXTUAL_STATUS,complete,textual_status,yaml:textual_status,,,,,high,machine_checked,corpus/purananuru/poems/221.md,68a21c5ee94c54ed7ea95153bb96d74a2393eb31cc5b56967d14caf353fc1074
asrt.7fda8d1f7f87d329c01b82fb,purananuru,221,SOCIAL_PRACTICE,SOURCE_EXPLICIT,MENTIONS_CANDIDATE,நடுகல்,canonical_body,markdown:canonical-body,13,13,0,6,medium,human_review_required,corpus/purananuru/poems/221.md,68a21c5ee94c54ed7ea95153bb96d74a2393eb31cc5b56967d14caf353fc1074
asrt.be31405f614ae166fc29b6a6,purananuru,222,POET_ATTRIBUTION,SOURCE_EXPLICIT,ATTRIBUTED_TO,பொத்தியார்,poet_as_printed,yaml:poet_as_printed,,,,,high,machine_checked,corpus/purananuru/poems/222.md,18b424615684792f78410ff282db25cef8516f930b661f00f843efe89708bbb3
asrt.c1e079dc379aa44b0e164a31,purananuru,222,PATRON_OR_ADDRESSEE,SOURCE_EXPLICIT,ADDRESSED_TO,கோப்பெருஞ் சோழன்,addressee_as_printed,yaml:addressee_as_printed,,,,,high,machine_checked,corpus/purananuru/poems/222.md,18b424615684792f78410ff282db25cef8516f930b661f00f843efe89708bbb3
asrt.2d212f13840d955d54a57854,purananuru,222,TINI_VALUE,SOURCE_EXPLICIT,ASSOCIATED_WITH_TINAI,பொதுவியல்,thinai_as_printed,yaml:thinai_as_printed,,,,,high,machine_checked,corpus/purananuru/poems/222.md,18b424615684792f78410ff282db25cef8516f930b661f00f843efe89708bbb3
asrt.c868100f8b6871389fdeacf3,purananuru,222,TURAI_VALUE,SOURCE_EXPLICIT,ASSOCIATED_WITH_TURAI,கையறுநிலை,thurai,yaml:thurai,,,,,high,machine_checked,corpus/purananuru/poems/222.md,18b424615684792f78410ff282db25cef8516f930b661f00f843efe89708bbb3
asrt.a2a85e27b3ab42e58b0417d0,purananuru,222,SOURCE_CONTEXT_NOTE,SOURCE_EXPLICIT,HAS_PRINTED_TITLE,என் இடம் யாது?,title_as_printed,yaml:title_as_printed,,,,,high,machine_checked,corpus/purananuru/poems/222.md,18b424615684792f78410ff282db25cef8516f930b661f00f843efe89708bbb3
asrt.90e0781bc4f75030ddaf9022,purananuru,222,SOURCE_CONTEXT_NOTE,SOURCE_EXPLICIT,HAS_PRINTED_SOURCE_NOTE,"பாடியவர்: பொத்தியார்.
பாடப்பட்டோன்: கோப்பெருஞ் சோழன்.
திணை: பொதுவியல். துறை: கையறுநிலை.
குறிப்பு: தன் மகன் பிறந்தபின், சோழனது நடுகல் நின்ற இடத்திற்குச் சென்று, தாமும் உயிர்விடத் துணிந்த பொத்தியார், 'எனக்கும் இடம் தா' எனக் கேட்டுப் பாடியது இச் செய்யுள்",source_note,markdown:source-note,,,,,high,machine_checked,corpus/purananuru/poems/222.md,18b424615684792f78410ff282db25cef8516f930b661f00f843efe89708bbb3
asrt.fa25e6be2bee987196e004e7,purananuru,222,TEXTUAL_CONDITION,SOURCE_EXPLICIT,HAS_TEXTUAL_STATUS,complete,textual_status,yaml:textual_status,,,,,high,machine_checked,corpus/purananuru/poems/222.md,18b424615684792f78410ff282db25cef8516f930b661f00f843efe89708bbb3
asrt.34342b07aa4892c7a749afb4,purananuru,223,POET_ATTRIBUTION,SOURCE_EXPLICIT,ATTRIBUTED_TO,பொத்தியார்,poet_as_printed,yaml:poet_as_printed,,,,,high,machine_checked,corpus/purananuru/poems/223.md,116fcf554b449559d47ed3204b1396410ceb695f1eacd9cdc551460c955b09e5
asrt.c68aacc618bd5c6100f227a6,purananuru,223,PATRON_OR_ADDRESSEE,SOURCE_EXPLICIT,ADDRESSED_TO,கோப்பெருஞ் சோழன்,addressee_as_printed,yaml:addressee_as_printed,,,,,high,machine_checked,corpus/purananuru/poems/223.md,116fcf554b449559d47ed3204b1396410ceb695f1eacd9cdc551460c955b09e5
asrt.9506e5eeb4a4be2ec58f5c2e,purananuru,223,TINI_VALUE,SOURCE_EXPLICIT,ASSOCIATED_WITH_TINAI,பொதுவியல்,thinai_as_printed,yaml:thinai_as_printed,,,,,high,machine_checked,corpus/purananuru/poems/223.md,116fcf554b449559d47ed3204b1396410ceb695f1eacd9cdc551460c955b09e5
asrt.7c39d51c10762879dc5eff11,purananuru,223,TURAI_VALUE,SOURCE_EXPLICIT,ASSOCIATED_WITH_TURAI,கையறுநிலை,thurai,yaml:thurai,,,,,high,machine_checked,corpus/purananuru/poems/223.md,116fcf554b449559d47ed3204b1396410ceb695f1eacd9cdc551460c955b09e5
asrt.a95c2dad00205013441c57b6,purananuru,223,SOURCE_CONTEXT_NOTE,SOURCE_EXPLICIT,HAS_PRINTED_TITLE,நடுகல்லாகியும் இடங் கொடுத்தான்!,title_as_printed,yaml:title_as_printed,,,,,high,machine_checked,corpus/purananuru/poems/223.md,116fcf554b449559d47ed3204b1396410ceb695f1eacd9cdc551460c955b09e5
asrt.bc613651a852f192b226ba8f,purananuru,223,SOURCE_CONTEXT_NOTE,SOURCE_EXPLICIT,HAS_PRINTED_SOURCE_NOTE,"பாடியவர்: பொத்தியார்.
பாடப்பட்டோன்: கோப்பெருஞ் சோழன்.
திணை: பொதுவியல். துறை: கையறுநிலை.",source_note,markdown:source-note,,,,,high,machine_checked,corpus/purananuru/poems/223.md,116fcf554b449559d47ed3204b1396410ceb695f1eacd9cdc551460c955b09e5
asrt.80566835ab7d656246c96e67,purananuru,223,TEXTUAL_CONDITION,SOURCE_EXPLICIT,HAS_TEXTUAL_STATUS,complete,textual_status,yaml:textual_status,,,,,high,machine_checked,corpus/purananuru/poems/223.md,116fcf554b449559d47ed3204b1396410ceb695f1eacd9cdc551460c955b09e5
asrt.69576449eb309fbc0f02a34b,purananuru,223,SOCIAL_PRACTICE,SOURCE_EXPLICIT,MENTIONS_CANDIDATE,நடுகல்,canonical_body,markdown:canonical-body,3,3,9,15,medium,human_review_required,corpus/purananuru/poems/223.md,116fcf554b449559d47ed3204b1396410ceb695f1eacd9cdc551460c955b09e5
asrt.4229660f015804c08d62d3d9,purananuru,224,POET_ATTRIBUTION,SOURCE_EXPLICIT,ATTRIBUTED_TO,கருங்குழல் ஆதனார்,poet_as_printed,yaml:poet_as_printed,,,,,high,machine_checked,corpus/purananuru/poems/224.md,b908beee6ce3773d49f4eb302eb95a8faf00612e0a5534a55c10be6f42f822fc
asrt.80413071a75b95f094e55a2d,purananuru,224,PATRON_OR_ADDRESSEE,SOURCE_EXPLICIT,ADDRESSED_TO,சோழன் கரிகாற் பெருவளத்தான்,addressee_as_printed,yaml:addressee_as_printed,,,,,high,machine_checked,corpus/purananuru/poems/224.md,b908beee6ce3773d49f4eb302eb95a8faf00612e0a5534a55c10be6f42f822fc
asrt.04564b8d38728cfec65f8641,purananuru,224,TINI_VALUE,SOURCE_EXPLICIT,ASSOCIATED_WITH_TINAI,பொதுவியல்,thinai_as_printed,yaml:thinai_as_printed,,,,,high,machine_checked,corpus/purananuru/poems/224.md,b908beee6ce3773d49f4eb302eb95a8faf00612e0a5534a55c10be6f42f822fc
asrt.aebafa1984920a49d1230dda,purananuru,224,TURAI_VALUE,SOURCE_EXPLICIT,ASSOCIATED_WITH_TURAI,கையறுநிலை,thurai,yaml:thurai,,,,,high,machine_checked,corpus/purananuru/poems/224.md,b908beee6ce3773d49f4eb302eb95a8faf00612e0a5534a55c10be6f42f822fc
asrt.744ae555653524297d40c699,purananuru,224,SOURCE_CONTEXT_NOTE,SOURCE_EXPLICIT,HAS_PRINTED_TITLE,இறந்தோன் அவனே!,title_as_printed,yaml:title_as_printed,,,,,high,machine_checked,corpus/purananuru/poems/224.md,b908beee6ce3773d49f4eb302eb95a8faf00612e0a5534a55c10be6f42f822fc
asrt.b1745fc67f6d0b35db7d6171,purananuru,224,SOURCE_CONTEXT_NOTE,SOURCE_EXPLICIT,HAS_PRINTED_SOURCE_NOTE,"பாடியவர்: கருங்குழல் ஆதனார்.
பாடப்பட்டோன்: சோழன் கரிகாற் பெருவளத்தான்.
திணை: பொதுவியல். துறை: கையறுநிலை.",source_note,markdown:source-note,,,,,high,machine_checked,corpus/purananuru/poems/224.md,b908beee6ce3773d49f4eb302eb95a8faf00612e0a5534a55c10be6f42f822fc
asrt.1126c6793d53fc3323f2edfe,purananuru,224,TEXTUAL_CONDITION,SOURCE_EXPLICIT,HAS_TEXTUAL_STATUS,complete,textual_status,yaml:textual_status,,,,,high,machine_checked,corpus/purananuru/poems/224.md,b908beee6ce3773d49f4eb302eb95a8faf00612e0a5534a55c10be6f42f822fc
asrt.3f3fe9931219e3e5a9106627,purananuru,225,POET_ATTRIBUTION,SOURCE_EXPLICIT,ATTRIBUTED_TO,ஆலத்தூர் கிழார்,poet_as_printed,yaml:poet_as_printed,,,,,high,machine_checked,corpus/purananuru/poems/225.md,ea990f975d6da469053f2a690c7b7eaa7fd18f807dc21a98b32ade0dc68beda6
asrt.204e23c61734256210aa6b0d,purananuru,225,PATRON_OR_ADDRESSEE,SOURCE_EXPLICIT,ADDRESSED_TO,சோழன் நலங்கிள்ளி,addressee_as_printed,yaml:addressee_as_printed,,,,,high,machine_checked,corpus/purananuru/poems/225.md,ea990f975d6da469053f2a690c7b7eaa7fd18f807dc21a98b32ade0dc68beda6
asrt.6ef06b62429f5fff7b4c10c5,purananuru,225,TINI_VALUE,SOURCE_EXPLICIT,ASSOCIATED_WITH_TINAI,பொதுவியல்,thinai_as_printed,yaml:thinai_as_printed,,,,,high,machine_checked,corpus/purananuru/poems/225.md,ea990f975d6da469053f2a690c7b7eaa7fd18f807dc21a98b32ade0dc68beda6
asrt.9a1e23c65852645449105334,purananuru,225,TURAI_VALUE,SOURCE_EXPLICIT,ASSOCIATED_WITH_TURAI,கையறுநிலை,thurai,yaml:thurai,,,,,high,machine_checked,corpus/purananuru/poems/225.md,ea990f975d6da469053f2a690c7b7eaa7fd18f807dc21a98b32ade0dc68beda6
asrt.3f42dcc07e1e3ba11ce0adbf,purananuru,225,SOURCE_CONTEXT_NOTE,SOURCE_EXPLICIT,HAS_PRINTED_SOURCE_NOTE,"பாடியவர்: ஆலத்தூர் கிழார்.
பாடப்பட்டோன்: சோழன் நலங்கிள்ளி.
திணை: பொதுவியல். துறை: கையறுநிலை.",source_note,markdown:source-note,,,,,high,machine_checked,corpus/purananuru/poems/225.md,ea990f975d6da469053f2a690c7b7eaa7fd18f807dc21a98b32ade0dc68beda6
asrt.561db3a97779bad31dedb6ac,purananuru,225,SOURCE_CONTEXT_NOTE,SOURCE_EXPLICIT,HAS_PRINTED_TITLE,வலம்புரி ஒலித்தது!,title_as_printed,yaml:title_as_printed,,,,,high,machine_checked,corpus/purananuru/poems/225.md,ea990f975d6da469053f2a690c7b7eaa7fd18f807dc21a98b32ade0dc68beda6
asrt.73d5ba1a0f2a8ac86b74b2ae,purananuru,225,TEXTUAL_CONDITION,SOURCE_EXPLICIT,HAS_TEXTUAL_STATUS,complete,textual_status,yaml:textual_status,,,,,high,machine_checked,corpus/purananuru/poems/225.md,ea990f975d6da469053f2a690c7b7eaa7fd18f807dc21a98b32ade0dc68beda6
asrt.7bff010b7bdf6732d28e3cf0,purananuru,226,POET_ATTRIBUTION,SOURCE_EXPLICIT,ATTRIBUTED_TO,மாறோக்கத்து நப்பசலையார்,poet_as_printed,yaml:poet_as_printed,,,,,high,machine_checked,corpus/purananuru/poems/226.md,9a24449212a489c0eef7202a17bf80f8173328526373be053c9402edc0f9b63e
asrt.6768543f2e8b32a351046dac,purananuru,226,PATRON_OR_ADDRESSEE,SOURCE_EXPLICIT,ADDRESSED_TO,சோழன் குளுமுற்றத்துத் துஞ்சிய கிள்ளி வளவன்,addressee_as_printed,yaml:addressee_as_printed,,,,,high,machine_checked,corpus/purananuru/poems/226.md,9a24449212a489c0eef7202a17bf80f8173328526373be053c9402edc0f9b63e
asrt.97137e343db210f5482ac1af,purananuru,226,TINI_VALUE,SOURCE_EXPLICIT,ASSOCIATED_WITH_TINAI,பொதுவியல்,thinai_as_printed,yaml:thinai_as_printed,,,,,high,machine_checked,corpus/purananuru/poems/226.md,9a24449212a489c0eef7202a17bf80f8173328526373be053c9402edc0f9b63e
asrt.123f9aa17a1c01b22535654f,purananuru,226,TURAI_VALUE,SOURCE_EXPLICIT,ASSOCIATED_WITH_TURAI,கையறுநிலை,thurai,yaml:thurai,,,,,high,machine_checked,corpus/purananuru/poems/226.md,9a24449212a489c0eef7202a17bf80f8173328526373be053c9402edc0f9b63e
asrt.5ba20fac58f158bc80e83d13,purananuru,226,SOURCE_CONTEXT_NOTE,SOURCE_EXPLICIT,HAS_PRINTED_TITLE,இரந்து கொண்டிருக்கும் அது!,title_as_printed,yaml:title_as_printed,,,,,high,machine_checked,corpus/purananuru/poems/226.md,9a24449212a489c0eef7202a17bf80f8173328526373be053c9402edc0f9b63e
asrt.0cd2abde4aa81d56f72aafa0,purananuru,226,SOURCE_CONTEXT_NOTE,SOURCE_EXPLICIT,HAS_PRINTED_SOURCE_NOTE,"பாடியவர்: மாறோக்கத்து நப்பசலையார்.
பாடப்பட்டோன்: சோழன் குளுமுற்றத்துத் துஞ்சிய கிள்ளி வளவன்.
திணை: பொதுவியல். துறை: கையறுநிலை.",source_note,markdown:source-note,,,,,high,machine_checked,corpus/purananuru/poems/226.md,9a24449212a489c0eef7202a17bf80f8173328526373be053c9402edc0f9b63e
asrt.a926c6a378a706d975f19320,purananuru,226,TEXTUAL_CONDITION,SOURCE_EXPLICIT,HAS_TEXTUAL_STATUS,complete,textual_status,yaml:textual_status,,,,,high,machine_checked,corpus/purananuru/poems/226.md,9a24449212a489c0eef7202a17bf80f8173328526373be053c9402edc0f9b63e
asrt.9f29e1b497623c2cdaa42c4a,purananuru,227,POET_ATTRIBUTION,SOURCE_EXPLICIT,ATTRIBUTED_TO,ஆடுதுறை மாசாத்தனார்,poet_as_printed,yaml:poet_as_printed,,,,,high,machine_checked,corpus/purananuru/poems/227.md,5dd22857ab89544e027d9845ab301221ad99702894ccd44385446b780b93d9b8
asrt.0f33c19806eb9c3aad39dff6,purananuru,227,PATRON_OR_ADDRESSEE,SOURCE_EXPLICIT,ADDRESSED_TO,சோழன் குளுமுற்றத்துத் துஞ்சிய கிள்ளி வளவன்,addressee_as_printed,yaml:addressee_as_printed,,,,,high,machine_checked,corpus/purananuru/poems/227.md,5dd22857ab89544e027d9845ab301221ad99702894ccd44385446b780b93d9b8
asrt.c0e90ceff7f49e652a25640a,purananuru,227,TINI_VALUE,SOURCE_EXPLICIT,ASSOCIATED_WITH_TINAI,பொதுவியல்,thinai_as_printed,yaml:thinai_as_printed,,,,,high,machine_checked,corpus/purananuru/poems/227.md,5dd22857ab89544e027d9845ab301221ad99702894ccd44385446b780b93d9b8
asrt.604210251d62e4e4fdde4d76,purananuru,227,TURAI_VALUE,SOURCE_EXPLICIT,ASSOCIATED_WITH_TURAI,கையறுநிலை,thurai,yaml:thurai,,,,,high,machine_checked,corpus/purananuru/poems/227.md,5dd22857ab89544e027d9845ab301221ad99702894ccd44385446b780b93d9b8
asrt.5d824b81cf731d034cf792c1,purananuru,227,SOURCE_CONTEXT_NOTE,SOURCE_EXPLICIT,HAS_PRINTED_TITLE,நயனில் கூற்றம்!,title_as_printed,yaml:title_as_printed,,,,,high,machine_checked,corpus/purananuru/poems/227.md,5dd22857ab89544e027d9845ab301221ad99702894ccd44385446b780b93d9b8
asrt.ff05894fe11726bd61df8a0f,purananuru,227,SOURCE_CONTEXT_NOTE,SOURCE_EXPLICIT,HAS_PRINTED_SOURCE_NOTE,"பாடியவர்: ஆடுதுறை மாசாத்தனார்.
பாடப்பட்டோன்: சோழன் குளுமுற்றத்துத் துஞ்சிய கிள்ளி வளவன்.
திணை: பொதுவியல். துறை: கையறுநிலை.",source_note,markdown:source-note,,,,,high,machine_checked,corpus/purananuru/poems/227.md,5dd22857ab89544e027d9845ab301221ad99702894ccd44385446b780b93d9b8
asrt.9483ac9acc895f2cc5af4771,purananuru,227,TEXTUAL_CONDITION,SOURCE_EXPLICIT,HAS_TEXTUAL_STATUS,complete,textual_status,yaml:textual_status,,,,,high,machine_checked,corpus/purananuru/poems/227.md,5dd22857ab89544e027d9845ab301221ad99702894ccd44385446b780b93d9b8
asrt.22d383517e86b862bf4af1fa,purananuru,228,POET_ATTRIBUTION,SOURCE_EXPLICIT,ATTRIBUTED_TO,ஐயூர் முடவனார்,poet_as_printed,yaml:poet_as_printed,,,,,high,machine_checked,corpus/purananuru/poems/228.md,b7417df5c0ae1375d8211eb5ef5638418bbd6401ebf76bdd138cc00d79985ab4
asrt.b5864be3c518495b0a2642e6,purananuru,228,PATRON_OR_ADDRESSEE,SOURCE_EXPLICIT,ADDRESSED_TO,சோழன் குளுமுற்றத்துத் துஞ்சிய கிள்ளி வளவன்,addressee_as_printed,yaml:addressee_as_printed,,,,,high,machine_checked,corpus/purananuru/poems/228.md,b7417df5c0ae1375d8211eb5ef5638418bbd6401ebf76bdd138cc00d79985ab4
asrt.98db7623a431448cb0d9235f,purananuru,228,TINI_VALUE,SOURCE_EXPLICIT,ASSOCIATED_WITH_TINAI,பொதுவியல்,thinai_as_printed,yaml:thinai_as_printed,,,,,high,machine_checked,corpus/purananuru/poems/228.md,b7417df5c0ae1375d8211eb5ef5638418bbd6401ebf76bdd138cc00d79985ab4
asrt.3e97d348f85b939c7b5ae7e2,purananuru,228,TURAI_VALUE,SOURCE_EXPLICIT,ASSOCIATED_WITH_TURAI,ஆனந்தப் பையுள்,thurai,yaml:thurai,,,,,high,machine_checked,corpus/purananuru/poems/228.md,b7417df5c0ae1375d8211eb5ef5638418bbd6401ebf76bdd138cc00d79985ab4
asrt.7522d6e9374792220a32ae2a,purananuru,228,SOURCE_CONTEXT_NOTE,SOURCE_EXPLICIT,HAS_PRINTED_TITLE,ஒல்லுமோ நினக்கே!,title_as_printed,yaml:title_as_printed,,,,,high,machine_checked,corpus/purananuru/poems/228.md,b7417df5c0ae1375d8211eb5ef5638418bbd6401ebf76bdd138cc00d79985ab4
asrt.24db6f1f425001cc99c74d74,purananuru,228,SOURCE_CONTEXT_NOTE,SOURCE_EXPLICIT,HAS_PRINTED_SOURCE_NOTE,"பாடியவர்: ஐயூர் முடவனார்.
பாடப்பட்டோன்: சோழன் குளுமுற்றத்துத் துஞ்சிய கிள்ளி வளவன்.
திணை: பொதுவியல். துறை: ஆனந்தப் பையுள்.",source_note,markdown:source-note,,,,,high,machine_checked,corpus/purananuru/poems/228.md,b7417df5c0ae1375d8211eb5ef5638418bbd6401ebf76bdd138cc00d79985ab4
asrt.a5543fd7aaef0c3e72cd4611,purananuru,228,TEXTUAL_CONDITION,SOURCE_EXPLICIT,HAS_TEXTUAL_STATUS,complete,textual_status,yaml:textual_status,,,,,high,machine_checked,corpus/purananuru/poems/228.md,b7417df5c0ae1375d8211eb5ef5638418bbd6401ebf76bdd138cc00d79985ab4
asrt.f5a9270a6b2f8660774f9f10,purananuru,228,FAUNA_MENTION,SOURCE_EXPLICIT,MENTIONS_CANDIDATE,யானை,canonical_body,markdown:canonical-body,10,10,12,16,medium,human_review_required,corpus/purananuru/poems/228.md,b7417df5c0ae1375d8211eb5ef5638418bbd6401ebf76bdd138cc00d79985ab4
asrt.0fd854fc51ddab4bd8de962c,purananuru,229,POET_ATTRIBUTION,SOURCE_EXPLICIT,ATTRIBUTED_TO,கூடலூர் கிழார்,poet_as_printed,yaml:poet_as_printed,,,,,high,machine_checked,corpus/purananuru/poems/229.md,a4eada35a689b9e8322923d95b0e7138a58f1fe538718cbbe8eb24e56d7a81b8
asrt.9f1903724ebcc58c2d37c414,purananuru,229,PATRON_OR_ADDRESSEE,SOURCE_EXPLICIT,ADDRESSED_TO,கோச்சேரமான் யானைக்கட்சே எய் மாந்தரஞ்சேரல் இரும்பொறை,addressee_as_printed,yaml:addressee_as_printed,,,,,high,machine_checked,corpus/purananuru/poems/229.md,a4eada35a689b9e8322923d95b0e7138a58f1fe538718cbbe8eb24e56d7a81b8
asrt.59177ec145c8f32d5fb2f7e6,purananuru,229,TINI_VALUE,SOURCE_EXPLICIT,ASSOCIATED_WITH_TINAI,பொதுவியல்,thinai_as_printed,yaml:thinai_as_printed,,,,,high,machine_checked,corpus/purananuru/poems/229.md,a4eada35a689b9e8322923d95b0e7138a58f1fe538718cbbe8eb24e56d7a81b8
asrt.cacb7f99a2136cb33ab66c1e,purananuru,229,TURAI_VALUE,SOURCE_EXPLICIT,ASSOCIATED_WITH_TURAI,கையறுநிலை,thurai,yaml:thurai,,,,,high,machine_checked,corpus/purananuru/poems/229.md,a4eada35a689b9e8322923d95b0e7138a58f1fe538718cbbe8eb24e56d7a81b8
asrt.4f3f0b01d3b6397cb9cc4310,purananuru,229,SOURCE_CONTEXT_NOTE,SOURCE_EXPLICIT,HAS_PRINTED_SOURCE_NOTE,"பாடியவர்: கூடலூர் கிழார்.
பாடப்பட்டோன்: கோச்சேரமான் யானைக்கட்சே எய் மாந்தரஞ்சேரல் இரும்பொறை.
திணை: பொதுவியல். துறை: கையறுநிலை.
குறிப்பு: அவன் இன்ன நாளில் துஞ்சுமென அஞ்சி, அவன் அவ்வாறே துஞ்சிய போது பாடியது.",source_note,markdown:source-note,,,,,high,machine_checked,corpus/purananuru/poems/229.md,a4eada35a689b9e8322923d95b0e7138a58f1fe538718cbbe8eb24e56d7a81b8
asrt.9054df8642f5b1e0bf95bc85,purananuru,229,SOURCE_CONTEXT_NOTE,SOURCE_EXPLICIT,HAS_PRINTED_TITLE,மறந்தனன் கொல்லோ?,title_as_printed,yaml:title_as_printed,,,,,high,machine_checked,corpus/purananuru/poems/229.md,a4eada35a689b9e8322923d95b0e7138a58f1fe538718cbbe8eb24e56d7a81b8
asrt.7e7b20c608b9b7e2b1fedb5a,purananuru,229,TEXTUAL_CONDITION,SOURCE_EXPLICIT,HAS_TEXTUAL_STATUS,complete,textual_status,yaml:textual_status,,,,,high,machine_checked,corpus/purananuru/poems/229.md,a4eada35a689b9e8322923d95b0e7138a58f1fe538718cbbe8eb24e56d7a81b8
asrt.a955dc23d8d9d96c94feb33e,purananuru,229,FAUNA_MENTION,SOURCE_EXPLICIT,MENTIONS_CANDIDATE,யானை,canonical_body,markdown:canonical-body,18,18,9,13,medium,human_review_required,corpus/purananuru/poems/229.md,a4eada35a689b9e8322923d95b0e7138a58f1fe538718cbbe8eb24e56d7a81b8
asrt.bc4ed2830ad78adcd3ced258,purananuru,229,GIFT_MENTION,SOURCE_EXPLICIT,MENTIONS_CANDIDATE,ஈகை,canonical_body,markdown:canonical-body,26,26,18,21,medium,human_review_required,corpus/purananuru/poems/229.md,a4eada35a689b9e8322923d95b0e7138a58f1fe538718cbbe8eb24e56d7a81b8
asrt.3987a94f809eb21cc6c15dd0,purananuru,230,POET_ATTRIBUTION,SOURCE_EXPLICIT,ATTRIBUTED_TO,அரிசில் கிழார்,poet_as_printed,yaml:poet_as_printed,,,,,high,machine_checked,corpus/purananuru/poems/230.md,9457916ca618896573185f7bf33ca40a5e5efba6c6def30ed03b54d5c6852141
asrt.191d0baba7b2ed1adcc75a91,purananuru,230,PATRON_OR_ADDRESSEE,SOURCE_EXPLICIT,ADDRESSED_TO,அதியமான் தகடூர் பொருது வீழ்ந்த எழினி,addressee_as_printed,yaml:addressee_as_printed,,,,,high,machine_checked,corpus/purananuru/poems/230.md,9457916ca618896573185f7bf33ca40a5e5efba6c6def30ed03b54d5c6852141
asrt.7aa4685be779da0fb6c485df,purananuru,230,TINI_VALUE,SOURCE_EXPLICIT,ASSOCIATED_WITH_TINAI,பொதுவியல்,thinai_as_printed,yaml:thinai_as_printed,,,,,high,machine_checked,corpus/purananuru/poems/230.md,9457916ca618896573185f7bf33ca40a5e5efba6c6def30ed03b54d5c6852141
asrt.e73037335d84ebbc91271c3f,purananuru,230,TURAI_VALUE,SOURCE_EXPLICIT,ASSOCIATED_WITH_TURAI,கையுறுநிலை,thurai,yaml:thurai,,,,,high,machine_checked,corpus/purananuru/poems/230.md,9457916ca618896573185f7bf33ca40a5e5efba6c6def30ed03b54d5c6852141
asrt.9db4bd1e9dcc39b65e685f42,purananuru,230,SOURCE_CONTEXT_NOTE,SOURCE_EXPLICIT,HAS_PRINTED_TITLE,நீ இழந்தனையே கூற்றம்!,title_as_printed,yaml:title_as_printed,,,,,high,machine_checked,corpus/purananuru/poems/230.md,9457916ca618896573185f7bf33ca40a5e5efba6c6def30ed03b54d5c6852141
asrt.7130ffe723acf328df5016e9,purananuru,230,SOURCE_CONTEXT_NOTE,SOURCE_EXPLICIT,HAS_PRINTED_SOURCE_NOTE,"பாடியவர்: அரிசில் கிழார்.
பாடப்பட்டோன்: அதியமான் தகடூர் பொருது வீழ்ந்த எழினி.
திணை: பொதுவியல். துறை: கையுறுநிலை.",source_note,markdown:source-note,,,,,high,machine_checked,corpus/purananuru/poems/230.md,9457916ca618896573185f7bf33ca40a5e5efba6c6def30ed03b54d5c6852141
asrt.1731641dbdba62e920af4aad,purananuru,230,TEXTUAL_CONDITION,SOURCE_EXPLICIT,HAS_TEXTUAL_STATUS,complete,textual_status,yaml:textual_status,,,,,high,machine_checked,corpus/purananuru/poems/230.md,9457916ca618896573185f7bf33ca40a5e5efba6c6def30ed03b54d5c6852141
asrt.8e53eda211d68c3b0eec5dd7,purananuru,231,POET_ATTRIBUTION,SOURCE_EXPLICIT,ATTRIBUTED_TO,ஔவையார்,poet_as_printed,yaml:poet_as_printed,,,,,high,machine_checked,corpus/purananuru/poems/231.md,505fadcc30f2ba36c809cf6e5b5a3736532c15e7eeca90170ed0f204e3e8b8f8
asrt.ae669897ebb612c20f64b366,purananuru,231,PATRON_OR_ADDRESSEE,SOURCE_EXPLICIT,ADDRESSED_TO,அதியமான் நெடுமான் அஞ்சி,addressee_as_printed,yaml:addressee_as_printed,,,,,high,machine_checked,corpus/purananuru/poems/231.md,505fadcc30f2ba36c809cf6e5b5a3736532c15e7eeca90170ed0f204e3e8b8f8
asrt.e109f2b42591d582ea35fb07,purananuru,231,TINI_VALUE,SOURCE_EXPLICIT,ASSOCIATED_WITH_TINAI,பொதுவியல்,thinai_as_printed,yaml:thinai_as_printed,,,,,high,machine_checked,corpus/purananuru/poems/231.md,505fadcc30f2ba36c809cf6e5b5a3736532c15e7eeca90170ed0f204e3e8b8f8
asrt.1fa4ccfb83109b06744da086,purananuru,231,TURAI_VALUE,SOURCE_EXPLICIT,ASSOCIATED_WITH_TURAI,கையறுநிலை,thurai,yaml:thurai,,,,,high,machine_checked,corpus/purananuru/poems/231.md,505fadcc30f2ba36c809cf6e5b5a3736532c15e7eeca90170ed0f204e3e8b8f8
asrt.adb777dd1b9d5c41a292cb4d,purananuru,231,SOURCE_CONTEXT_NOTE,SOURCE_EXPLICIT,HAS_PRINTED_SOURCE_NOTE,"பாடியவர்: ஔவையார்.
பாடப்பட்டோன்: அதியமான் நெடுமான் அஞ்சி.
திணை: பொதுவியல். துறை: கையறுநிலை.",source_note,markdown:source-note,,,,,high,machine_checked,corpus/purananuru/poems/231.md,505fadcc30f2ba36c809cf6e5b5a3736532c15e7eeca90170ed0f204e3e8b8f8
asrt.b273c85a8f79c1e3b4e35007,purananuru,231,SOURCE_CONTEXT_NOTE,SOURCE_EXPLICIT,HAS_PRINTED_TITLE,புகழ் மாயலவே!,title_as_printed,yaml:title_as_printed,,,,,high,machine_checked,corpus/purananuru/poems/231.md,505fadcc30f2ba36c809cf6e5b5a3736532c15e7eeca90170ed0f204e3e8b8f8
asrt.34c9a185080a5f701ef8f48d,purananuru,231,TEXTUAL_CONDITION,SOURCE_EXPLICIT,HAS_TEXTUAL_STATUS,complete,textual_status,yaml:textual_status,,,,,high,machine_checked,corpus/purananuru/poems/231.md,505fadcc30f2ba36c809cf6e5b5a3736532c15e7eeca90170ed0f204e3e8b8f8
asrt.f4e8667dc7da1fc966e665c4,purananuru,232,POET_ATTRIBUTION,SOURCE_EXPLICIT,ATTRIBUTED_TO,ஔவையார்,poet_as_printed,yaml:poet_as_printed,,,,,high,machine_checked,corpus/purananuru/poems/232.md,0b316aea07d56c61f5e89e06ff44ba9b85009fb6ee76fe93533fa0b459635da8
asrt.b0d42daacc34d8e8ffb5aed0,purananuru,232,PATRON_OR_ADDRESSEE,SOURCE_EXPLICIT,ADDRESSED_TO,அதியமான் நெடுமான் அஞ்சி,addressee_as_printed,yaml:addressee_as_printed,,,,,high,machine_checked,corpus/purananuru/poems/232.md,0b316aea07d56c61f5e89e06ff44ba9b85009fb6ee76fe93533fa0b459635da8
asrt.bc67c979ff87bdeef5ca4137,purananuru,232,TINI_VALUE,SOURCE_EXPLICIT,ASSOCIATED_WITH_TINAI,பொதுவியல்,thinai_as_printed,yaml:thinai_as_printed,,,,,high,machine_checked,corpus/purananuru/poems/232.md,0b316aea07d56c61f5e89e06ff44ba9b85009fb6ee76fe93533fa0b459635da8
asrt.2e0c4d19ffd4341400500a2c,purananuru,232,TURAI_VALUE,SOURCE_EXPLICIT,ASSOCIATED_WITH_TURAI,கையறுநிலை,thurai,yaml:thurai,,,,,high,machine_checked,corpus/purananuru/poems/232.md,0b316aea07d56c61f5e89e06ff44ba9b85009fb6ee76fe93533fa0b459635da8
asrt.674cd3a7ddf64ee9dd7fca22,purananuru,232,SOURCE_CONTEXT_NOTE,SOURCE_EXPLICIT,HAS_PRINTED_TITLE,கொள்வன் கொல்லோ!,title_as_printed,yaml:title_as_printed,,,,,high,machine_checked,corpus/purananuru/poems/232.md,0b316aea07d56c61f5e89e06ff44ba9b85009fb6ee76fe93533fa0b459635da8
asrt.2480aa588d7062a086b56551,purananuru,232,SOURCE_CONTEXT_NOTE,SOURCE_EXPLICIT,HAS_PRINTED_SOURCE_NOTE,"பாடியவர்: ஔவையார்.
பாடப்பட்டோன்: அதியமான் நெடுமான் அஞ்சி.
திணை: பொதுவியல். துறை: கையறுநிலை. திணை : தும்பை. துறை:பாண்பாட்டும் ஆம்.",source_note,markdown:source-note,,,,,high,machine_checked,corpus/purananuru/poems/232.md,0b316aea07d56c61f5e89e06ff44ba9b85009fb6ee76fe93533fa0b459635da8
asrt.55d1d649ad1a6b0a7ace2211,purananuru,232,TEXTUAL_CONDITION,SOURCE_EXPLICIT,HAS_TEXTUAL_STATUS,complete,textual_status,yaml:textual_status,,,,,high,machine_checked,corpus/purananuru/poems/232.md,0b316aea07d56c61f5e89e06ff44ba9b85009fb6ee76fe93533fa0b459635da8
asrt.3aca545e9a07194cf4c26488,purananuru,232,SOCIAL_PRACTICE,SOURCE_EXPLICIT,MENTIONS_CANDIDATE,நடுகல்,canonical_body,markdown:canonical-body,3,3,0,6,medium,human_review_required,corpus/purananuru/poems/232.md,0b316aea07d56c61f5e89e06ff44ba9b85009fb6ee76fe93533fa0b459635da8
asrt.a983873cdb731ec3705ae9b6,purananuru,233,POET_ATTRIBUTION,SOURCE_EXPLICIT,ATTRIBUTED_TO,வெள்ளெருக்கிலையார்,poet_as_printed,yaml:poet_as_printed,,,,,high,machine_checked,corpus/purananuru/poems/233.md,6e4738a0d7b2b6b2fbe552aecc940170660e70be13fa05c2081aee978042d4ef
asrt.776f6c30b2ecbd6125e31b86,purananuru,233,PATRON_OR_ADDRESSEE,SOURCE_EXPLICIT,ADDRESSED_TO,வேள் எவ்வி,addressee_as_printed,yaml:addressee_as_printed,,,,,high,machine_checked,corpus/purananuru/poems/233.md,6e4738a0d7b2b6b2fbe552aecc940170660e70be13fa05c2081aee978042d4ef
asrt.abbcd239a767cedcd27a0e1c,purananuru,233,TINI_VALUE,SOURCE_EXPLICIT,ASSOCIATED_WITH_TINAI,பொதுவியல்,thinai_as_printed,yaml:thinai_as_printed,,,,,high,machine_checked,corpus/purananuru/poems/233.md,6e4738a0d7b2b6b2fbe552aecc940170660e70be13fa05c2081aee978042d4ef
asrt.22de30cc99ffda87f4f2bcad,purananuru,233,TURAI_VALUE,SOURCE_EXPLICIT,ASSOCIATED_WITH_TURAI,கையறுநிலை,thurai,yaml:thurai,,,,,high,machine_checked,corpus/purananuru/poems/233.md,6e4738a0d7b2b6b2fbe552aecc940170660e70be13fa05c2081aee978042d4ef
asrt.22c683b4ef7e86571f22c6e1,purananuru,233,SOURCE_CONTEXT_NOTE,SOURCE_EXPLICIT,HAS_PRINTED_SOURCE_NOTE,"பாடியவர்: வெள்ளெருக்கிலையார்.
பாடப்பட்டோன்: வேள் எவ்வி.
திணை: பொதுவியல். துறை: கையறுநிலை.",source_note,markdown:source-note,,,,,high,machine_checked,corpus/purananuru/poems/233.md,6e4738a0d7b2b6b2fbe552aecc940170660e70be13fa05c2081aee978042d4ef
asrt.4517f27a7a7318c534eda89c,purananuru,233,SOURCE_CONTEXT_NOTE,SOURCE_EXPLICIT,HAS_PRINTED_TITLE,பொய்யாய்ப் போக!,title_as_printed,yaml:title_as_printed,,,,,high,machine_checked,corpus/purananuru/poems/233.md,6e4738a0d7b2b6b2fbe552aecc940170660e70be13fa05c2081aee978042d4ef
asrt.cb2298246e71b3744ab088a6,purananuru,233,TEXTUAL_CONDITION,SOURCE_EXPLICIT,HAS_TEXTUAL_STATUS,complete,textual_status,yaml:textual_status,,,,,high,machine_checked,corpus/purananuru/poems/233.md,6e4738a0d7b2b6b2fbe552aecc940170660e70be13fa05c2081aee978042d4ef
asrt.c5a9e84835d98a4d0967a3dc,purananuru,233,FAUNA_MENTION,SOURCE_EXPLICIT,MENTIONS_CANDIDATE,யானை,canonical_body,markdown:canonical-body,2,2,6,10,medium,human_review_required,corpus/purananuru/poems/233.md,6e4738a0d7b2b6b2fbe552aecc940170660e70be13fa05c2081aee978042d4ef
asrt.aff3c44b478faf554f218e30,purananuru,234,POET_ATTRIBUTION,SOURCE_EXPLICIT,ATTRIBUTED_TO,வெள்ளெருக்கிலையார்,poet_as_printed,yaml:poet_as_printed,,,,,high,machine_checked,corpus/purananuru/poems/234.md,412cdfb7b9ac18c135df7a7afeeb9d94952e51553c72bbec7a19a80bad37aa74
asrt.b77291a698d063a3e40fbd07,purananuru,234,PATRON_OR_ADDRESSEE,SOURCE_EXPLICIT,ADDRESSED_TO,வேள் எவ்வி,addressee_as_printed,yaml:addressee_as_printed,,,,,high,machine_checked,corpus/purananuru/poems/234.md,412cdfb7b9ac18c135df7a7afeeb9d94952e51553c72bbec7a19a80bad37aa74
asrt.d6b6735a09b3f3dbdde81720,purananuru,234,TINI_VALUE,SOURCE_EXPLICIT,ASSOCIATED_WITH_TINAI,பொதுவியல்,thinai_as_printed,yaml:thinai_as_printed,,,,,high,machine_checked,corpus/purananuru/poems/234.md,412cdfb7b9ac18c135df7a7afeeb9d94952e51553c72bbec7a19a80bad37aa74
asrt.f9bf9c8cfbc9a2a50e7e58d1,purananuru,234,TURAI_VALUE,SOURCE_EXPLICIT,ASSOCIATED_WITH_TURAI,கையறுநிலை,thurai,yaml:thurai,,,,,high,machine_checked,corpus/purananuru/poems/234.md,412cdfb7b9ac18c135df7a7afeeb9d94952e51553c72bbec7a19a80bad37aa74
asrt.197200bf88b397176bf6dbad,purananuru,234,SOURCE_CONTEXT_NOTE,SOURCE_EXPLICIT,HAS_PRINTED_TITLE,உண்டனன் கொல்?,title_as_printed,yaml:title_as_printed,,,,,high,machine_checked,corpus/purananuru/poems/234.md,412cdfb7b9ac18c135df7a7afeeb9d94952e51553c72bbec7a19a80bad37aa74
asrt.388f23c3626f03d76e80e336,purananuru,234,SOURCE_CONTEXT_NOTE,SOURCE_EXPLICIT,HAS_PRINTED_SOURCE_NOTE,"பாடியவர்: வெள்ளெருக்கிலையார்.
பாடப்பட்டோன்: வேள் எவ்வி.
திணை: பொதுவியல். துறை: கையறுநிலை.",source_note,markdown:source-note,,,,,high,machine_checked,corpus/purananuru/poems/234.md,412cdfb7b9ac18c135df7a7afeeb9d94952e51553c72bbec7a19a80bad37aa74
asrt.5a2b71f420f40a288ca196df,purananuru,234,TEXTUAL_CONDITION,SOURCE_EXPLICIT,HAS_TEXTUAL_STATUS,complete,textual_status,yaml:textual_status,,,,,high,machine_checked,corpus/purananuru/poems/234.md,412cdfb7b9ac18c135df7a7afeeb9d94952e51553c72bbec7a19a80bad37aa74
asrt.6fbb7f3af5beca5b9413fb06,purananuru,235,POET_ATTRIBUTION,SOURCE_EXPLICIT,ATTRIBUTED_TO,ஔவையார்,poet_as_printed,yaml:poet_as_printed,,,,,high,machine_checked,corpus/purananuru/poems/235.md,daf65c7419762709cdf116f13a47691091799948d2a83c2e427df2b91e555890
asrt.b54316d4e35cf8b53552d92a,purananuru,235,PATRON_OR_ADDRESSEE,SOURCE_EXPLICIT,ADDRESSED_TO,அதியமான் நெடுமான் அஞ்சி,addressee_as_printed,yaml:addressee_as_printed,,,,,high,machine_checked,corpus/purananuru/poems/235.md,daf65c7419762709cdf116f13a47691091799948d2a83c2e427df2b91e555890
asrt.57529de49038d9ef1785a4be,purananuru,235,TINI_VALUE,SOURCE_EXPLICIT,ASSOCIATED_WITH_TINAI,பொதுவியல்,thinai_as_printed,yaml:thinai_as_printed,,,,,high,machine_checked,corpus/purananuru/poems/235.md,daf65c7419762709cdf116f13a47691091799948d2a83c2e427df2b91e555890
asrt.1c819705da0ceaffa3b4b4c7,purananuru,235,TURAI_VALUE,SOURCE_EXPLICIT,ASSOCIATED_WITH_TURAI,கையறுநிலை,thurai,yaml:thurai,,,,,high,machine_checked,corpus/purananuru/poems/235.md,daf65c7419762709cdf116f13a47691091799948d2a83c2e427df2b91e555890
asrt.d0a76bd8aa51763fb3e436b9,purananuru,235,SOURCE_CONTEXT_NOTE,SOURCE_EXPLICIT,HAS_PRINTED_TITLE,அருநிறத்து இயங்கிய வேல்!,title_as_printed,yaml:title_as_printed,,,,,high,machine_checked,corpus/purananuru/poems/235.md,daf65c7419762709cdf116f13a47691091799948d2a83c2e427df2b91e555890
asrt.cdfec9a5a968cc14cf6c606a,purananuru,235,SOURCE_CONTEXT_NOTE,SOURCE_EXPLICIT,HAS_PRINTED_SOURCE_NOTE,"பாடியவர்: ஔவையார்.
பாடப்பட்டோன்: அதியமான் நெடுமான் அஞ்சி.
திணை: பொதுவியல். துறை: கையறுநிலை.",source_note,markdown:source-note,,,,,high,machine_checked,corpus/purananuru/poems/235.md,daf65c7419762709cdf116f13a47691091799948d2a83c2e427df2b91e555890
asrt.aa57f4e812dd675d96c141ca,purananuru,235,TEXTUAL_CONDITION,SOURCE_EXPLICIT,HAS_TEXTUAL_STATUS,complete,textual_status,yaml:textual_status,,,,,high,machine_checked,corpus/purananuru/poems/235.md,daf65c7419762709cdf116f13a47691091799948d2a83c2e427df2b91e555890
asrt.240312110ed556c11321ea10,purananuru,236,POET_ATTRIBUTION,SOURCE_EXPLICIT,ATTRIBUTED_TO,கபிலர்,poet_as_printed,yaml:poet_as_printed,,,,,high,machine_checked,corpus/purananuru/poems/236.md,0aac21f91198a009d6ae12f701240a3e2d1e27487ecb365209f47fa73554f4b6
asrt.c1a56c9eaecc5d11fc45aaa6,purananuru,236,TINI_VALUE,SOURCE_EXPLICIT,ASSOCIATED_WITH_TINAI,பொதுவியல் துறை: கையறுநிலை,thinai_as_printed,yaml:thinai_as_printed,,,,,high,machine_checked,corpus/purananuru/poems/236.md,0aac21f91198a009d6ae12f701240a3e2d1e27487ecb365209f47fa73554f4b6
asrt.5d469c01f4ac47094e341089,purananuru,236,TURAI_VALUE,SOURCE_EXPLICIT,ASSOCIATED_WITH_TURAI,கையறுநிலை,thurai,yaml:thurai,,,,,high,machine_checked,corpus/purananuru/poems/236.md,0aac21f91198a009d6ae12f701240a3e2d1e27487ecb365209f47fa73554f4b6
asrt.e34c852b99188c575469f3a5,purananuru,236,SOURCE_CONTEXT_NOTE,SOURCE_EXPLICIT,HAS_PRINTED_TITLE,கலந்த கேண்மைக்கு ஒவ்வாய்!,title_as_printed,yaml:title_as_printed,,,,,high,machine_checked,corpus/purananuru/poems/236.md,0aac21f91198a009d6ae12f701240a3e2d1e27487ecb365209f47fa73554f4b6
asrt.3f2ce338be9b2e04aea55b59,purananuru,236,SOURCE_CONTEXT_NOTE,SOURCE_EXPLICIT,HAS_PRINTED_SOURCE_NOTE,"பாடியவர்: கபிலர்
திணை: பொதுவியல் துறை: கையறுநிலை
குறிப்பு: வேள்பாரி துஞ்சியபின், அவன் மகளிரைப் பார்ப்பார்ப்படுத்து வடக்கிருந்தபோது, பாடியது.",source_note,markdown:source-note,,,,,high,machine_checked,corpus/purananuru/poems/236.md,0aac21f91198a009d6ae12f701240a3e2d1e27487ecb365209f47fa73554f4b6
asrt.a2d53597bb6530c7523feebd,purananuru,236,TEXTUAL_CONDITION,SOURCE_EXPLICIT,HAS_TEXTUAL_STATUS,complete,textual_status,yaml:textual_status,,,,,high,machine_checked,corpus/purananuru/poems/236.md,0aac21f91198a009d6ae12f701240a3e2d1e27487ecb365209f47fa73554f4b6
asrt.f2b051617553f8cc53960979,purananuru,236,MOUNTAIN_OR_HILL_MENTION,SOURCE_EXPLICIT,MENTIONS_CANDIDATE,மலை,canonical_body,markdown:canonical-body,3,3,0,3,medium,human_review_required,corpus/purananuru/poems/236.md,0aac21f91198a009d6ae12f701240a3e2d1e27487ecb365209f47fa73554f4b6
asrt.b8a540201738109a2e404eb8,purananuru,237,POET_ATTRIBUTION,SOURCE_EXPLICIT,ATTRIBUTED_TO,பெருஞ்சித்திரனார்,poet_as_printed,yaml:poet_as_printed,,,,,high,machine_checked,corpus/purananuru/poems/237.md,3820c232cadc2d9787deea5a06308e7339bfafc3c9532449bb208886a4f14039
asrt.f34e0eecf6ffd6f98b5af03c,purananuru,237,PATRON_OR_ADDRESSEE,SOURCE_EXPLICIT,ADDRESSED_TO,இளவெளிமான்,addressee_as_printed,yaml:addressee_as_printed,,,,,high,machine_checked,corpus/purananuru/poems/237.md,3820c232cadc2d9787deea5a06308e7339bfafc3c9532449bb208886a4f14039
asrt.e7fe42b4e97011084952da31,purananuru,237,TINI_VALUE,SOURCE_EXPLICIT,ASSOCIATED_WITH_TINAI,பொதுவியல்,thinai_as_printed,yaml:thinai_as_printed,,,,,high,machine_checked,corpus/purananuru/poems/237.md,3820c232cadc2d9787deea5a06308e7339bfafc3c9532449bb208886a4f14039
asrt.baff7162018f88c6611bc3d9,purananuru,237,TURAI_VALUE,SOURCE_EXPLICIT,ASSOCIATED_WITH_TURAI,கையறுநிலை,thurai,yaml:thurai,,,,,high,machine_checked,corpus/purananuru/poems/237.md,3820c232cadc2d9787deea5a06308e7339bfafc3c9532449bb208886a4f14039
asrt.e8668185fea68ccc1b79851d,purananuru,237,SOURCE_CONTEXT_NOTE,SOURCE_EXPLICIT,HAS_PRINTED_TITLE,சோற்றுப் பானையிலே தீ!,title_as_printed,yaml:title_as_printed,,,,,high,machine_checked,corpus/purananuru/poems/237.md,3820c232cadc2d9787deea5a06308e7339bfafc3c9532449bb208886a4f14039
asrt.7331a67872ff170d9011338b,purananuru,237,SOURCE_CONTEXT_NOTE,SOURCE_EXPLICIT,HAS_PRINTED_SOURCE_NOTE,"பாடியவர்: பெருஞ்சித்திரனார்.
பாடப்பட்டோன்: இளவெளிமான்.
திணை: பொதுவியல். துறை: கையறுநிலை.
(வெளிமானிடம் சென்றனர் புலவர். அவன் துஞ்ச, இளவெளிமான் சிறிது கொடுக்கின்றான். அதனைக் கொள்ளாது வெளிமான் துஞ்சியதற்கு இரங்கிப் பாடிய செய்யுள் இது.)",source_note,markdown:source-note,,,,,high,machine_checked,corpus/purananuru/poems/237.md,3820c232cadc2d9787deea5a06308e7339bfafc3c9532449bb208886a4f14039
asrt.fc87634392aa30979c6c8b84,purananuru,237,TEXTUAL_CONDITION,SOURCE_EXPLICIT,HAS_TEXTUAL_STATUS,complete,textual_status,yaml:textual_status,,,,,high,machine_checked,corpus/purananuru/poems/237.md,3820c232cadc2d9787deea5a06308e7339bfafc3c9532449bb208886a4f14039
asrt.b531d24d97ac8307f3a79500,purananuru,237,GIFT_MENTION,SOURCE_EXPLICIT,MENTIONS_CANDIDATE,பரிசில்,canonical_body,markdown:canonical-body,19,19,10,17,medium,human_review_required,corpus/purananuru/poems/237.md,3820c232cadc2d9787deea5a06308e7339bfafc3c9532449bb208886a4f14039
asrt.a9719efa7d751d8bc930975e,purananuru,238,POET_ATTRIBUTION,SOURCE_EXPLICIT,ATTRIBUTED_TO,பெருஞ்சித்திரனார்,poet_as_printed,yaml:poet_as_printed,,,,,high,machine_checked,corpus/purananuru/poems/238.md,063f71e5e2941c6c6abd62534e66a42d97652d35bea9c0451c86411dc2abaaa9
asrt.5b9f52ba6967a9a4293a9908,purananuru,238,PATRON_OR_ADDRESSEE,SOURCE_EXPLICIT,ADDRESSED_TO,இளவெளிமான்,addressee_as_printed,yaml:addressee_as_printed,,,,,high,machine_checked,corpus/purananuru/poems/238.md,063f71e5e2941c6c6abd62534e66a42d97652d35bea9c0451c86411dc2abaaa9
asrt.fae14382082d2b4feae0e708,purananuru,238,TINI_VALUE,SOURCE_EXPLICIT,ASSOCIATED_WITH_TINAI,பொதுவியல்,thinai_as_printed,yaml:thinai_as_printed,,,,,high,machine_checked,corpus/purananuru/poems/238.md,063f71e5e2941c6c6abd62534e66a42d97652d35bea9c0451c86411dc2abaaa9
asrt.9a95159d531aba7b64e98593,purananuru,238,TURAI_VALUE,SOURCE_EXPLICIT,ASSOCIATED_WITH_TURAI,கையறுநிலை,thurai,yaml:thurai,,,,,high,machine_checked,corpus/purananuru/poems/238.md,063f71e5e2941c6c6abd62534e66a42d97652d35bea9c0451c86411dc2abaaa9
asrt.7501f505bac44aa6f4b43204,purananuru,238,SOURCE_CONTEXT_NOTE,SOURCE_EXPLICIT,HAS_PRINTED_TITLE,தகுதியும் அதுவே!,title_as_printed,yaml:title_as_printed,,,,,high,machine_checked,corpus/purananuru/poems/238.md,063f71e5e2941c6c6abd62534e66a42d97652d35bea9c0451c86411dc2abaaa9
asrt.0fd986e2592d9c342ba1fc72,purananuru,238,SOURCE_CONTEXT_NOTE,SOURCE_EXPLICIT,HAS_PRINTED_SOURCE_NOTE,"பாடியவர்: பெருஞ்சித்திரனார்.
பாடப்பட்டோன்: இளவெளிமான்.
திணை: பொதுவியல். துறை: கையறுநிலை.
(வெளிமான் துஞ்சியமைக்கு வருந்திக் கூறியது இது. கரைகாண வியலாத் துயரத்தைக், 'கண்ணில் ஊமன் கடற் பட்டாங்கு' எனக் கூறுதலைக் கவனிக்க.)",source_note,markdown:source-note,,,,,high,machine_checked,corpus/purananuru/poems/238.md,063f71e5e2941c6c6abd62534e66a42d97652d35bea9c0451c86411dc2abaaa9
asrt.d9ba3bb43f49d66f69a4b78e,purananuru,238,TEXTUAL_CONDITION,SOURCE_EXPLICIT,HAS_TEXTUAL_STATUS,complete,textual_status,yaml:textual_status,,,,,high,machine_checked,corpus/purananuru/poems/238.md,063f71e5e2941c6c6abd62534e66a42d97652d35bea9c0451c86411dc2abaaa9
asrt.dfc54f7503004e200799817f,purananuru,239,POET_ATTRIBUTION,SOURCE_EXPLICIT,ATTRIBUTED_TO,பேரெயின் முறுவலார்,poet_as_printed,yaml:poet_as_printed,,,,,high,machine_checked,corpus/purananuru/poems/239.md,88a867f9176ee1b764d4ed6c16257616468df355c2416974f50bc50536514e6d
asrt.a8e66ae71514bcf2a7926dd3,purananuru,239,PATRON_OR_ADDRESSEE,SOURCE_EXPLICIT,ADDRESSED_TO,நம்பி நெடுஞ்செழியன்,addressee_as_printed,yaml:addressee_as_printed,,,,,high,machine_checked,corpus/purananuru/poems/239.md,88a867f9176ee1b764d4ed6c16257616468df355c2416974f50bc50536514e6d
asrt.8680ba42216fd6e8e31aa124,purananuru,239,TINI_VALUE,SOURCE_EXPLICIT,ASSOCIATED_WITH_TINAI,பொதுவியல்,thinai_as_printed,yaml:thinai_as_printed,,,,,high,machine_checked,corpus/purananuru/poems/239.md,88a867f9176ee1b764d4ed6c16257616468df355c2416974f50bc50536514e6d
asrt.3d52ec93ff9fe0d3b7dccc33,purananuru,239,TURAI_VALUE,SOURCE_EXPLICIT,ASSOCIATED_WITH_TURAI,கையறுநிலை,thurai,yaml:thurai,,,,,high,machine_checked,corpus/purananuru/poems/239.md,88a867f9176ee1b764d4ed6c16257616468df355c2416974f50bc50536514e6d
asrt.8d627f32584aee8332935011,purananuru,239,SOURCE_CONTEXT_NOTE,SOURCE_EXPLICIT,HAS_PRINTED_TITLE,"இடுக, சுடுக, எதுவும் செய்க!",title_as_printed,yaml:title_as_printed,,,,,high,machine_checked,corpus/purananuru/poems/239.md,88a867f9176ee1b764d4ed6c16257616468df355c2416974f50bc50536514e6d
asrt.ad1c130fadb61d349233db68,purananuru,239,SOURCE_CONTEXT_NOTE,SOURCE_EXPLICIT,HAS_PRINTED_SOURCE_NOTE,"பாடியவர்: பேரெயின் முறுவலார்.
பாடப்பட்டோன்: நம்பி நெடுஞ்செழியன்.
திணை: பொதுவியல். துறை: கையறுநிலை.",source_note,markdown:source-note,,,,,high,machine_checked,corpus/purananuru/poems/239.md,88a867f9176ee1b764d4ed6c16257616468df355c2416974f50bc50536514e6d
asrt.b9dfd31c7e418f0512c5bd22,purananuru,239,TEXTUAL_CONDITION,SOURCE_EXPLICIT,HAS_TEXTUAL_STATUS,complete,textual_status,yaml:textual_status,,,,,high,machine_checked,corpus/purananuru/poems/239.md,88a867f9176ee1b764d4ed6c16257616468df355c2416974f50bc50536514e6d
asrt.d8752b29c531d5488b378bba,purananuru,239,FAUNA_MENTION,SOURCE_EXPLICIT,MENTIONS_CANDIDATE,களிறு,canonical_body,markdown:canonical-body,15,15,11,16,medium,human_review_required,corpus/purananuru/poems/239.md,88a867f9176ee1b764d4ed6c16257616468df355c2416974f50bc50536514e6d
asrt.a584822c9a2504e4b17f59d5,purananuru,239,WARFARE_MENTION,SOURCE_EXPLICIT,MENTIONS_CANDIDATE,படை,canonical_body,markdown:canonical-body,12,12,6,9,medium,human_review_required,corpus/purananuru/poems/239.md,88a867f9176ee1b764d4ed6c16257616468df355c2416974f50bc50536514e6d
asrt.f0e9f0b73f54bde7256ba803,purananuru,240,POET_ATTRIBUTION,SOURCE_EXPLICIT,ATTRIBUTED_TO,குட்டுவன் கீரனார்,poet_as_printed,yaml:poet_as_printed,,,,,high,machine_checked,corpus/purananuru/poems/240.md,bf8d6dedfb84ff5363d391777389c4bc39a0680c12d77c89b7517dceb7c175e7
asrt.87ded391f68d633eb9ad09f3,purananuru,240,PATRON_OR_ADDRESSEE,SOURCE_EXPLICIT,ADDRESSED_TO,ஆய்,addressee_as_printed,yaml:addressee_as_printed,,,,,high,machine_checked,corpus/purananuru/poems/240.md,bf8d6dedfb84ff5363d391777389c4bc39a0680c12d77c89b7517dceb7c175e7
asrt.65fc02a2831884f9af193a4d,purananuru,240,TINI_VALUE,SOURCE_EXPLICIT,ASSOCIATED_WITH_TINAI,பொதுவியல்,thinai_as_printed,yaml:thinai_as_printed,,,,,high,machine_checked,corpus/purananuru/poems/240.md,bf8d6dedfb84ff5363d391777389c4bc39a0680c12d77c89b7517dceb7c175e7
asrt.8237e6fd85482952f6cd33f0,purananuru,240,TURAI_VALUE,SOURCE_EXPLICIT,ASSOCIATED_WITH_TURAI,கையறுநிலை,thurai,yaml:thurai,,,,,high,machine_checked,corpus/purananuru/poems/240.md,bf8d6dedfb84ff5363d391777389c4bc39a0680c12d77c89b7517dceb7c175e7
asrt.7a28dd1e7a3ac46e9f8d7e7e,purananuru,240,SOURCE_CONTEXT_NOTE,SOURCE_EXPLICIT,HAS_PRINTED_SOURCE_NOTE,"பாடியவர்: குட்டுவன் கீரனார்.
பாடப்பட்டோன்: ஆய்.
திணை: பொதுவியல். துறை: கையறுநிலை.",source_note,markdown:source-note,,,,,high,machine_checked,corpus/purananuru/poems/240.md,bf8d6dedfb84ff5363d391777389c4bc39a0680c12d77c89b7517dceb7c175e7
asrt.e7451547e2ab7d7c18efa437,purananuru,240,SOURCE_CONTEXT_NOTE,SOURCE_EXPLICIT,HAS_PRINTED_TITLE,பிறர் நாடுபடு செலவினர்!,title_as_printed,yaml:title_as_printed,,,,,high,machine_checked,corpus/purananuru/poems/240.md,bf8d6dedfb84ff5363d391777389c4bc39a0680c12d77c89b7517dceb7c175e7
asrt.4828855ce4f5c6aea5533763,purananuru,240,TEXTUAL_CONDITION,SOURCE_EXPLICIT,HAS_TEXTUAL_STATUS,complete,textual_status,yaml:textual_status,,,,,high,machine_checked,corpus/purananuru/poems/240.md,bf8d6dedfb84ff5363d391777389c4bc39a0680c12d77c89b7517dceb7c175e7
asrt.323d1f18f19e59e93d21213c,purananuru,241,POET_ATTRIBUTION,SOURCE_EXPLICIT,ATTRIBUTED_TO,உறையூர் ஏணிச்சேரி முடமோசியார்,poet_as_printed,yaml:poet_as_printed,,,,,high,machine_checked,corpus/purananuru/poems/241.md,967e2819e0d8283fbe682a793e1ce7a37e9d07b251563906486b3e29fd705eee
asrt.42c39bd1f46d4271b0a58e54,purananuru,241,PATRON_OR_ADDRESSEE,SOURCE_EXPLICIT,ADDRESSED_TO,ஆய்,addressee_as_printed,yaml:addressee_as_printed,,,,,high,machine_checked,corpus/purananuru/poems/241.md,967e2819e0d8283fbe682a793e1ce7a37e9d07b251563906486b3e29fd705eee
asrt.6b450d54899b58e2d3cbbc04,purananuru,241,TINI_VALUE,SOURCE_EXPLICIT,ASSOCIATED_WITH_TINAI,பொதுவியல்,thinai_as_printed,yaml:thinai_as_printed,,,,,high,machine_checked,corpus/purananuru/poems/241.md,967e2819e0d8283fbe682a793e1ce7a37e9d07b251563906486b3e29fd705eee
asrt.004b730b0122d8e673579705,purananuru,241,TURAI_VALUE,SOURCE_EXPLICIT,ASSOCIATED_WITH_TURAI,கையறுநிலை,thurai,yaml:thurai,,,,,high,machine_checked,corpus/purananuru/poems/241.md,967e2819e0d8283fbe682a793e1ce7a37e9d07b251563906486b3e29fd705eee
asrt.5191cd07fb915cc3f464f0b3,purananuru,241,SOURCE_CONTEXT_NOTE,SOURCE_EXPLICIT,HAS_PRINTED_SOURCE_NOTE,"பாடியவர்: உறையூர் ஏணிச்சேரி முடமோசியார்.
பாடப்பட்டோன்: ஆய்.
திணை: பொதுவியல். துறை: கையறுநிலை.",source_note,markdown:source-note,,,,,high,machine_checked,corpus/purananuru/poems/241.md,967e2819e0d8283fbe682a793e1ce7a37e9d07b251563906486b3e29fd705eee
asrt.f9b102f8d3158d5d26fb55e2,purananuru,241,SOURCE_CONTEXT_NOTE,SOURCE_EXPLICIT,HAS_PRINTED_TITLE,விசும்பும் ஆர்த்தது!,title_as_printed,yaml:title_as_printed,,,,,high,machine_checked,corpus/purananuru/poems/241.md,967e2819e0d8283fbe682a793e1ce7a37e9d07b251563906486b3e29fd705eee
asrt.2fa31ac76267c8b7f7c1c5a6,purananuru,241,TEXTUAL_CONDITION,SOURCE_EXPLICIT,HAS_TEXTUAL_STATUS,complete,textual_status,yaml:textual_status,,,,,high,machine_checked,corpus/purananuru/poems/241.md,967e2819e0d8283fbe682a793e1ce7a37e9d07b251563906486b3e29fd705eee
asrt.d3cacb7abee03c79511194dd,purananuru,242,POET_ATTRIBUTION,SOURCE_EXPLICIT,ATTRIBUTED_TO,குடவாயிற் தீரத்தனார்,poet_as_printed,yaml:poet_as_printed,,,,,high,machine_checked,corpus/purananuru/poems/242.md,8bb7a84de57e9281a7ade8310bbb67572464e58085eb6d58cbfae9edb7d4a62f
asrt.3bda79184b21e9d7ffa6bf51,purananuru,242,PATRON_OR_ADDRESSEE,SOURCE_EXPLICIT,ADDRESSED_TO,ஒல்லையூர் கிழான் மகன் பெருஞ்சாத்தன்,addressee_as_printed,yaml:addressee_as_printed,,,,,high,machine_checked,corpus/purananuru/poems/242.md,8bb7a84de57e9281a7ade8310bbb67572464e58085eb6d58cbfae9edb7d4a62f
asrt.de978d85b3d6fc6b329301b8,purananuru,242,TINI_VALUE,SOURCE_EXPLICIT,ASSOCIATED_WITH_TINAI,பொதுவியல்,thinai_as_printed,yaml:thinai_as_printed,,,,,high,machine_checked,corpus/purananuru/poems/242.md,8bb7a84de57e9281a7ade8310bbb67572464e58085eb6d58cbfae9edb7d4a62f
asrt.413a89a84ddb3fd39e7fafb0,purananuru,242,TURAI_VALUE,SOURCE_EXPLICIT,ASSOCIATED_WITH_TURAI,கையறுநிலை,thurai,yaml:thurai,,,,,high,machine_checked,corpus/purananuru/poems/242.md,8bb7a84de57e9281a7ade8310bbb67572464e58085eb6d58cbfae9edb7d4a62f
asrt.3046da4f63cf0c40e6b09310,purananuru,242,SOURCE_CONTEXT_NOTE,SOURCE_EXPLICIT,HAS_PRINTED_SOURCE_NOTE,"பாடியவர்: குடவாயிற் தீரத்தனார்.
பாடப்பட்டோன்: ஒல்லையூர் கிழான் மகன் பெருஞ்சாத்தன்.
திணை: பொதுவியல். துறை: கையறுநிலை.
குறிப்பு: கடவாயில் நல்லாதனார் பாடியது என்பதும் பாடம்.",source_note,markdown:source-note,,,,,high,machine_checked,corpus/purananuru/poems/242.md,8bb7a84de57e9281a7ade8310bbb67572464e58085eb6d58cbfae9edb7d4a62f
asrt.6c596edf6e6ebeef69a3bb6f,purananuru,242,SOURCE_CONTEXT_NOTE,SOURCE_EXPLICIT,HAS_PRINTED_TITLE,முல்லையும் பூத்தியோ?,title_as_printed,yaml:title_as_printed,,,,,high,machine_checked,corpus/purananuru/poems/242.md,8bb7a84de57e9281a7ade8310bbb67572464e58085eb6d58cbfae9edb7d4a62f
asrt.4a337fecb4c45f98af12ccac,purananuru,242,TEXTUAL_CONDITION,SOURCE_EXPLICIT,HAS_TEXTUAL_STATUS,complete,textual_status,yaml:textual_status,,,,,high,machine_checked,corpus/purananuru/poems/242.md,8bb7a84de57e9281a7ade8310bbb67572464e58085eb6d58cbfae9edb7d4a62f
asrt.995565beaed7239c4f19730b,purananuru,243,POET_ATTRIBUTION,SOURCE_EXPLICIT,ATTRIBUTED_TO,தொடித்தலை விழுத்தண்டினார்,poet_as_printed,yaml:poet_as_printed,,,,,high,machine_checked,corpus/purananuru/poems/243.md,9704c580da3bc689b6f4c3b480e382b7aad07efa1762b2a28010c0ebd2257abc
asrt.971282e6b512264b0f1dd324,purananuru,243,TINI_VALUE,SOURCE_EXPLICIT,ASSOCIATED_WITH_TINAI,பொதுவியல் துறை: கையறுநிலை,thinai_as_printed,yaml:thinai_as_printed,,,,,high,machine_checked,corpus/purananuru/poems/243.md,9704c580da3bc689b6f4c3b480e382b7aad07efa1762b2a28010c0ebd2257abc
asrt.e0f658c40ba00f0cd6d8cba4,purananuru,243,TURAI_VALUE,SOURCE_EXPLICIT,ASSOCIATED_WITH_TURAI,கையறுநிலை,thurai,yaml:thurai,,,,,high,machine_checked,corpus/purananuru/poems/243.md,9704c580da3bc689b6f4c3b480e382b7aad07efa1762b2a28010c0ebd2257abc
asrt.2530af0a1d20363bc4ae3c9c,purananuru,243,SOURCE_CONTEXT_NOTE,SOURCE_EXPLICIT,HAS_PRINTED_SOURCE_NOTE,"பாடியவர்: தொடித்தலை விழுத்தண்டினார்
திணை: பொதுவியல் துறை: கையறுநிலை",source_note,markdown:source-note,,,,,high,machine_checked,corpus/purananuru/poems/243.md,9704c580da3bc689b6f4c3b480e382b7aad07efa1762b2a28010c0ebd2257abc
asrt.fac458e141b98affa6a971f4,purananuru,243,SOURCE_CONTEXT_NOTE,SOURCE_EXPLICIT,HAS_PRINTED_TITLE,யாண்டு உண்டுகொல்?,title_as_printed,yaml:title_as_printed,,,,,high,machine_checked,corpus/purananuru/poems/243.md,9704c580da3bc689b6f4c3b480e382b7aad07efa1762b2a28010c0ebd2257abc
asrt.7b5a949044eb3de7e5bcbed1,purananuru,243,TEXTUAL_CONDITION,SOURCE_EXPLICIT,HAS_TEXTUAL_STATUS,complete,textual_status,yaml:textual_status,,,,,high,machine_checked,corpus/purananuru/poems/243.md,9704c580da3bc689b6f4c3b480e382b7aad07efa1762b2a28010c0ebd2257abc
asrt.e350b94e3f33d76ae519c78d,purananuru,244,SOURCE_CONTEXT_NOTE,SOURCE_EXPLICIT,HAS_PRINTED_SOURCE_NOTE,"(பாடினோர் பாடபபட்டடோர் யாவரெனத் தெரியாதவாறு இது அழிந்தது.
பாடலும் சிதைந்தே கிடைத்துள்ளன).",source_note,markdown:source-note,,,,,high,machine_checked,corpus/purananuru/poems/244.md,daa9ae0a8234620dc1a776245b7b5780cef1a45963205225bc69771a762a65ab
asrt.b71c188d8be294b4648b40e5,purananuru,244,SOURCE_CONTEXT_NOTE,SOURCE_EXPLICIT,HAS_PRINTED_TITLE,கலைபடு துயரம் போலும்!,title_as_printed,yaml:title_as_printed,,,,,high,machine_checked,corpus/purananuru/poems/244.md,daa9ae0a8234620dc1a776245b7b5780cef1a45963205225bc69771a762a65ab
asrt.7d35b199ab42e03be885e26b,purananuru,244,TEXTUAL_CONDITION,SOURCE_EXPLICIT,HAS_TEXTUAL_STATUS,incomplete,textual_status,yaml:textual_status,,,,,high,machine_checked,corpus/purananuru/poems/244.md,daa9ae0a8234620dc1a776245b7b5780cef1a45963205225bc69771a762a65ab
asrt.14f9debfea7aebc61cc4fb0e,purananuru,244,COMMUNITY_MENTION,SOURCE_EXPLICIT,MENTIONS_CANDIDATE,பாணர்,canonical_body,markdown:canonical-body,1,1,0,5,medium,human_review_required,corpus/purananuru/poems/244.md,daa9ae0a8234620dc1a776245b7b5780cef1a45963205225bc69771a762a65ab
asrt.b97a2caaa9e89cf0525e9294,purananuru,245,POET_ATTRIBUTION,SOURCE_EXPLICIT,ATTRIBUTED_TO,சேரமான் கோட்டம்பலத்துத் துஞ்சிய மாக்கோதை,poet_as_printed,yaml:poet_as_printed,,,,,high,machine_checked,corpus/purananuru/poems/245.md,dec59a889517bfe11160d74a65edfeca24da03844e4e8534a765ac80c9599bf2
asrt.de1aa4a8ac151519abd85b94,purananuru,245,TINI_VALUE,SOURCE_EXPLICIT,ASSOCIATED_WITH_TINAI,பொதுவியல் துறை: கையறுநிலை,thinai_as_printed,yaml:thinai_as_printed,,,,,high,machine_checked,corpus/purananuru/poems/245.md,dec59a889517bfe11160d74a65edfeca24da03844e4e8534a765ac80c9599bf2
asrt.d185936ec77d0b78fb26f8af,purananuru,245,TURAI_VALUE,SOURCE_EXPLICIT,ASSOCIATED_WITH_TURAI,கையறுநிலை,thurai,yaml:thurai,,,,,high,machine_checked,corpus/purananuru/poems/245.md,dec59a889517bfe11160d74a65edfeca24da03844e4e8534a765ac80c9599bf2
asrt.b5af3ec726c64f8fad923e88,purananuru,245,SOURCE_CONTEXT_NOTE,SOURCE_EXPLICIT,HAS_PRINTED_TITLE,என்னிதன் பண்பே?,title_as_printed,yaml:title_as_printed,,,,,high,machine_checked,corpus/purananuru/poems/245.md,dec59a889517bfe11160d74a65edfeca24da03844e4e8534a765ac80c9599bf2
asrt.b01c2417f8d766530f6aa265,purananuru,245,SOURCE_CONTEXT_NOTE,SOURCE_EXPLICIT,HAS_PRINTED_SOURCE_NOTE,"பாடியவர்: சேரமான் கோட்டம்பலத்துத் துஞ்சிய மாக்கோதை
திணை: பொதுவியல் துறை: கையறுநிலை",source_note,markdown:source-note,,,,,high,machine_checked,corpus/purananuru/poems/245.md,dec59a889517bfe11160d74a65edfeca24da03844e4e8534a765ac80c9599bf2
asrt.97bbba99c11a93236447f348,purananuru,245,TEXTUAL_CONDITION,SOURCE_EXPLICIT,HAS_TEXTUAL_STATUS,complete,textual_status,yaml:textual_status,,,,,high,machine_checked,corpus/purananuru/poems/245.md,dec59a889517bfe11160d74a65edfeca24da03844e4e8534a765ac80c9599bf2
asrt.b706fe368f4aa2d36956cd52,purananuru,246,POET_ATTRIBUTION,SOURCE_EXPLICIT,ATTRIBUTED_TO,பூதப் பாண்டியன் தேவி பெருங்கோப்பெண்டு,poet_as_printed,yaml:poet_as_printed,,,,,high,machine_checked,corpus/purananuru/poems/246.md,81d379eb4d6c7676e4f0659cb3ea20f79550f5bca6f46e48a8887eb906b9de6e
asrt.41d9c4ae63b8801e9a3b9e76,purananuru,246,TINI_VALUE,SOURCE_EXPLICIT,ASSOCIATED_WITH_TINAI,பொதுவியல் துறை: ஆனந்தப் பையுள்,thinai_as_printed,yaml:thinai_as_printed,,,,,high,machine_checked,corpus/purananuru/poems/246.md,81d379eb4d6c7676e4f0659cb3ea20f79550f5bca6f46e48a8887eb906b9de6e
asrt.b6329fc73ded458c454710d3,purananuru,246,TURAI_VALUE,SOURCE_EXPLICIT,ASSOCIATED_WITH_TURAI,ஆனந்தப் பையுள்,thurai,yaml:thurai,,,,,high,machine_checked,corpus/purananuru/poems/246.md,81d379eb4d6c7676e4f0659cb3ea20f79550f5bca6f46e48a8887eb906b9de6e
asrt.431c80ec6650b7faf9bd7b42,purananuru,246,SOURCE_CONTEXT_NOTE,SOURCE_EXPLICIT,HAS_PRINTED_SOURCE_NOTE,"பாடியவர்: பூதப் பாண்டியன் தேவி பெருங்கோப்பெண்டு
திணை: பொதுவியல் துறை: ஆனந்தப் பையுள்",source_note,markdown:source-note,,,,,high,machine_checked,corpus/purananuru/poems/246.md,81d379eb4d6c7676e4f0659cb3ea20f79550f5bca6f46e48a8887eb906b9de6e
asrt.5082e0cde80093c479def56c,purananuru,246,SOURCE_CONTEXT_NOTE,SOURCE_EXPLICIT,HAS_PRINTED_TITLE,பொய்கையும் தீயும் ஒன்றே!,title_as_printed,yaml:title_as_printed,,,,,high,machine_checked,corpus/purananuru/poems/246.md,81d379eb4d6c7676e4f0659cb3ea20f79550f5bca6f46e48a8887eb906b9de6e
asrt.5cf043d2d1b5c84d31fca9ff,purananuru,246,TEXTUAL_CONDITION,SOURCE_EXPLICIT,HAS_TEXTUAL_STATUS,complete,textual_status,yaml:textual_status,,,,,high,machine_checked,corpus/purananuru/poems/246.md,81d379eb4d6c7676e4f0659cb3ea20f79550f5bca6f46e48a8887eb906b9de6e
asrt.933177f1b1c7f7ac72ab6903,purananuru,247,POET_ATTRIBUTION,SOURCE_EXPLICIT,ATTRIBUTED_TO,மதுரைப் பேராலவாயர்,poet_as_printed,yaml:poet_as_printed,,,,,high,machine_checked,corpus/purananuru/poems/247.md,80e5230ddb595ba03a5699627e01b541bc98eb20af1ec5ab02b535adf94c326d
asrt.c85bea611bfade80098a3b36,purananuru,247,TINI_VALUE,SOURCE_EXPLICIT,ASSOCIATED_WITH_TINAI,பொதுவியல் துறை: ஆனந்தப் பையுள்,thinai_as_printed,yaml:thinai_as_printed,,,,,high,machine_checked,corpus/purananuru/poems/247.md,80e5230ddb595ba03a5699627e01b541bc98eb20af1ec5ab02b535adf94c326d
asrt.7dcc5bafaacec6b88427d7a7,purananuru,247,TURAI_VALUE,SOURCE_EXPLICIT,ASSOCIATED_WITH_TURAI,ஆனந்தப் பையுள்,thurai,yaml:thurai,,,,,high,machine_checked,corpus/purananuru/poems/247.md,80e5230ddb595ba03a5699627e01b541bc98eb20af1ec5ab02b535adf94c326d
asrt.2923ccc92c7901eb68941ea0,purananuru,247,SOURCE_CONTEXT_NOTE,SOURCE_EXPLICIT,HAS_PRINTED_SOURCE_NOTE,"பாடியவர்: மதுரைப் பேராலவாயர்
திணை: பொதுவியல் துறை: ஆனந்தப் பையுள்",source_note,markdown:source-note,,,,,high,machine_checked,corpus/purananuru/poems/247.md,80e5230ddb595ba03a5699627e01b541bc98eb20af1ec5ab02b535adf94c326d
asrt.276a447c06aefa36f07f31c2,purananuru,247,SOURCE_CONTEXT_NOTE,SOURCE_EXPLICIT,HAS_PRINTED_TITLE,பேரஞர்க் கண்ணள்!,title_as_printed,yaml:title_as_printed,,,,,high,machine_checked,corpus/purananuru/poems/247.md,80e5230ddb595ba03a5699627e01b541bc98eb20af1ec5ab02b535adf94c326d
asrt.3e265bda8120a456a4e55aea,purananuru,247,TEXTUAL_CONDITION,SOURCE_EXPLICIT,HAS_TEXTUAL_STATUS,complete,textual_status,yaml:textual_status,,,,,high,machine_checked,corpus/purananuru/poems/247.md,80e5230ddb595ba03a5699627e01b541bc98eb20af1ec5ab02b535adf94c326d
asrt.d9777c115e434d05f77c29ea,purananuru,247,FAUNA_MENTION,SOURCE_EXPLICIT,MENTIONS_CANDIDATE,யானை,canonical_body,markdown:canonical-body,1,1,0,4,medium,human_review_required,corpus/purananuru/poems/247.md,80e5230ddb595ba03a5699627e01b541bc98eb20af1ec5ab02b535adf94c326d
asrt.76c8a2bcec8aa1113c102678,purananuru,248,POET_ATTRIBUTION,SOURCE_EXPLICIT,ATTRIBUTED_TO,ஒக்கூர் மாசாத்தனார்,poet_as_printed,yaml:poet_as_printed,,,,,high,machine_checked,corpus/purananuru/poems/248.md,cac04f71bc25123e477f892efad55f1616c0204aa62bb5013fb6752be8c37d6b
asrt.de0b19e413fe7136f07085fe,purananuru,248,TINI_VALUE,SOURCE_EXPLICIT,ASSOCIATED_WITH_TINAI,பொதுவியல் துறை: தாபதநிலை,thinai_as_printed,yaml:thinai_as_printed,,,,,high,machine_checked,corpus/purananuru/poems/248.md,cac04f71bc25123e477f892efad55f1616c0204aa62bb5013fb6752be8c37d6b
asrt.8e2fbb482c314667721952b8,purananuru,248,TURAI_VALUE,SOURCE_EXPLICIT,ASSOCIATED_WITH_TURAI,தாபதநிலை,thurai,yaml:thurai,,,,,high,machine_checked,corpus/purananuru/poems/248.md,cac04f71bc25123e477f892efad55f1616c0204aa62bb5013fb6752be8c37d6b
asrt.1564b824cf4eaf3b83dfa8f6,purananuru,248,SOURCE_CONTEXT_NOTE,SOURCE_EXPLICIT,HAS_PRINTED_TITLE,அளிய தாமே ஆம்பல்!,title_as_printed,yaml:title_as_printed,,,,,high,machine_checked,corpus/purananuru/poems/248.md,cac04f71bc25123e477f892efad55f1616c0204aa62bb5013fb6752be8c37d6b
asrt.7ac73de1c4031d61e3df3023,purananuru,248,SOURCE_CONTEXT_NOTE,SOURCE_EXPLICIT,HAS_PRINTED_SOURCE_NOTE,"பாடியவர்: ஒக்கூர் மாசாத்தனார்
திணை: பொதுவியல் துறை: தாபதநிலை",source_note,markdown:source-note,,,,,high,machine_checked,corpus/purananuru/poems/248.md,cac04f71bc25123e477f892efad55f1616c0204aa62bb5013fb6752be8c37d6b
asrt.f573087be1a0be8761dc9fa3,purananuru,248,TEXTUAL_CONDITION,SOURCE_EXPLICIT,HAS_TEXTUAL_STATUS,complete,textual_status,yaml:textual_status,,,,,high,machine_checked,corpus/purananuru/poems/248.md,cac04f71bc25123e477f892efad55f1616c0204aa62bb5013fb6752be8c37d6b
asrt.858b217a33638b1c625f1467,purananuru,249,POET_ATTRIBUTION,SOURCE_EXPLICIT,ATTRIBUTED_TO,தும்பி சொகினனார்;தும்பிசேர் கீரனார் என்பதும் ஆம்,poet_as_printed,yaml:poet_as_printed,,,,,high,machine_checked,corpus/purananuru/poems/249.md,acb2a92c3b3fc4a4dc5cc826e0547cd181e53b78a63c56f55b785e4eb10626b1
asrt.5acf2010626af6461d1d6fb5,purananuru,249,TINI_VALUE,SOURCE_EXPLICIT,ASSOCIATED_WITH_TINAI,பொதுவியல் துறை: தாபதநிலை,thinai_as_printed,yaml:thinai_as_printed,,,,,high,machine_checked,corpus/purananuru/poems/249.md,acb2a92c3b3fc4a4dc5cc826e0547cd181e53b78a63c56f55b785e4eb10626b1
asrt.16ad5f6863dd25f7d1f94093,purananuru,249,TURAI_VALUE,SOURCE_EXPLICIT,ASSOCIATED_WITH_TURAI,தாபதநிலை,thurai,yaml:thurai,,,,,high,machine_checked,corpus/purananuru/poems/249.md,acb2a92c3b3fc4a4dc5cc826e0547cd181e53b78a63c56f55b785e4eb10626b1
asrt.21bbc2dd668e9b6f3108748b,purananuru,249,SOURCE_CONTEXT_NOTE,SOURCE_EXPLICIT,HAS_PRINTED_TITLE,சுளகிற் சீறிடம்!,title_as_printed,yaml:title_as_printed,,,,,high,machine_checked,corpus/purananuru/poems/249.md,acb2a92c3b3fc4a4dc5cc826e0547cd181e53b78a63c56f55b785e4eb10626b1
asrt.e4301e81b91142d6ae2ee8ad,purananuru,249,SOURCE_CONTEXT_NOTE,SOURCE_EXPLICIT,HAS_PRINTED_SOURCE_NOTE,"பாடியவர்: தும்பி சொகினனார்;தும்பிசேர் கீரனார் என்பதும் ஆம்.
திணை: பொதுவியல் துறை: தாபதநிலை
(காஞ்சித் தினைத் துறைகளுள் ஒன்றான, 'தாமே யேங்கிய தாங்கரும் பையுள்' என்பதற்கு மேற்கோள் காட்டுவர் நச்சினார்க்கினியர் (தொல். புறத்.சூ. 24 உரை)).",source_note,markdown:source-note,,,,,high,machine_checked,corpus/purananuru/poems/249.md,acb2a92c3b3fc4a4dc5cc826e0547cd181e53b78a63c56f55b785e4eb10626b1
asrt.83019fe7d97a1637a23150b8,purananuru,249,TEXTUAL_CONDITION,SOURCE_EXPLICIT,HAS_TEXTUAL_STATUS,incomplete,textual_status,yaml:textual_status,,,,,high,machine_checked,corpus/purananuru/poems/249.md,acb2a92c3b3fc4a4dc5cc826e0547cd181e53b78a63c56f55b785e4eb10626b1
asrt.3f5e9aed316f5d6dff37685b,purananuru,249,ECONOMIC_ACTIVITY,SOURCE_EXPLICIT,MENTIONS_CANDIDATE,வரி,canonical_body,markdown:canonical-body,11,11,29,32,medium,human_review_required,corpus/purananuru/poems/249.md,acb2a92c3b3fc4a4dc5cc826e0547cd181e53b78a63c56f55b785e4eb10626b1
asrt.4aad72517059303932c7859b,purananuru,250,POET_ATTRIBUTION,SOURCE_EXPLICIT,ATTRIBUTED_TO,தாயங் கண்ணியார்,poet_as_printed,yaml:poet_as_printed,,,,,high,machine_checked,corpus/purananuru/poems/250.md,f4f968c196197e910b99b8cd94047a62b65a4d8767f1a5e4709e058cbb705999
asrt.f785c7c6c29b41ab314663e1,purananuru,250,TINI_VALUE,SOURCE_EXPLICIT,ASSOCIATED_WITH_TINAI,பொதுவியல் துறை: தாபதநிலை,thinai_as_printed,yaml:thinai_as_printed,,,,,high,machine_checked,corpus/purananuru/poems/250.md,f4f968c196197e910b99b8cd94047a62b65a4d8767f1a5e4709e058cbb705999
asrt.86e92d5fc96b28a7e2f10819,purananuru,250,TURAI_VALUE,SOURCE_EXPLICIT,ASSOCIATED_WITH_TURAI,தாபதநிலை,thurai,yaml:thurai,,,,,high,machine_checked,corpus/purananuru/poems/250.md,f4f968c196197e910b99b8cd94047a62b65a4d8767f1a5e4709e058cbb705999
asrt.6f8426286278ef73a734cf56,purananuru,250,SOURCE_CONTEXT_NOTE,SOURCE_EXPLICIT,HAS_PRINTED_SOURCE_NOTE,"பாடியவர்: தாயங் கண்ணியார்
திணை: பொதுவியல் துறை: தாபதநிலை",source_note,markdown:source-note,,,,,high,machine_checked,corpus/purananuru/poems/250.md,f4f968c196197e910b99b8cd94047a62b65a4d8767f1a5e4709e058cbb705999
asrt.c69b2c04333936ac06207c8e,purananuru,250,SOURCE_CONTEXT_NOTE,SOURCE_EXPLICIT,HAS_PRINTED_TITLE,மனையும் மனைவியும்!,title_as_printed,yaml:title_as_printed,,,,,high,machine_checked,corpus/purananuru/poems/250.md,f4f968c196197e910b99b8cd94047a62b65a4d8767f1a5e4709e058cbb705999
asrt.4747d718aa19b812a69e5834,purananuru,250,TEXTUAL_CONDITION,SOURCE_EXPLICIT,HAS_TEXTUAL_STATUS,complete,textual_status,yaml:textual_status,,,,,high,machine_checked,corpus/purananuru/poems/250.md,f4f968c196197e910b99b8cd94047a62b65a4d8767f1a5e4709e058cbb705999
asrt.d06d32dcfcd4b0c82fcbbef4,purananuru,250,KINSHIP_MENTION,SOURCE_EXPLICIT,MENTIONS_CANDIDATE,தந்தை,canonical_body,markdown:canonical-body,8,8,21,26,medium,human_review_required,corpus/purananuru/poems/250.md,f4f968c196197e910b99b8cd94047a62b65a4d8767f1a5e4709e058cbb705999
asrt.b2777becfb7a3f90de8fd191,purananuru,251,POET_ATTRIBUTION,SOURCE_EXPLICIT,ATTRIBUTED_TO,மாற்பித்தியார்,poet_as_printed,yaml:poet_as_printed,,,,,high,machine_checked,corpus/purananuru/poems/251.md,34c00cc079044e1a79ed7ed16c942c04e9a8d3ecf93de287bacfa1231b5c5182
asrt.f91f699f2cfdb736e2a56e17,purananuru,251,TINI_VALUE,SOURCE_EXPLICIT,ASSOCIATED_WITH_TINAI,வாகை துறை: தாபத வாகை,thinai_as_printed,yaml:thinai_as_printed,,,,,high,machine_checked,corpus/purananuru/poems/251.md,34c00cc079044e1a79ed7ed16c942c04e9a8d3ecf93de287bacfa1231b5c5182
asrt.573e32b51b962467fdd14649,purananuru,251,TURAI_VALUE,SOURCE_EXPLICIT,ASSOCIATED_WITH_TURAI,தாபத வாகை,thurai,yaml:thurai,,,,,high,machine_checked,corpus/purananuru/poems/251.md,34c00cc079044e1a79ed7ed16c942c04e9a8d3ecf93de287bacfa1231b5c5182
asrt.626033d5f6a84127c681a579,purananuru,251,SOURCE_CONTEXT_NOTE,SOURCE_EXPLICIT,HAS_PRINTED_TITLE,அவனும் இவனும்!,title_as_printed,yaml:title_as_printed,,,,,high,machine_checked,corpus/purananuru/poems/251.md,34c00cc079044e1a79ed7ed16c942c04e9a8d3ecf93de287bacfa1231b5c5182
asrt.c6834b0d657f903c87b21be5,purananuru,251,SOURCE_CONTEXT_NOTE,SOURCE_EXPLICIT,HAS_PRINTED_SOURCE_NOTE,"பாடியவர்: மாற்பித்தியார்
திணை: வாகை துறை: தாபத வாகை",source_note,markdown:source-note,,,,,high,machine_checked,corpus/purananuru/poems/251.md,34c00cc079044e1a79ed7ed16c942c04e9a8d3ecf93de287bacfa1231b5c5182
asrt.71ce9dcac4b7d46b4b2bd691,purananuru,251,TEXTUAL_CONDITION,SOURCE_EXPLICIT,HAS_TEXTUAL_STATUS,complete,textual_status,yaml:textual_status,,,,,high,machine_checked,corpus/purananuru/poems/251.md,34c00cc079044e1a79ed7ed16c942c04e9a8d3ecf93de287bacfa1231b5c5182
asrt.a519727931400f6c4df7fa37,purananuru,251,FAUNA_MENTION,SOURCE_EXPLICIT,MENTIONS_CANDIDATE,யானை,canonical_body,markdown:canonical-body,5,5,4,8,medium,human_review_required,corpus/purananuru/poems/251.md,34c00cc079044e1a79ed7ed16c942c04e9a8d3ecf93de287bacfa1231b5c5182
asrt.e15d15698c5bf7d2370af898,purananuru,252,POET_ATTRIBUTION,SOURCE_EXPLICIT,ATTRIBUTED_TO,மாற்பித்தியார்,poet_as_printed,yaml:poet_as_printed,,,,,high,machine_checked,corpus/purananuru/poems/252.md,9ff2b1279ca69d5a589b23e8f49830a05896b8c526e7d1a68502707d367b6e4a
asrt.afcce0f3a4be57ce4e39f48b,purananuru,252,TINI_VALUE,SOURCE_EXPLICIT,ASSOCIATED_WITH_TINAI,வாகை துறை: தாபத வாகை,thinai_as_printed,yaml:thinai_as_printed,,,,,high,machine_checked,corpus/purananuru/poems/252.md,9ff2b1279ca69d5a589b23e8f49830a05896b8c526e7d1a68502707d367b6e4a
asrt.1c421c1593eed39f462ca16a,purananuru,252,TURAI_VALUE,SOURCE_EXPLICIT,ASSOCIATED_WITH_TURAI,தாபத வாகை,thurai,yaml:thurai,,,,,high,machine_checked,corpus/purananuru/poems/252.md,9ff2b1279ca69d5a589b23e8f49830a05896b8c526e7d1a68502707d367b6e4a
asrt.8c33fbaed6ec54bc34fc3f66,purananuru,252,SOURCE_CONTEXT_NOTE,SOURCE_EXPLICIT,HAS_PRINTED_TITLE,அவனே இவன்!,title_as_printed,yaml:title_as_printed,,,,,high,machine_checked,corpus/purananuru/poems/252.md,9ff2b1279ca69d5a589b23e8f49830a05896b8c526e7d1a68502707d367b6e4a
asrt.9136f6f6c5bc71330e35650c,purananuru,252,SOURCE_CONTEXT_NOTE,SOURCE_EXPLICIT,HAS_PRINTED_SOURCE_NOTE,"பாடியவர்: மாற்பித்தியார்
திணை: வாகை துறை: தாபத வாகை",source_note,markdown:source-note,,,,,high,machine_checked,corpus/purananuru/poems/252.md,9ff2b1279ca69d5a589b23e8f49830a05896b8c526e7d1a68502707d367b6e4a
asrt.b25a7ebc050a71cea313c329,purananuru,252,TEXTUAL_CONDITION,SOURCE_EXPLICIT,HAS_TEXTUAL_STATUS,complete,textual_status,yaml:textual_status,,,,,high,machine_checked,corpus/purananuru/poems/252.md,9ff2b1279ca69d5a589b23e8f49830a05896b8c526e7d1a68502707d367b6e4a
asrt.e88d4aceec9365f2084ccd01,purananuru,253,POET_ATTRIBUTION,SOURCE_EXPLICIT,ATTRIBUTED_TO,குளம்பாதாயனார்,poet_as_printed,yaml:poet_as_printed,,,,,high,machine_checked,corpus/purananuru/poems/253.md,29bdb3471d164cbc0c041852d663479127731c82138c0698361a2bdab823de7c
asrt.026cc8914b5597211c690af9,purananuru,253,TINI_VALUE,SOURCE_EXPLICIT,ASSOCIATED_WITH_TINAI,பொதுவியல் துறை: முதுபாலை,thinai_as_printed,yaml:thinai_as_printed,,,,,high,machine_checked,corpus/purananuru/poems/253.md,29bdb3471d164cbc0c041852d663479127731c82138c0698361a2bdab823de7c
asrt.3a1c3b9fe2ba4ab97d0f7c4d,purananuru,253,TURAI_VALUE,SOURCE_EXPLICIT,ASSOCIATED_WITH_TURAI,முதுபாலை,thurai,yaml:thurai,,,,,high,machine_checked,corpus/purananuru/poems/253.md,29bdb3471d164cbc0c041852d663479127731c82138c0698361a2bdab823de7c
asrt.5a6589929a9d1c959f3014a5,purananuru,253,SOURCE_CONTEXT_NOTE,SOURCE_EXPLICIT,HAS_PRINTED_TITLE,கூறு நின் உரையே!,title_as_printed,yaml:title_as_printed,,,,,high,machine_checked,corpus/purananuru/poems/253.md,29bdb3471d164cbc0c041852d663479127731c82138c0698361a2bdab823de7c
asrt.9a5a9b7f44d69e4650ebd591,purananuru,253,SOURCE_CONTEXT_NOTE,SOURCE_EXPLICIT,HAS_PRINTED_SOURCE_NOTE,"பாடியவர்: குளம்பாதாயனார்
திணை: பொதுவியல் துறை: முதுபாலை",source_note,markdown:source-note,,,,,high,machine_checked,corpus/purananuru/poems/253.md,29bdb3471d164cbc0c041852d663479127731c82138c0698361a2bdab823de7c
asrt.0c6552270ff53b8b289b54e2,purananuru,253,TEXTUAL_CONDITION,SOURCE_EXPLICIT,HAS_TEXTUAL_STATUS,complete,textual_status,yaml:textual_status,,,,,high,machine_checked,corpus/purananuru/poems/253.md,29bdb3471d164cbc0c041852d663479127731c82138c0698361a2bdab823de7c
asrt.ab13773b843617f15900ccd1,purananuru,254,POET_ATTRIBUTION,SOURCE_EXPLICIT,ATTRIBUTED_TO,கயமனார்,poet_as_printed,yaml:poet_as_printed,,,,,high,machine_checked,corpus/purananuru/poems/254.md,1cf344d53853fcedf1ace58f03cfc26ee032b0c3bc2b252d8dae61780555f613
asrt.276833d389d4375915d235dc,purananuru,254,TINI_VALUE,SOURCE_EXPLICIT,ASSOCIATED_WITH_TINAI,பொதுவியல் துறை: முதுபாலை,thinai_as_printed,yaml:thinai_as_printed,,,,,high,machine_checked,corpus/purananuru/poems/254.md,1cf344d53853fcedf1ace58f03cfc26ee032b0c3bc2b252d8dae61780555f613
asrt.82e462baa41365ec6a3270c3,purananuru,254,TURAI_VALUE,SOURCE_EXPLICIT,ASSOCIATED_WITH_TURAI,முதுபாலை,thurai,yaml:thurai,,,,,high,machine_checked,corpus/purananuru/poems/254.md,1cf344d53853fcedf1ace58f03cfc26ee032b0c3bc2b252d8dae61780555f613
asrt.9b37f6cbbaabd99abcfa71e3,purananuru,254,SOURCE_CONTEXT_NOTE,SOURCE_EXPLICIT,HAS_PRINTED_TITLE,ஆனாது புகழும் அன்னை!,title_as_printed,yaml:title_as_printed,,,,,high,machine_checked,corpus/purananuru/poems/254.md,1cf344d53853fcedf1ace58f03cfc26ee032b0c3bc2b252d8dae61780555f613
asrt.992179339dd3bd5ff5985f78,purananuru,254,SOURCE_CONTEXT_NOTE,SOURCE_EXPLICIT,HAS_PRINTED_SOURCE_NOTE,"பாடியவர்: கயமனார்
திணை: பொதுவியல் துறை: முதுபாலை",source_note,markdown:source-note,,,,,high,machine_checked,corpus/purananuru/poems/254.md,1cf344d53853fcedf1ace58f03cfc26ee032b0c3bc2b252d8dae61780555f613
asrt.6c372be2aa2e4decd62fef33,purananuru,254,TEXTUAL_CONDITION,SOURCE_EXPLICIT,HAS_TEXTUAL_STATUS,complete,textual_status,yaml:textual_status,,,,,high,machine_checked,corpus/purananuru/poems/254.md,1cf344d53853fcedf1ace58f03cfc26ee032b0c3bc2b252d8dae61780555f613
asrt.0d947b5cbbd470e3369d2a93,purananuru,254,KINSHIP_MENTION,SOURCE_EXPLICIT,MENTIONS_CANDIDATE,மகன்,canonical_body,markdown:canonical-body,8,8,28,32,medium,human_review_required,corpus/purananuru/poems/254.md,1cf344d53853fcedf1ace58f03cfc26ee032b0c3bc2b252d8dae61780555f613
asrt.011bde29f580a292dd091102,purananuru,255,POET_ATTRIBUTION,SOURCE_EXPLICIT,ATTRIBUTED_TO,வன்பரணர்,poet_as_printed,yaml:poet_as_printed,,,,,high,machine_checked,corpus/purananuru/poems/255.md,f59bfe68999887743757cb8e52dad44836bd919fa1f9ee9bbd0fca5eecfff784
asrt.646f4ff1c6cde6e5fbd3444f,purananuru,255,TINI_VALUE,SOURCE_EXPLICIT,ASSOCIATED_WITH_TINAI,பொதுவியல் துறை: முதுபாலை,thinai_as_printed,yaml:thinai_as_printed,,,,,high,machine_checked,corpus/purananuru/poems/255.md,f59bfe68999887743757cb8e52dad44836bd919fa1f9ee9bbd0fca5eecfff784
asrt.d9594fb51244219fcd434fa5,purananuru,255,TURAI_VALUE,SOURCE_EXPLICIT,ASSOCIATED_WITH_TURAI,முதுபாலை,thurai,yaml:thurai,,,,,high,machine_checked,corpus/purananuru/poems/255.md,f59bfe68999887743757cb8e52dad44836bd919fa1f9ee9bbd0fca5eecfff784
asrt.fe950e18d6cdbe59ff446715,purananuru,255,SOURCE_CONTEXT_NOTE,SOURCE_EXPLICIT,HAS_PRINTED_SOURCE_NOTE,"பாடியவர்: வன்பரணர்
திணை: பொதுவியல் துறை: முதுபாலை",source_note,markdown:source-note,,,,,high,machine_checked,corpus/purananuru/poems/255.md,f59bfe68999887743757cb8e52dad44836bd919fa1f9ee9bbd0fca5eecfff784
asrt.93d48feebefbf23ed283ec00,purananuru,255,SOURCE_CONTEXT_NOTE,SOURCE_EXPLICIT,HAS_PRINTED_TITLE,முன்கை பற்றி நடத்தி!,title_as_printed,yaml:title_as_printed,,,,,high,machine_checked,corpus/purananuru/poems/255.md,f59bfe68999887743757cb8e52dad44836bd919fa1f9ee9bbd0fca5eecfff784
asrt.7f929e9ee40f804057156a54,purananuru,255,TEXTUAL_CONDITION,SOURCE_EXPLICIT,HAS_TEXTUAL_STATUS,complete,textual_status,yaml:textual_status,,,,,high,machine_checked,corpus/purananuru/poems/255.md,f59bfe68999887743757cb8e52dad44836bd919fa1f9ee9bbd0fca5eecfff784
asrt.f68b3a36737f640a6bd7d97b,purananuru,255,FAUNA_MENTION,SOURCE_EXPLICIT,MENTIONS_CANDIDATE,புலி,canonical_body,markdown:canonical-body,1,1,16,20,medium,human_review_required,corpus/purananuru/poems/255.md,f59bfe68999887743757cb8e52dad44836bd919fa1f9ee9bbd0fca5eecfff784
asrt.7a85bb5dd1a08485d8ba07af,purananuru,256,POET_ATTRIBUTION,SOURCE_EXPLICIT,ATTRIBUTED_TO,பெயர் தெரிந்திலது,poet_as_printed,yaml:poet_as_printed,,,,,high,machine_checked,corpus/purananuru/poems/256.md,8913d91ed739e8b0f66ba1f85aa9deed47a1013940b071f283b80878557ac7e0
asrt.88452c0785882be45e3e1b47,purananuru,256,TINI_VALUE,SOURCE_EXPLICIT,ASSOCIATED_WITH_TINAI,பொதுவியல் துறை: முதுபாலை,thinai_as_printed,yaml:thinai_as_printed,,,,,high,machine_checked,corpus/purananuru/poems/256.md,8913d91ed739e8b0f66ba1f85aa9deed47a1013940b071f283b80878557ac7e0
asrt.5ca8071623414be9cb730f53,purananuru,256,TURAI_VALUE,SOURCE_EXPLICIT,ASSOCIATED_WITH_TURAI,முதுபாலை,thurai,yaml:thurai,,,,,high,machine_checked,corpus/purananuru/poems/256.md,8913d91ed739e8b0f66ba1f85aa9deed47a1013940b071f283b80878557ac7e0
asrt.b0c6e38d0ac591325189a064,purananuru,256,SOURCE_CONTEXT_NOTE,SOURCE_EXPLICIT,HAS_PRINTED_TITLE,அகலிதாக வனைமோ!,title_as_printed,yaml:title_as_printed,,,,,high,machine_checked,corpus/purananuru/poems/256.md,8913d91ed739e8b0f66ba1f85aa9deed47a1013940b071f283b80878557ac7e0
asrt.201f2b0b8fc28487377352d6,purananuru,256,SOURCE_CONTEXT_NOTE,SOURCE_EXPLICIT,HAS_PRINTED_SOURCE_NOTE,"பாடியவர்: பெயர் தெரிந்திலது
திணை: பொதுவியல் துறை: முதுபாலை",source_note,markdown:source-note,,,,,high,machine_checked,corpus/purananuru/poems/256.md,8913d91ed739e8b0f66ba1f85aa9deed47a1013940b071f283b80878557ac7e0
asrt.fbfee465fc8ca0829aa2e998,purananuru,256,TEXTUAL_CONDITION,SOURCE_EXPLICIT,HAS_TEXTUAL_STATUS,complete,textual_status,yaml:textual_status,,,,,high,machine_checked,corpus/purananuru/poems/256.md,8913d91ed739e8b0f66ba1f85aa9deed47a1013940b071f283b80878557ac7e0
asrt.40e529da1bbd34dd0215cd75,purananuru,257,POET_ATTRIBUTION,SOURCE_EXPLICIT,ATTRIBUTED_TO,பெயர் தெரிந்திலது,poet_as_printed,yaml:poet_as_printed,,,,,high,machine_checked,corpus/purananuru/poems/257.md,54c2f02147d5ea203cee1510979e960b96ceb50829dc269ee7f8eb02241599ad
asrt.ab30b3e74c220cf9f509c130,purananuru,257,TINI_VALUE,SOURCE_EXPLICIT,ASSOCIATED_WITH_TINAI,வெட்சி துறை: உண்டாட்டு,thinai_as_printed,yaml:thinai_as_printed,,,,,high,machine_checked,corpus/purananuru/poems/257.md,54c2f02147d5ea203cee1510979e960b96ceb50829dc269ee7f8eb02241599ad
asrt.5db033136aa1972438c35299,purananuru,257,TURAI_VALUE,SOURCE_EXPLICIT,ASSOCIATED_WITH_TURAI,உண்டாட்டு,thurai,yaml:thurai,,,,,high,machine_checked,corpus/purananuru/poems/257.md,54c2f02147d5ea203cee1510979e960b96ceb50829dc269ee7f8eb02241599ad
asrt.1aab5e02854b84915760ae95,purananuru,257,SOURCE_CONTEXT_NOTE,SOURCE_EXPLICIT,HAS_PRINTED_TITLE,செருப்பிடைச் சிறு பரல்!,title_as_printed,yaml:title_as_printed,,,,,high,machine_checked,corpus/purananuru/poems/257.md,54c2f02147d5ea203cee1510979e960b96ceb50829dc269ee7f8eb02241599ad
asrt.112cc7fd495b9cbed76ede1a,purananuru,257,SOURCE_CONTEXT_NOTE,SOURCE_EXPLICIT,HAS_PRINTED_SOURCE_NOTE,"பாடியவர்: பெயர் தெரிந்திலது
திணை: வெட்சி துறை: உண்டாட்டு",source_note,markdown:source-note,,,,,high,machine_checked,corpus/purananuru/poems/257.md,54c2f02147d5ea203cee1510979e960b96ceb50829dc269ee7f8eb02241599ad
asrt.6c1d2fca50aeed45f6d54bb7,purananuru,257,TEXTUAL_CONDITION,SOURCE_EXPLICIT,HAS_TEXTUAL_STATUS,complete,textual_status,yaml:textual_status,,,,,high,machine_checked,corpus/purananuru/poems/257.md,54c2f02147d5ea203cee1510979e960b96ceb50829dc269ee7f8eb02241599ad
asrt.92ed826577843d1c2a584e92,purananuru,258,POET_ATTRIBUTION,SOURCE_EXPLICIT,ATTRIBUTED_TO,உலோச்சனார்,poet_as_printed,yaml:poet_as_printed,,,,,high,machine_checked,corpus/purananuru/poems/258.md,21c166cef0c0331da8887a440577657d28017b752f391f65b7e14085135e59d3
asrt.331090cc291654e5c90b8726,purananuru,258,TINI_VALUE,SOURCE_EXPLICIT,ASSOCIATED_WITH_TINAI,வெட்சி துறை: உண்டாட்டு,thinai_as_printed,yaml:thinai_as_printed,,,,,high,machine_checked,corpus/purananuru/poems/258.md,21c166cef0c0331da8887a440577657d28017b752f391f65b7e14085135e59d3
asrt.40fb86b9e564abfdcd828f1d,purananuru,258,TURAI_VALUE,SOURCE_EXPLICIT,ASSOCIATED_WITH_TURAI,உண்டாட்டு,thurai,yaml:thurai,,,,,high,machine_checked,corpus/purananuru/poems/258.md,21c166cef0c0331da8887a440577657d28017b752f391f65b7e14085135e59d3
asrt.10841e2989f33ec891151996,purananuru,258,SOURCE_CONTEXT_NOTE,SOURCE_EXPLICIT,HAS_PRINTED_TITLE,தொடுதல் ஓம்புமதி!,title_as_printed,yaml:title_as_printed,,,,,high,machine_checked,corpus/purananuru/poems/258.md,21c166cef0c0331da8887a440577657d28017b752f391f65b7e14085135e59d3
asrt.7aec5f014f2afa37d27aa384,purananuru,258,SOURCE_CONTEXT_NOTE,SOURCE_EXPLICIT,HAS_PRINTED_SOURCE_NOTE,"பாடியவர்: உலோச்சனார்
திணை: வெட்சி துறை: உண்டாட்டு",source_note,markdown:source-note,,,,,high,machine_checked,corpus/purananuru/poems/258.md,21c166cef0c0331da8887a440577657d28017b752f391f65b7e14085135e59d3
asrt.843fb47e420cfad8ce3210c1,purananuru,258,TEXTUAL_CONDITION,SOURCE_EXPLICIT,HAS_TEXTUAL_STATUS,complete,textual_status,yaml:textual_status,,,,,high,machine_checked,corpus/purananuru/poems/258.md,21c166cef0c0331da8887a440577657d28017b752f391f65b7e14085135e59d3
asrt.c685248ea04372b0a742dee4,purananuru,259,POET_ATTRIBUTION,SOURCE_EXPLICIT,ATTRIBUTED_TO,கோடை பாடிய பெரும்பூதனார்,poet_as_printed,yaml:poet_as_printed,,,,,high,machine_checked,corpus/purananuru/poems/259.md,72e7d3d44d07dbc391651f98693ce03e25c1aa022d3d1cdc67d95779d0b58c7e
asrt.c03f720d3ba052e23241db36,purananuru,259,TINI_VALUE,SOURCE_EXPLICIT,ASSOCIATED_WITH_TINAI,கரந்தை துறை: செருமலைதல் (பிள்ளைப் பெயர்ச்சியுமாம்),thinai_as_printed,yaml:thinai_as_printed,,,,,high,machine_checked,corpus/purananuru/poems/259.md,72e7d3d44d07dbc391651f98693ce03e25c1aa022d3d1cdc67d95779d0b58c7e
asrt.f6ebd86c0f655d8510ef84fa,purananuru,259,TURAI_VALUE,SOURCE_EXPLICIT,ASSOCIATED_WITH_TURAI,செருமலைதல் (பிள்ளைப் பெயர்ச்சியுமாம்),thurai,yaml:thurai,,,,,high,machine_checked,corpus/purananuru/poems/259.md,72e7d3d44d07dbc391651f98693ce03e25c1aa022d3d1cdc67d95779d0b58c7e
asrt.18c2203d93ef0f3635de7ed2,purananuru,259,SOURCE_CONTEXT_NOTE,SOURCE_EXPLICIT,HAS_PRINTED_SOURCE_NOTE,"பாடியவர்: கோடை பாடிய பெரும்பூதனார்
திணை: கரந்தை துறை: செருமலைதல் (பிள்ளைப் பெயர்ச்சியுமாம்).",source_note,markdown:source-note,,,,,high,machine_checked,corpus/purananuru/poems/259.md,72e7d3d44d07dbc391651f98693ce03e25c1aa022d3d1cdc67d95779d0b58c7e
asrt.d79f2bf96e9fb1d426ffabd7,purananuru,259,SOURCE_CONTEXT_NOTE,SOURCE_EXPLICIT,HAS_PRINTED_TITLE,புனை கழலோயே!,title_as_printed,yaml:title_as_printed,,,,,high,machine_checked,corpus/purananuru/poems/259.md,72e7d3d44d07dbc391651f98693ce03e25c1aa022d3d1cdc67d95779d0b58c7e
asrt.5816af8046ee2419ff2d3412,purananuru,259,TEXTUAL_CONDITION,SOURCE_EXPLICIT,HAS_TEXTUAL_STATUS,complete,textual_status,yaml:textual_status,,,,,high,machine_checked,corpus/purananuru/poems/259.md,72e7d3d44d07dbc391651f98693ce03e25c1aa022d3d1cdc67d95779d0b58c7e
asrt.043c2cbd52c29703866e54c4,purananuru,259,COMMUNITY_MENTION,SOURCE_EXPLICIT,MENTIONS_CANDIDATE,மறவர்,canonical_body,markdown:canonical-body,3,3,8,13,medium,human_review_required,corpus/purananuru/poems/259.md,72e7d3d44d07dbc391651f98693ce03e25c1aa022d3d1cdc67d95779d0b58c7e
asrt.eaed9abd13cb386ec116b470,purananuru,260,POET_ATTRIBUTION,SOURCE_EXPLICIT,ATTRIBUTED_TO,வடமோதங்கிழார்,poet_as_printed,yaml:poet_as_printed,,,,,high,machine_checked,corpus/purananuru/poems/260.md,dc128ad740290b4ec00828896a2e7e5fd52843f3365f0061f4b7ddb8d748ee53
asrt.e2017ad0c9444becb2bac1e6,purananuru,260,TINI_VALUE,SOURCE_EXPLICIT,ASSOCIATED_WITH_TINAI,கரந்தை (பாடாண் திணையுமாம்) துறை: கையறுநிலை செருவிடை வீழ்தல்,thinai_as_printed,yaml:thinai_as_printed,,,,,high,machine_checked,corpus/purananuru/poems/260.md,dc128ad740290b4ec00828896a2e7e5fd52843f3365f0061f4b7ddb8d748ee53
asrt.7ed52da4bf39455669dcea9d,purananuru,260,TURAI_VALUE,SOURCE_EXPLICIT,ASSOCIATED_WITH_TURAI,கையறுநிலை செருவிடை வீழ்தல்,thurai,yaml:thurai,,,,,high,machine_checked,corpus/purananuru/poems/260.md,dc128ad740290b4ec00828896a2e7e5fd52843f3365f0061f4b7ddb8d748ee53
asrt.8ad69a33c825283520e1f215,purananuru,260,SOURCE_CONTEXT_NOTE,SOURCE_EXPLICIT,HAS_PRINTED_TITLE,கேண்மதி பாண!,title_as_printed,yaml:title_as_printed,,,,,high,machine_checked,corpus/purananuru/poems/260.md,dc128ad740290b4ec00828896a2e7e5fd52843f3365f0061f4b7ddb8d748ee53
asrt.4b50660bd50d65a6d6c45509,purananuru,260,SOURCE_CONTEXT_NOTE,SOURCE_EXPLICIT,HAS_PRINTED_SOURCE_NOTE,"பாடியவர்: வடமோதங்கிழார்
திணை: கரந்தை (பாடாண் திணையுமாம்) துறை: கையறுநிலை செருவிடை வீழ்தல்;
கையறு நிலையுமாம்; பாண்பாட்டுமாம்; பாடாண் பாட்டுமாம்.",source_note,markdown:source-note,,,,,high,machine_checked,corpus/purananuru/poems/260.md,dc128ad740290b4ec00828896a2e7e5fd52843f3365f0061f4b7ddb8d748ee53
asrt.2c9c7625d377af4f99c3723c,purananuru,260,TEXTUAL_CONDITION,SOURCE_EXPLICIT,HAS_TEXTUAL_STATUS,complete,textual_status,yaml:textual_status,,,,,high,machine_checked,corpus/purananuru/poems/260.md,dc128ad740290b4ec00828896a2e7e5fd52843f3365f0061f4b7ddb8d748ee53
asrt.2bbce33889743b17b4f871ce,purananuru,260,COMMUNITY_MENTION,SOURCE_EXPLICIT,MENTIONS_CANDIDATE,மறவர்,canonical_body,markdown:canonical-body,17,17,26,31,medium,human_review_required,corpus/purananuru/poems/260.md,dc128ad740290b4ec00828896a2e7e5fd52843f3365f0061f4b7ddb8d748ee53
asrt.3ad60dde4fd2dac97b233374,purananuru,261,POET_ATTRIBUTION,SOURCE_EXPLICIT,ATTRIBUTED_TO,ஆவூர் மூலங்கிழார்,poet_as_printed,yaml:poet_as_printed,,,,,high,machine_checked,corpus/purananuru/poems/261.md,33f3d8caed77c2ff8d93925081db1b40fd6be833c404b4a491d9ebd5c9964e1c
asrt.d474eee659290b59c2247a25,purananuru,261,TINI_VALUE,SOURCE_EXPLICIT,ASSOCIATED_WITH_TINAI,கரந்தை துறை: கையறு நிலை,thinai_as_printed,yaml:thinai_as_printed,,,,,high,machine_checked,corpus/purananuru/poems/261.md,33f3d8caed77c2ff8d93925081db1b40fd6be833c404b4a491d9ebd5c9964e1c
asrt.c484a7758717bded20981222,purananuru,261,TURAI_VALUE,SOURCE_EXPLICIT,ASSOCIATED_WITH_TURAI,கையறு நிலை,thurai,yaml:thurai,,,,,high,machine_checked,corpus/purananuru/poems/261.md,33f3d8caed77c2ff8d93925081db1b40fd6be833c404b4a491d9ebd5c9964e1c
asrt.7c36300a78985a02ee14446a,purananuru,261,SOURCE_CONTEXT_NOTE,SOURCE_EXPLICIT,HAS_PRINTED_TITLE,கழிகலம் மகடூஉப் போல!,title_as_printed,yaml:title_as_printed,,,,,high,machine_checked,corpus/purananuru/poems/261.md,33f3d8caed77c2ff8d93925081db1b40fd6be833c404b4a491d9ebd5c9964e1c
asrt.35e68231ca1b556fded52567,purananuru,261,SOURCE_CONTEXT_NOTE,SOURCE_EXPLICIT,HAS_PRINTED_SOURCE_NOTE,"பாடியவர்: ஆவூர் மூலங்கிழார்
திணை: கரந்தை துறை: கையறு நிலை",source_note,markdown:source-note,,,,,high,machine_checked,corpus/purananuru/poems/261.md,33f3d8caed77c2ff8d93925081db1b40fd6be833c404b4a491d9ebd5c9964e1c
asrt.4cf80246a34a95707a956c5c,purananuru,261,TEXTUAL_CONDITION,SOURCE_EXPLICIT,HAS_TEXTUAL_STATUS,complete,textual_status,yaml:textual_status,,,,,high,machine_checked,corpus/purananuru/poems/261.md,33f3d8caed77c2ff8d93925081db1b40fd6be833c404b4a491d9ebd5c9964e1c
asrt.9a90ad7743d8d746046f5d11,purananuru,261,FAUNA_MENTION,SOURCE_EXPLICIT,MENTIONS_CANDIDATE,யானை,canonical_body,markdown:canonical-body,7,7,6,10,medium,human_review_required,corpus/purananuru/poems/261.md,33f3d8caed77c2ff8d93925081db1b40fd6be833c404b4a491d9ebd5c9964e1c
asrt.7471bfaf76ecc730c14b0f7f,purananuru,261,SOCIAL_PRACTICE,SOURCE_EXPLICIT,MENTIONS_CANDIDATE,நடுகல்,canonical_body,markdown:canonical-body,15,15,16,22,medium,human_review_required,corpus/purananuru/poems/261.md,33f3d8caed77c2ff8d93925081db1b40fd6be833c404b4a491d9ebd5c9964e1c
asrt.b39ebc4a84b3d8eadd0bbfb1,purananuru,262,POET_ATTRIBUTION,SOURCE_EXPLICIT,ATTRIBUTED_TO,மதுரைப் பேராலவாயர்,poet_as_printed,yaml:poet_as_printed,,,,,high,machine_checked,corpus/purananuru/poems/262.md,5a9d28c3b46774366a2572a90537424e3cbed0b06a3d3bc72ade8b9a4c51688b
asrt.7ec037148714d4e580a7f046,purananuru,262,TINI_VALUE,SOURCE_EXPLICIT,ASSOCIATED_WITH_TINAI,வெட்சி துறை: உண்டாட்டு (தலை தோற்றமுமாம்),thinai_as_printed,yaml:thinai_as_printed,,,,,high,machine_checked,corpus/purananuru/poems/262.md,5a9d28c3b46774366a2572a90537424e3cbed0b06a3d3bc72ade8b9a4c51688b
asrt.180624610913a2d8f4a30ddc,purananuru,262,TURAI_VALUE,SOURCE_EXPLICIT,ASSOCIATED_WITH_TURAI,உண்டாட்டு (தலை தோற்றமுமாம்),thurai,yaml:thurai,,,,,high,machine_checked,corpus/purananuru/poems/262.md,5a9d28c3b46774366a2572a90537424e3cbed0b06a3d3bc72ade8b9a4c51688b
asrt.cfe1ae376becdcb19ef0b59e,purananuru,262,SOURCE_CONTEXT_NOTE,SOURCE_EXPLICIT,HAS_PRINTED_TITLE,தன்னினும் பெருஞ் சாயலரே!,title_as_printed,yaml:title_as_printed,,,,,high,machine_checked,corpus/purananuru/poems/262.md,5a9d28c3b46774366a2572a90537424e3cbed0b06a3d3bc72ade8b9a4c51688b
asrt.4fcbb40e070bd7286db0a05c,purananuru,262,SOURCE_CONTEXT_NOTE,SOURCE_EXPLICIT,HAS_PRINTED_SOURCE_NOTE,"பாடியவர்: மதுரைப் பேராலவாயர்
திணை: வெட்சி துறை: உண்டாட்டு (தலை தோற்றமுமாம்)",source_note,markdown:source-note,,,,,high,machine_checked,corpus/purananuru/poems/262.md,5a9d28c3b46774366a2572a90537424e3cbed0b06a3d3bc72ade8b9a4c51688b
asrt.68300c7d0f35d850c5510992,purananuru,262,TEXTUAL_CONDITION,SOURCE_EXPLICIT,HAS_TEXTUAL_STATUS,complete,textual_status,yaml:textual_status,,,,,high,machine_checked,corpus/purananuru/poems/262.md,5a9d28c3b46774366a2572a90537424e3cbed0b06a3d3bc72ade8b9a4c51688b
asrt.0b01aef74ae077199fd78896,purananuru,263,TINI_VALUE,SOURCE_EXPLICIT,ASSOCIATED_WITH_TINAI,கரந்தை துறை: கையறுநிலை,thinai_as_printed,yaml:thinai_as_printed,,,,,high,machine_checked,corpus/purananuru/poems/263.md,d524b36c11ee011f032f3faf3cf475548e054b11b52afa2c9f5db20568381a9b
asrt.07dad8a6dfe4871f20bca8ea,purananuru,263,TURAI_VALUE,SOURCE_EXPLICIT,ASSOCIATED_WITH_TURAI,கையறுநிலை,thurai,yaml:thurai,,,,,high,machine_checked,corpus/purananuru/poems/263.md,d524b36c11ee011f032f3faf3cf475548e054b11b52afa2c9f5db20568381a9b
asrt.2713d261615003c796c7ff6a,purananuru,263,SOURCE_CONTEXT_NOTE,SOURCE_EXPLICIT,HAS_PRINTED_TITLE,களிற்றடி போன்ற பறை!,title_as_printed,yaml:title_as_printed,,,,,high,machine_checked,corpus/purananuru/poems/263.md,d524b36c11ee011f032f3faf3cf475548e054b11b52afa2c9f5db20568381a9b
asrt.04d1b6975f7c289b0609c787,purananuru,263,SOURCE_CONTEXT_NOTE,SOURCE_EXPLICIT,HAS_PRINTED_SOURCE_NOTE,"பாடியவர்
பாடப்பாட்டோர்
திணை: கரந்தை துறை: கையறுநிலை",source_note,markdown:source-note,,,,,high,machine_checked,corpus/purananuru/poems/263.md,d524b36c11ee011f032f3faf3cf475548e054b11b52afa2c9f5db20568381a9b
asrt.0fd0ab5c4d3816f083d99bd7,purananuru,263,TEXTUAL_CONDITION,SOURCE_EXPLICIT,HAS_TEXTUAL_STATUS,complete,textual_status,yaml:textual_status,,,,,high,machine_checked,corpus/purananuru/poems/263.md,d524b36c11ee011f032f3faf3cf475548e054b11b52afa2c9f5db20568381a9b
asrt.8571f4f4c332a0131fdfb722,purananuru,264,POET_ATTRIBUTION,SOURCE_EXPLICIT,ATTRIBUTED_TO,உறையூர் இளம்பொன் வாணிகனார்,poet_as_printed,yaml:poet_as_printed,,,,,high,machine_checked,corpus/purananuru/poems/264.md,8a5ca2b6672803f91c5cef2782a9cc737cfd8c9c0782afe15ded924327598cb4
asrt.1583d00cf83d9ef8bcbd5d32,purananuru,264,TINI_VALUE,SOURCE_EXPLICIT,ASSOCIATED_WITH_TINAI,கரந்தை துறை: கையறுநிலை,thinai_as_printed,yaml:thinai_as_printed,,,,,high,machine_checked,corpus/purananuru/poems/264.md,8a5ca2b6672803f91c5cef2782a9cc737cfd8c9c0782afe15ded924327598cb4
asrt.8effee2b48b2105363facf7e,purananuru,264,TURAI_VALUE,SOURCE_EXPLICIT,ASSOCIATED_WITH_TURAI,கையறுநிலை,thurai,yaml:thurai,,,,,high,machine_checked,corpus/purananuru/poems/264.md,8a5ca2b6672803f91c5cef2782a9cc737cfd8c9c0782afe15ded924327598cb4
asrt.2a349f11d5053c635c72f361,purananuru,264,SOURCE_CONTEXT_NOTE,SOURCE_EXPLICIT,HAS_PRINTED_TITLE,இன்றும் வருங்கொல்!,title_as_printed,yaml:title_as_printed,,,,,high,machine_checked,corpus/purananuru/poems/264.md,8a5ca2b6672803f91c5cef2782a9cc737cfd8c9c0782afe15ded924327598cb4
asrt.9ea483d86262f3b4de8fe579,purananuru,264,SOURCE_CONTEXT_NOTE,SOURCE_EXPLICIT,HAS_PRINTED_SOURCE_NOTE,"பாடியவர்: உறையூர் இளம்பொன் வாணிகனார்
திணை: கரந்தை துறை: கையறுநிலை",source_note,markdown:source-note,,,,,high,machine_checked,corpus/purananuru/poems/264.md,8a5ca2b6672803f91c5cef2782a9cc737cfd8c9c0782afe15ded924327598cb4
asrt.11b160010ab1fd3e17a91d74,purananuru,264,TEXTUAL_CONDITION,SOURCE_EXPLICIT,HAS_TEXTUAL_STATUS,complete,textual_status,yaml:textual_status,,,,,high,machine_checked,corpus/purananuru/poems/264.md,8a5ca2b6672803f91c5cef2782a9cc737cfd8c9c0782afe15ded924327598cb4
asrt.d0612d1f71c9011f41bddec6,purananuru,265,POET_ATTRIBUTION,SOURCE_EXPLICIT,ATTRIBUTED_TO,சோணாட்டு முகையலூர்ச் சிறுகருந்தும்பியார்,poet_as_printed,yaml:poet_as_printed,,,,,high,machine_checked,corpus/purananuru/poems/265.md,4ec4fc941ffe1351d42593dcbe88c485f1b83d9e7d4d1fdc4c642d8b6a283339
asrt.15595c1b6ee5e2bc38a9f1f5,purananuru,265,TINI_VALUE,SOURCE_EXPLICIT,ASSOCIATED_WITH_TINAI,கரந்தை துறை: கையறுநிலை,thinai_as_printed,yaml:thinai_as_printed,,,,,high,machine_checked,corpus/purananuru/poems/265.md,4ec4fc941ffe1351d42593dcbe88c485f1b83d9e7d4d1fdc4c642d8b6a283339
asrt.15da0fa1e23fa298bad82358,purananuru,265,TURAI_VALUE,SOURCE_EXPLICIT,ASSOCIATED_WITH_TURAI,கையறுநிலை,thurai,yaml:thurai,,,,,high,machine_checked,corpus/purananuru/poems/265.md,4ec4fc941ffe1351d42593dcbe88c485f1b83d9e7d4d1fdc4c642d8b6a283339
asrt.5d0c3e2b2bd8f18c4da33ec3,purananuru,265,SOURCE_CONTEXT_NOTE,SOURCE_EXPLICIT,HAS_PRINTED_SOURCE_NOTE,"பாடியவர்: சோணாட்டு முகையலூர்ச் சிறுகருந்தும்பியார்
திணை: கரந்தை துறை: கையறுநிலை",source_note,markdown:source-note,,,,,high,machine_checked,corpus/purananuru/poems/265.md,4ec4fc941ffe1351d42593dcbe88c485f1b83d9e7d4d1fdc4c642d8b6a283339
asrt.fd3f218040a412a75adc45e5,purananuru,265,SOURCE_CONTEXT_NOTE,SOURCE_EXPLICIT,HAS_PRINTED_TITLE,வென்றியும் நின்னோடு செலவே!,title_as_printed,yaml:title_as_printed,,,,,high,machine_checked,corpus/purananuru/poems/265.md,4ec4fc941ffe1351d42593dcbe88c485f1b83d9e7d4d1fdc4c642d8b6a283339
asrt.4498e417d7c0029b0f5211a0,purananuru,265,TEXTUAL_CONDITION,SOURCE_EXPLICIT,HAS_TEXTUAL_STATUS,complete,textual_status,yaml:textual_status,,,,,high,machine_checked,corpus/purananuru/poems/265.md,4ec4fc941ffe1351d42593dcbe88c485f1b83d9e7d4d1fdc4c642d8b6a283339
asrt.e67f478157486ebef791dcee,purananuru,265,FLORA_MENTION,SOURCE_EXPLICIT,MENTIONS_CANDIDATE,வேங்கை,canonical_body,markdown:canonical-body,2,2,10,16,medium,human_review_required,corpus/purananuru/poems/265.md,4ec4fc941ffe1351d42593dcbe88c485f1b83d9e7d4d1fdc4c642d8b6a283339
asrt.b53f7687268a46d1c23e5a67,purananuru,265,FAUNA_MENTION,SOURCE_EXPLICIT,MENTIONS_CANDIDATE,யானை,canonical_body,markdown:canonical-body,8,8,12,16,medium,human_review_required,corpus/purananuru/poems/265.md,4ec4fc941ffe1351d42593dcbe88c485f1b83d9e7d4d1fdc4c642d8b6a283339
asrt.d20fc359717ccb1ab40722d4,purananuru,266,POET_ATTRIBUTION,SOURCE_EXPLICIT,ATTRIBUTED_TO,பெருங்குன்றூர் கிழார்,poet_as_printed,yaml:poet_as_printed,,,,,high,machine_checked,corpus/purananuru/poems/266.md,1a4acb3895a37ea0158b7da8b0a020a68d45c5675a6901a14a1d6fcb3d1a9111
asrt.86adc5597f720c49532c4610,purananuru,266,PATRON_OR_ADDRESSEE,SOURCE_EXPLICIT,ADDRESSED_TO,சோழன் உருவப்ப·றேர் இளஞ்சேட் சென்னி,addressee_as_printed,yaml:addressee_as_printed,,,,,high,machine_checked,corpus/purananuru/poems/266.md,1a4acb3895a37ea0158b7da8b0a020a68d45c5675a6901a14a1d6fcb3d1a9111
asrt.24a095107ea5c6a60a72647b,purananuru,266,TINI_VALUE,SOURCE_EXPLICIT,ASSOCIATED_WITH_TINAI,பாடாண்,thinai_as_printed,yaml:thinai_as_printed,,,,,high,machine_checked,corpus/purananuru/poems/266.md,1a4acb3895a37ea0158b7da8b0a020a68d45c5675a6901a14a1d6fcb3d1a9111
asrt.c43b38f2c1443a909708321b,purananuru,266,TURAI_VALUE,SOURCE_EXPLICIT,ASSOCIATED_WITH_TURAI,பரிசில் கடாநிலை,thurai,yaml:thurai,,,,,high,machine_checked,corpus/purananuru/poems/266.md,1a4acb3895a37ea0158b7da8b0a020a68d45c5675a6901a14a1d6fcb3d1a9111
asrt.e21e890ff4317c3e092ae247,purananuru,266,SOURCE_CONTEXT_NOTE,SOURCE_EXPLICIT,HAS_PRINTED_TITLE,அறிவுகெட நின்ற வறுமை!,title_as_printed,yaml:title_as_printed,,,,,high,machine_checked,corpus/purananuru/poems/266.md,1a4acb3895a37ea0158b7da8b0a020a68d45c5675a6901a14a1d6fcb3d1a9111
asrt.35a6018533224172857c80e9,purananuru,266,SOURCE_CONTEXT_NOTE,SOURCE_EXPLICIT,HAS_PRINTED_SOURCE_NOTE,"பாடியவர்: பெருங்குன்றூர் கிழார்.
பாடப்பட்டோன்: சோழன் உருவப்ப·றேர் இளஞ்சேட் சென்னி.
திணை: பாடாண். துறை: பரிசில் கடாநிலை",source_note,markdown:source-note,,,,,high,machine_checked,corpus/purananuru/poems/266.md,1a4acb3895a37ea0158b7da8b0a020a68d45c5675a6901a14a1d6fcb3d1a9111
asrt.e708c15cd662f9d95c37b679,purananuru,266,TEXTUAL_CONDITION,SOURCE_EXPLICIT,HAS_TEXTUAL_STATUS,complete,textual_status,yaml:textual_status,,,,,high,machine_checked,corpus/purananuru/poems/266.md,1a4acb3895a37ea0158b7da8b0a020a68d45c5675a6901a14a1d6fcb3d1a9111
asrt.011fdf817a1575bab7b009c9,purananuru,267,SOURCE_CONTEXT_NOTE,SOURCE_EXPLICIT,HAS_PRINTED_SOURCE_NOTE,267- 268 கிடைத்தில,source_note,markdown:source-note,,,,,high,machine_checked,corpus/purananuru/poems/267.md,ee53f7fc491e00c8be2bbd7204005477b16ad58cac18ae7e8b5eeade88d369d8
asrt.582e0c8d6a42e0c6dff57d76,purananuru,267,TEXTUAL_CONDITION,SOURCE_EXPLICIT,HAS_TEXTUAL_STATUS,lost,textual_status,yaml:textual_status,,,,,high,machine_checked,corpus/purananuru/poems/267.md,ee53f7fc491e00c8be2bbd7204005477b16ad58cac18ae7e8b5eeade88d369d8
asrt.b9e872001beea67e612e214a,purananuru,268,SOURCE_CONTEXT_NOTE,SOURCE_EXPLICIT,HAS_PRINTED_SOURCE_NOTE,267- 268 கிடைத்தில,source_note,markdown:source-note,,,,,high,machine_checked,corpus/purananuru/poems/268.md,7b8231b3760b5a7403e32e940a3cd4de642766e5865cc6853b822a458b415cbd
asrt.99f3945a2104d16b5545cf3f,purananuru,268,TEXTUAL_CONDITION,SOURCE_EXPLICIT,HAS_TEXTUAL_STATUS,lost,textual_status,yaml:textual_status,,,,,high,machine_checked,corpus/purananuru/poems/268.md,7b8231b3760b5a7403e32e940a3cd4de642766e5865cc6853b822a458b415cbd
asrt.d40723545247c902a78d1291,purananuru,269,POET_ATTRIBUTION,SOURCE_EXPLICIT,ATTRIBUTED_TO,ஔவையார்,poet_as_printed,yaml:poet_as_printed,,,,,high,machine_checked,corpus/purananuru/poems/269.md,1072f9870b666f195ea75b793c84250dc9eda904909c5c49da0b43629d93c063
asrt.2c802694a12e74b9ec5e1038,purananuru,269,TINI_VALUE,SOURCE_EXPLICIT,ASSOCIATED_WITH_TINAI,வெட்சி துறை: உண்டாட்டு,thinai_as_printed,yaml:thinai_as_printed,,,,,high,machine_checked,corpus/purananuru/poems/269.md,1072f9870b666f195ea75b793c84250dc9eda904909c5c49da0b43629d93c063
asrt.1911594e3da149e77e22eb58,purananuru,269,TURAI_VALUE,SOURCE_EXPLICIT,ASSOCIATED_WITH_TURAI,உண்டாட்டு,thurai,yaml:thurai,,,,,high,machine_checked,corpus/purananuru/poems/269.md,1072f9870b666f195ea75b793c84250dc9eda904909c5c49da0b43629d93c063
asrt.bc9b1034943f992941047ea5,purananuru,269,SOURCE_CONTEXT_NOTE,SOURCE_EXPLICIT,HAS_PRINTED_TITLE,கருங்கை வாள் அதுவோ!,title_as_printed,yaml:title_as_printed,,,,,high,machine_checked,corpus/purananuru/poems/269.md,1072f9870b666f195ea75b793c84250dc9eda904909c5c49da0b43629d93c063
asrt.264e8cd601ccacf49aa27dfb,purananuru,269,SOURCE_CONTEXT_NOTE,SOURCE_EXPLICIT,HAS_PRINTED_SOURCE_NOTE,"பாடியவர்: ஔவையார்
திணை: வெட்சி துறை: உண்டாட்டு",source_note,markdown:source-note,,,,,high,machine_checked,corpus/purananuru/poems/269.md,1072f9870b666f195ea75b793c84250dc9eda904909c5c49da0b43629d93c063
asrt.20a9245909b0179a6392658f,purananuru,269,TEXTUAL_CONDITION,SOURCE_EXPLICIT,HAS_TEXTUAL_STATUS,complete,textual_status,yaml:textual_status,,,,,high,machine_checked,corpus/purananuru/poems/269.md,1072f9870b666f195ea75b793c84250dc9eda904909c5c49da0b43629d93c063
asrt.854cc51466e50b70dd306754,purananuru,270,POET_ATTRIBUTION,SOURCE_EXPLICIT,ATTRIBUTED_TO,கழாத்தலையார்,poet_as_printed,yaml:poet_as_printed,,,,,high,machine_checked,corpus/purananuru/poems/270.md,0b63a3f39739d44bdf3adc1d93bb1c6f0e6aa6db6708cf1611ca69cbdacd2e5a
asrt.9cf3c0e01d2067010cefadbe,purananuru,270,TINI_VALUE,SOURCE_EXPLICIT,ASSOCIATED_WITH_TINAI,கரந்தை துறை: கையறுநிலை,thinai_as_printed,yaml:thinai_as_printed,,,,,high,machine_checked,corpus/purananuru/poems/270.md,0b63a3f39739d44bdf3adc1d93bb1c6f0e6aa6db6708cf1611ca69cbdacd2e5a
asrt.bff9885ae16daf88d49f63a1,purananuru,270,TURAI_VALUE,SOURCE_EXPLICIT,ASSOCIATED_WITH_TURAI,கையறுநிலை,thurai,yaml:thurai,,,,,high,machine_checked,corpus/purananuru/poems/270.md,0b63a3f39739d44bdf3adc1d93bb1c6f0e6aa6db6708cf1611ca69cbdacd2e5a
asrt.12f8c8ff8881ba218ca3cd02,purananuru,270,SOURCE_CONTEXT_NOTE,SOURCE_EXPLICIT,HAS_PRINTED_TITLE,ஆண்மையோன் திறன்!,title_as_printed,yaml:title_as_printed,,,,,high,machine_checked,corpus/purananuru/poems/270.md,0b63a3f39739d44bdf3adc1d93bb1c6f0e6aa6db6708cf1611ca69cbdacd2e5a
asrt.73b38d10a8842263db092f4f,purananuru,270,SOURCE_CONTEXT_NOTE,SOURCE_EXPLICIT,HAS_PRINTED_SOURCE_NOTE,"பாடியவர்: கழாத்தலையார்
திணை: கரந்தை துறை: கையறுநிலை",source_note,markdown:source-note,,,,,high,machine_checked,corpus/purananuru/poems/270.md,0b63a3f39739d44bdf3adc1d93bb1c6f0e6aa6db6708cf1611ca69cbdacd2e5a
asrt.fffaf4cc3c6a640a992d42f2,purananuru,270,TEXTUAL_CONDITION,SOURCE_EXPLICIT,HAS_TEXTUAL_STATUS,complete,textual_status,yaml:textual_status,,,,,high,machine_checked,corpus/purananuru/poems/270.md,0b63a3f39739d44bdf3adc1d93bb1c6f0e6aa6db6708cf1611ca69cbdacd2e5a
asrt.6eac04672ab5cf2f8099c141,purananuru,270,COMMUNITY_MENTION,SOURCE_EXPLICIT,MENTIONS_CANDIDATE,மறவர்,canonical_body,markdown:canonical-body,9,9,24,29,medium,human_review_required,corpus/purananuru/poems/270.md,0b63a3f39739d44bdf3adc1d93bb1c6f0e6aa6db6708cf1611ca69cbdacd2e5a
asrt.1fdef4805645c48ed2e98743,purananuru,270,FAUNA_MENTION,SOURCE_EXPLICIT,MENTIONS_CANDIDATE,யானை,canonical_body,markdown:canonical-body,2,2,25,29,medium,human_review_required,corpus/purananuru/poems/270.md,0b63a3f39739d44bdf3adc1d93bb1c6f0e6aa6db6708cf1611ca69cbdacd2e5a
asrt.55029a47c5e35909e6858d1a,purananuru,271,POET_ATTRIBUTION,SOURCE_EXPLICIT,ATTRIBUTED_TO,வெறி பாடிய காமக்கண்ணியார்,poet_as_printed,yaml:poet_as_printed,,,,,high,machine_checked,corpus/purananuru/poems/271.md,1b4846554a02651350b8126b74a97081828659ba0068a0fcdefdd083e7e845a9
asrt.8ebdd99b573f27eeb0e9d020,purananuru,271,TINI_VALUE,SOURCE_EXPLICIT,ASSOCIATED_WITH_TINAI,நொட்சி,thinai_as_printed,yaml:thinai_as_printed,,,,,high,machine_checked,corpus/purananuru/poems/271.md,1b4846554a02651350b8126b74a97081828659ba0068a0fcdefdd083e7e845a9
asrt.ec52c28825ee7d6fe3b94047,purananuru,271,TURAI_VALUE,SOURCE_EXPLICIT,ASSOCIATED_WITH_TURAI,செருவிடை வீழ்தல்,thurai,yaml:thurai,,,,,high,machine_checked,corpus/purananuru/poems/271.md,1b4846554a02651350b8126b74a97081828659ba0068a0fcdefdd083e7e845a9
asrt.73170f823e6a246d9eca37c5,purananuru,271,SOURCE_CONTEXT_NOTE,SOURCE_EXPLICIT,HAS_PRINTED_SOURCE_NOTE,"பாடியவர்: வெறி பாடிய காமக்கண்ணியார்.
திணை: நொட்சி. துறை: செருவிடை வீழ்தல்.",source_note,markdown:source-note,,,,,high,machine_checked,corpus/purananuru/poems/271.md,1b4846554a02651350b8126b74a97081828659ba0068a0fcdefdd083e7e845a9
asrt.74ea442d92e16870ff21f36f,purananuru,271,SOURCE_CONTEXT_NOTE,SOURCE_EXPLICIT,HAS_PRINTED_TITLE,மைந்தன் மலைந்த மாறே!,title_as_printed,yaml:title_as_printed,,,,,high,machine_checked,corpus/purananuru/poems/271.md,1b4846554a02651350b8126b74a97081828659ba0068a0fcdefdd083e7e845a9
asrt.4c2728072d7aa625235a3e37,purananuru,271,TEXTUAL_CONDITION,SOURCE_EXPLICIT,HAS_TEXTUAL_STATUS,complete,textual_status,yaml:textual_status,,,,,high,machine_checked,corpus/purananuru/poems/271.md,1b4846554a02651350b8126b74a97081828659ba0068a0fcdefdd083e7e845a9
asrt.7aebfa9fdf5ec4a745371551,purananuru,272,POET_ATTRIBUTION,SOURCE_EXPLICIT,ATTRIBUTED_TO,மோசிசாத்தனார்,poet_as_printed,yaml:poet_as_printed,,,,,high,machine_checked,corpus/purananuru/poems/272.md,0389d6b5d9812ff7cc24820fb56b9d59d7a2d9013810e7517da585fe300e76f9
asrt.430acd2aa313311fff6d7d29,purananuru,272,TINI_VALUE,SOURCE_EXPLICIT,ASSOCIATED_WITH_TINAI,நொட்சி துறை: செருவிடை வீழ்தல்,thinai_as_printed,yaml:thinai_as_printed,,,,,high,machine_checked,corpus/purananuru/poems/272.md,0389d6b5d9812ff7cc24820fb56b9d59d7a2d9013810e7517da585fe300e76f9
asrt.a2af94116433a0b5c22c4339,purananuru,272,TURAI_VALUE,SOURCE_EXPLICIT,ASSOCIATED_WITH_TURAI,செருவிடை வீழ்தல்,thurai,yaml:thurai,,,,,high,machine_checked,corpus/purananuru/poems/272.md,0389d6b5d9812ff7cc24820fb56b9d59d7a2d9013810e7517da585fe300e76f9
asrt.54c5f8fa8d820121b2b0156b,purananuru,272,SOURCE_CONTEXT_NOTE,SOURCE_EXPLICIT,HAS_PRINTED_TITLE,கிழமையும் நினதே!,title_as_printed,yaml:title_as_printed,,,,,high,machine_checked,corpus/purananuru/poems/272.md,0389d6b5d9812ff7cc24820fb56b9d59d7a2d9013810e7517da585fe300e76f9
asrt.353a3e8d2facda996692097e,purananuru,272,SOURCE_CONTEXT_NOTE,SOURCE_EXPLICIT,HAS_PRINTED_SOURCE_NOTE,"பாடியவர்: மோசிசாத்தனார்
திணை: நொட்சி துறை: செருவிடை வீழ்தல்",source_note,markdown:source-note,,,,,high,machine_checked,corpus/purananuru/poems/272.md,0389d6b5d9812ff7cc24820fb56b9d59d7a2d9013810e7517da585fe300e76f9
asrt.74315ec2ab6f5b4607826f9a,purananuru,272,TEXTUAL_CONDITION,SOURCE_EXPLICIT,HAS_TEXTUAL_STATUS,complete,textual_status,yaml:textual_status,,,,,high,machine_checked,corpus/purananuru/poems/272.md,0389d6b5d9812ff7cc24820fb56b9d59d7a2d9013810e7517da585fe300e76f9
asrt.b85d2271bcf6a6c3a0cfeab3,purananuru,273,POET_ATTRIBUTION,SOURCE_EXPLICIT,ATTRIBUTED_TO,எருமை வெளியனார்,poet_as_printed,yaml:poet_as_printed,,,,,high,machine_checked,corpus/purananuru/poems/273.md,e4ab3cc11ca32708de851d003be5be7734a543f16995dddb4fe91e2483fc0f5d
asrt.b18b4cb13b36097c80747b13,purananuru,273,TINI_VALUE,SOURCE_EXPLICIT,ASSOCIATED_WITH_TINAI,தும்பை துறை: குதிரை மறம்,thinai_as_printed,yaml:thinai_as_printed,,,,,high,machine_checked,corpus/purananuru/poems/273.md,e4ab3cc11ca32708de851d003be5be7734a543f16995dddb4fe91e2483fc0f5d
asrt.ff16b33bfd36b15c1edc5717,purananuru,273,TURAI_VALUE,SOURCE_EXPLICIT,ASSOCIATED_WITH_TURAI,குதிரை மறம்,thurai,yaml:thurai,,,,,high,machine_checked,corpus/purananuru/poems/273.md,e4ab3cc11ca32708de851d003be5be7734a543f16995dddb4fe91e2483fc0f5d
asrt.e1cf703c545bf2b50878743a,purananuru,273,SOURCE_CONTEXT_NOTE,SOURCE_EXPLICIT,HAS_PRINTED_TITLE,கூடல் பெருமரம்!,title_as_printed,yaml:title_as_printed,,,,,high,machine_checked,corpus/purananuru/poems/273.md,e4ab3cc11ca32708de851d003be5be7734a543f16995dddb4fe91e2483fc0f5d
asrt.bca7b00c6f63aadbc6f2d6e1,purananuru,273,SOURCE_CONTEXT_NOTE,SOURCE_EXPLICIT,HAS_PRINTED_SOURCE_NOTE,"பாடியவர்: எருமை வெளியனார்
திணை: தும்பை துறை: குதிரை மறம்",source_note,markdown:source-note,,,,,high,machine_checked,corpus/purananuru/poems/273.md,e4ab3cc11ca32708de851d003be5be7734a543f16995dddb4fe91e2483fc0f5d
asrt.e7afcde3b5002153fa2197fe,purananuru,273,TEXTUAL_CONDITION,SOURCE_EXPLICIT,HAS_TEXTUAL_STATUS,complete,textual_status,yaml:textual_status,,,,,high,machine_checked,corpus/purananuru/poems/273.md,e4ab3cc11ca32708de851d003be5be7734a543f16995dddb4fe91e2483fc0f5d
asrt.4b8cf1592fdfb4336f14d7e9,purananuru,274,POET_ATTRIBUTION,SOURCE_EXPLICIT,ATTRIBUTED_TO,உலோச்சனார்,poet_as_printed,yaml:poet_as_printed,,,,,high,machine_checked,corpus/purananuru/poems/274.md,c1cad70ae1b56aa9b12be38bf65213a3b617b02a40928d147885396073ed793f
asrt.ec7bd9f39699bf0a7f705dca,purananuru,274,TINI_VALUE,SOURCE_EXPLICIT,ASSOCIATED_WITH_TINAI,தும்பை துறை: எருமை மறம்,thinai_as_printed,yaml:thinai_as_printed,,,,,high,machine_checked,corpus/purananuru/poems/274.md,c1cad70ae1b56aa9b12be38bf65213a3b617b02a40928d147885396073ed793f
asrt.840364fd0fd570a21aeaebf7,purananuru,274,TURAI_VALUE,SOURCE_EXPLICIT,ASSOCIATED_WITH_TURAI,எருமை மறம்,thurai,yaml:thurai,,,,,high,machine_checked,corpus/purananuru/poems/274.md,c1cad70ae1b56aa9b12be38bf65213a3b617b02a40928d147885396073ed793f
asrt.3ffca69300d5310d4f344976,purananuru,274,SOURCE_CONTEXT_NOTE,SOURCE_EXPLICIT,HAS_PRINTED_TITLE,நீலக் கச்சை!,title_as_printed,yaml:title_as_printed,,,,,high,machine_checked,corpus/purananuru/poems/274.md,c1cad70ae1b56aa9b12be38bf65213a3b617b02a40928d147885396073ed793f
asrt.acfe0eb7471faf7403c664a2,purananuru,274,SOURCE_CONTEXT_NOTE,SOURCE_EXPLICIT,HAS_PRINTED_SOURCE_NOTE,"பாடியவர்: உலோச்சனார்
திணை: தும்பை துறை: எருமை மறம்",source_note,markdown:source-note,,,,,high,machine_checked,corpus/purananuru/poems/274.md,c1cad70ae1b56aa9b12be38bf65213a3b617b02a40928d147885396073ed793f
asrt.f48a694581968a1a1b0caf88,purananuru,274,TEXTUAL_CONDITION,SOURCE_EXPLICIT,HAS_TEXTUAL_STATUS,complete,textual_status,yaml:textual_status,,,,,high,machine_checked,corpus/purananuru/poems/274.md,c1cad70ae1b56aa9b12be38bf65213a3b617b02a40928d147885396073ed793f
asrt.3cde5e5d3496fd8e06635cad,purananuru,275,POET_ATTRIBUTION,SOURCE_EXPLICIT,ATTRIBUTED_TO,ஒரூஉத்தனார்,poet_as_printed,yaml:poet_as_printed,,,,,high,machine_checked,corpus/purananuru/poems/275.md,e6fd3e26e59170264571d73d191881e4b88e9eb209467a3ff7536e43778a60bd
asrt.bf7bcc1cd5c273c3c77f17f0,purananuru,275,TINI_VALUE,SOURCE_EXPLICIT,ASSOCIATED_WITH_TINAI,தும்பை துறை: எருமை மறம்,thinai_as_printed,yaml:thinai_as_printed,,,,,high,machine_checked,corpus/purananuru/poems/275.md,e6fd3e26e59170264571d73d191881e4b88e9eb209467a3ff7536e43778a60bd
asrt.444afe3c640bc1b3024ed6c6,purananuru,275,TURAI_VALUE,SOURCE_EXPLICIT,ASSOCIATED_WITH_TURAI,எருமை மறம்,thurai,yaml:thurai,,,,,high,machine_checked,corpus/purananuru/poems/275.md,e6fd3e26e59170264571d73d191881e4b88e9eb209467a3ff7536e43778a60bd
asrt.07e14e7692219316e77fd0ae,purananuru,275,SOURCE_CONTEXT_NOTE,SOURCE_EXPLICIT,HAS_PRINTED_TITLE,தன் தோழற்கு வருமே!,title_as_printed,yaml:title_as_printed,,,,,high,machine_checked,corpus/purananuru/poems/275.md,e6fd3e26e59170264571d73d191881e4b88e9eb209467a3ff7536e43778a60bd
asrt.57e509ffcfb0cccdb8bd3baf,purananuru,275,SOURCE_CONTEXT_NOTE,SOURCE_EXPLICIT,HAS_PRINTED_SOURCE_NOTE,"பாடியவர்: ஒரூஉத்தனார்
திணை: தும்பை துறை: எருமை மறம்",source_note,markdown:source-note,,,,,high,machine_checked,corpus/purananuru/poems/275.md,e6fd3e26e59170264571d73d191881e4b88e9eb209467a3ff7536e43778a60bd
asrt.260ba242b66539daba11b47d,purananuru,275,TEXTUAL_CONDITION,SOURCE_EXPLICIT,HAS_TEXTUAL_STATUS,complete,textual_status,yaml:textual_status,,,,,high,machine_checked,corpus/purananuru/poems/275.md,e6fd3e26e59170264571d73d191881e4b88e9eb209467a3ff7536e43778a60bd
asrt.ae1908c2303069e45a3b204e,purananuru,276,POET_ATTRIBUTION,SOURCE_EXPLICIT,ATTRIBUTED_TO,மாதுரைப் பூதன் இளநாகனார்,poet_as_printed,yaml:poet_as_printed,,,,,high,machine_checked,corpus/purananuru/poems/276.md,a3e7e02a97cc2e8de000a0dcba4cf4b0f7b0995f93484ad662dd1d732dceb9f2
asrt.93ed5934cb11c87f325b4f05,purananuru,276,TINI_VALUE,SOURCE_EXPLICIT,ASSOCIATED_WITH_TINAI,தும்பை துறை: தானைநிலை,thinai_as_printed,yaml:thinai_as_printed,,,,,high,machine_checked,corpus/purananuru/poems/276.md,a3e7e02a97cc2e8de000a0dcba4cf4b0f7b0995f93484ad662dd1d732dceb9f2
asrt.13e89257f2fb71a6080233ed,purananuru,276,TURAI_VALUE,SOURCE_EXPLICIT,ASSOCIATED_WITH_TURAI,தானைநிலை,thurai,yaml:thurai,,,,,high,machine_checked,corpus/purananuru/poems/276.md,a3e7e02a97cc2e8de000a0dcba4cf4b0f7b0995f93484ad662dd1d732dceb9f2
asrt.9446c9bec174d9743b44ebbc,purananuru,276,SOURCE_CONTEXT_NOTE,SOURCE_EXPLICIT,HAS_PRINTED_TITLE,குடப்பால் சில்லுறை!,title_as_printed,yaml:title_as_printed,,,,,high,machine_checked,corpus/purananuru/poems/276.md,a3e7e02a97cc2e8de000a0dcba4cf4b0f7b0995f93484ad662dd1d732dceb9f2
asrt.1a1239c8a8e388497e5ad8d3,purananuru,276,SOURCE_CONTEXT_NOTE,SOURCE_EXPLICIT,HAS_PRINTED_SOURCE_NOTE,"பாடியவர்: மாதுரைப் பூதன் இளநாகனார்
திணை:தும்பை துறை: தானைநிலை",source_note,markdown:source-note,,,,,high,machine_checked,corpus/purananuru/poems/276.md,a3e7e02a97cc2e8de000a0dcba4cf4b0f7b0995f93484ad662dd1d732dceb9f2
asrt.e72471acff40ca3bc09610af,purananuru,276,TEXTUAL_CONDITION,SOURCE_EXPLICIT,HAS_TEXTUAL_STATUS,complete,textual_status,yaml:textual_status,,,,,high,machine_checked,corpus/purananuru/poems/276.md,a3e7e02a97cc2e8de000a0dcba4cf4b0f7b0995f93484ad662dd1d732dceb9f2
asrt.266db56abe719a4b162ec307,purananuru,277,POET_ATTRIBUTION,SOURCE_EXPLICIT,ATTRIBUTED_TO,பூங்கணுத்திரையார்,poet_as_printed,yaml:poet_as_printed,,,,,high,machine_checked,corpus/purananuru/poems/277.md,0fb6223b8747b0f903c0ed53edb9e37f6f40f50885439d4ea33900aaa2e92585
asrt.c1680fdc5848284fafc9ba7b,purananuru,277,TINI_VALUE,SOURCE_EXPLICIT,ASSOCIATED_WITH_TINAI,தும்பை துறை: உவகைக் கலுழ்ச்சி,thinai_as_printed,yaml:thinai_as_printed,,,,,high,machine_checked,corpus/purananuru/poems/277.md,0fb6223b8747b0f903c0ed53edb9e37f6f40f50885439d4ea33900aaa2e92585
asrt.b3052a5836922052e6a59da5,purananuru,277,TURAI_VALUE,SOURCE_EXPLICIT,ASSOCIATED_WITH_TURAI,உவகைக் கலுழ்ச்சி,thurai,yaml:thurai,,,,,high,machine_checked,corpus/purananuru/poems/277.md,0fb6223b8747b0f903c0ed53edb9e37f6f40f50885439d4ea33900aaa2e92585
asrt.339dfc835116da65d2ed2dbd,purananuru,277,SOURCE_CONTEXT_NOTE,SOURCE_EXPLICIT,HAS_PRINTED_TITLE,சிதரினும் பலவே!,title_as_printed,yaml:title_as_printed,,,,,high,machine_checked,corpus/purananuru/poems/277.md,0fb6223b8747b0f903c0ed53edb9e37f6f40f50885439d4ea33900aaa2e92585
asrt.a2e1553fca7115dcb38a84d3,purananuru,277,SOURCE_CONTEXT_NOTE,SOURCE_EXPLICIT,HAS_PRINTED_SOURCE_NOTE,"பாடியவர்: பூங்கணுத்திரையார்
திணை: தும்பை துறை: உவகைக் கலுழ்ச்சி",source_note,markdown:source-note,,,,,high,machine_checked,corpus/purananuru/poems/277.md,0fb6223b8747b0f903c0ed53edb9e37f6f40f50885439d4ea33900aaa2e92585
asrt.5ae91966e506ea1f0f075682,purananuru,277,TEXTUAL_CONDITION,SOURCE_EXPLICIT,HAS_TEXTUAL_STATUS,complete,textual_status,yaml:textual_status,,,,,high,machine_checked,corpus/purananuru/poems/277.md,0fb6223b8747b0f903c0ed53edb9e37f6f40f50885439d4ea33900aaa2e92585
asrt.b515dfc0b797483c7821fbad,purananuru,278,POET_ATTRIBUTION,SOURCE_EXPLICIT,ATTRIBUTED_TO,காக்கைபாடினியார் நச்செள்ளையார்,poet_as_printed,yaml:poet_as_printed,,,,,high,machine_checked,corpus/purananuru/poems/278.md,f3b1d22b631df43c961d2b6d588a8e48dad9778d7a317c0d8c62a0f021c4eca5
asrt.f7ecd3abcd2979d296138511,purananuru,278,TINI_VALUE,SOURCE_EXPLICIT,ASSOCIATED_WITH_TINAI,தும்பை துறை: உவகைக் கலுழ்ச்சி,thinai_as_printed,yaml:thinai_as_printed,,,,,high,machine_checked,corpus/purananuru/poems/278.md,f3b1d22b631df43c961d2b6d588a8e48dad9778d7a317c0d8c62a0f021c4eca5
asrt.49c752ef76f506abb9504f6d,purananuru,278,TURAI_VALUE,SOURCE_EXPLICIT,ASSOCIATED_WITH_TURAI,உவகைக் கலுழ்ச்சி,thurai,yaml:thurai,,,,,high,machine_checked,corpus/purananuru/poems/278.md,f3b1d22b631df43c961d2b6d588a8e48dad9778d7a317c0d8c62a0f021c4eca5
asrt.f50af6e6e32b70ad8981cbe9,purananuru,278,SOURCE_CONTEXT_NOTE,SOURCE_EXPLICIT,HAS_PRINTED_SOURCE_NOTE,"பாடியவர்: காக்கைபாடினியார் நச்செள்ளையார்
திணை: தும்பை துறை: உவகைக் கலுழ்ச்சி",source_note,markdown:source-note,,,,,high,machine_checked,corpus/purananuru/poems/278.md,f3b1d22b631df43c961d2b6d588a8e48dad9778d7a317c0d8c62a0f021c4eca5
asrt.ec1b4a08e0984e090db81daf,purananuru,278,SOURCE_CONTEXT_NOTE,SOURCE_EXPLICIT,HAS_PRINTED_TITLE,பெரிது உவந்தனளே!,title_as_printed,yaml:title_as_printed,,,,,high,machine_checked,corpus/purananuru/poems/278.md,f3b1d22b631df43c961d2b6d588a8e48dad9778d7a317c0d8c62a0f021c4eca5
asrt.57982e9a7c0afa676e70dd6c,purananuru,278,TEXTUAL_CONDITION,SOURCE_EXPLICIT,HAS_TEXTUAL_STATUS,complete,textual_status,yaml:textual_status,,,,,high,machine_checked,corpus/purananuru/poems/278.md,f3b1d22b631df43c961d2b6d588a8e48dad9778d7a317c0d8c62a0f021c4eca5
asrt.f79f31e131c3565371b525fd,purananuru,279,POET_ATTRIBUTION,SOURCE_EXPLICIT,ATTRIBUTED_TO,ஒக்கூர் மாசாத்தியார்,poet_as_printed,yaml:poet_as_printed,,,,,high,machine_checked,corpus/purananuru/poems/279.md,3cca854f84b9d145bf5ee00c309bdae1d907e236f89cf9297b518480bba49ad1
asrt.4f0646a589ecce834fc05152,purananuru,279,TINI_VALUE,SOURCE_EXPLICIT,ASSOCIATED_WITH_TINAI,வாகை துறை: மூதின் முல்லை,thinai_as_printed,yaml:thinai_as_printed,,,,,high,machine_checked,corpus/purananuru/poems/279.md,3cca854f84b9d145bf5ee00c309bdae1d907e236f89cf9297b518480bba49ad1
asrt.3adecf5c9276348b3fe50e57,purananuru,279,TURAI_VALUE,SOURCE_EXPLICIT,ASSOCIATED_WITH_TURAI,மூதின் முல்லை,thurai,yaml:thurai,,,,,high,machine_checked,corpus/purananuru/poems/279.md,3cca854f84b9d145bf5ee00c309bdae1d907e236f89cf9297b518480bba49ad1
asrt.be4218c3ec60b91365a4f4ec,purananuru,279,SOURCE_CONTEXT_NOTE,SOURCE_EXPLICIT,HAS_PRINTED_TITLE,செல்கென விடுமே!,title_as_printed,yaml:title_as_printed,,,,,high,machine_checked,corpus/purananuru/poems/279.md,3cca854f84b9d145bf5ee00c309bdae1d907e236f89cf9297b518480bba49ad1
asrt.0c1b24af16b6cc05c6a7f3a9,purananuru,279,SOURCE_CONTEXT_NOTE,SOURCE_EXPLICIT,HAS_PRINTED_SOURCE_NOTE,"பாடியவர்: ஒக்கூர் மாசாத்தியார்
திணை: வாகை துறை: மூதின் முல்லை",source_note,markdown:source-note,,,,,high,machine_checked,corpus/purananuru/poems/279.md,3cca854f84b9d145bf5ee00c309bdae1d907e236f89cf9297b518480bba49ad1
asrt.609cf6cc891723f804ca901c,purananuru,279,TEXTUAL_CONDITION,SOURCE_EXPLICIT,HAS_TEXTUAL_STATUS,complete,textual_status,yaml:textual_status,,,,,high,machine_checked,corpus/purananuru/poems/279.md,3cca854f84b9d145bf5ee00c309bdae1d907e236f89cf9297b518480bba49ad1
asrt.fd2bffdded27018f66c14a23,purananuru,279,FAUNA_MENTION,SOURCE_EXPLICIT,MENTIONS_CANDIDATE,யானை,canonical_body,markdown:canonical-body,4,4,0,4,medium,human_review_required,corpus/purananuru/poems/279.md,3cca854f84b9d145bf5ee00c309bdae1d907e236f89cf9297b518480bba49ad1
asrt.51e648aee54fb84d2d0ddd44,purananuru,280,POET_ATTRIBUTION,SOURCE_EXPLICIT,ATTRIBUTED_TO,மாறோக்கத்து நப்பசலையார்,poet_as_printed,yaml:poet_as_printed,,,,,high,machine_checked,corpus/purananuru/poems/280.md,68d1e0ae0cf4b313c49717ada3d90f268ea27ec26cc950fd427b16d2e62a9c7b
asrt.c8fca8661828f70de6772cf0,purananuru,280,TINI_VALUE,SOURCE_EXPLICIT,ASSOCIATED_WITH_TINAI,பொதுவியல் துறை: ஆந்தப் பையுள்,thinai_as_printed,yaml:thinai_as_printed,,,,,high,machine_checked,corpus/purananuru/poems/280.md,68d1e0ae0cf4b313c49717ada3d90f268ea27ec26cc950fd427b16d2e62a9c7b
asrt.0f3cd9fda3929df038e201ea,purananuru,280,TURAI_VALUE,SOURCE_EXPLICIT,ASSOCIATED_WITH_TURAI,ஆந்தப் பையுள்,thurai,yaml:thurai,,,,,high,machine_checked,corpus/purananuru/poems/280.md,68d1e0ae0cf4b313c49717ada3d90f268ea27ec26cc950fd427b16d2e62a9c7b
asrt.60a9dee5488ffcf9731030f6,purananuru,280,SOURCE_CONTEXT_NOTE,SOURCE_EXPLICIT,HAS_PRINTED_SOURCE_NOTE,"பாடியவர்: மாறோக்கத்து நப்பசலையார்
திணை: பொதுவியல் துறை: ஆந்தப் பையுள்",source_note,markdown:source-note,,,,,high,machine_checked,corpus/purananuru/poems/280.md,68d1e0ae0cf4b313c49717ada3d90f268ea27ec26cc950fd427b16d2e62a9c7b
asrt.70f8e5ed9661add58c2eba2a,purananuru,280,SOURCE_CONTEXT_NOTE,SOURCE_EXPLICIT,HAS_PRINTED_TITLE,வழிநினைந்து இருத்தல் அரிதே!,title_as_printed,yaml:title_as_printed,,,,,high,machine_checked,corpus/purananuru/poems/280.md,68d1e0ae0cf4b313c49717ada3d90f268ea27ec26cc950fd427b16d2e62a9c7b
asrt.1b38d4ec0db26bd427517f91,purananuru,280,TEXTUAL_CONDITION,SOURCE_EXPLICIT,HAS_TEXTUAL_STATUS,complete,textual_status,yaml:textual_status,,,,,high,machine_checked,corpus/purananuru/poems/280.md,68d1e0ae0cf4b313c49717ada3d90f268ea27ec26cc950fd427b16d2e62a9c7b
asrt.e886b59368b5dbb9847217a5,purananuru,281,POET_ATTRIBUTION,SOURCE_EXPLICIT,ATTRIBUTED_TO,அரிசில் கிழார்,poet_as_printed,yaml:poet_as_printed,,,,,high,machine_checked,corpus/purananuru/poems/281.md,45c6ada8b82a8612a8c7a0dec824c252917a23047dff4e0dc0530ecf10280b5e
asrt.97159c145f445a3283aeaa0a,purananuru,281,TINI_VALUE,SOURCE_EXPLICIT,ASSOCIATED_WITH_TINAI,காஞ்சி துறை: பேய்க் காஞ்சி,thinai_as_printed,yaml:thinai_as_printed,,,,,high,machine_checked,corpus/purananuru/poems/281.md,45c6ada8b82a8612a8c7a0dec824c252917a23047dff4e0dc0530ecf10280b5e
asrt.62b0c15e6a35232e563629a6,purananuru,281,TURAI_VALUE,SOURCE_EXPLICIT,ASSOCIATED_WITH_TURAI,பேய்க் காஞ்சி,thurai,yaml:thurai,,,,,high,machine_checked,corpus/purananuru/poems/281.md,45c6ada8b82a8612a8c7a0dec824c252917a23047dff4e0dc0530ecf10280b5e
asrt.d07e6a5d2c8f06c274108d8a,purananuru,281,SOURCE_CONTEXT_NOTE,SOURCE_EXPLICIT,HAS_PRINTED_TITLE,நெடுந்தகை புண்ணே!,title_as_printed,yaml:title_as_printed,,,,,high,machine_checked,corpus/purananuru/poems/281.md,45c6ada8b82a8612a8c7a0dec824c252917a23047dff4e0dc0530ecf10280b5e
asrt.973cb6f118076c71b0270b00,purananuru,281,SOURCE_CONTEXT_NOTE,SOURCE_EXPLICIT,HAS_PRINTED_SOURCE_NOTE,"பாடியவர்: அரிசில் கிழார்
திணை: காஞ்சி துறை: பேய்க் காஞ்சி",source_note,markdown:source-note,,,,,high,machine_checked,corpus/purananuru/poems/281.md,45c6ada8b82a8612a8c7a0dec824c252917a23047dff4e0dc0530ecf10280b5e
asrt.e9b6eff2900abf94b5af9545,purananuru,281,TEXTUAL_CONDITION,SOURCE_EXPLICIT,HAS_TEXTUAL_STATUS,complete,textual_status,yaml:textual_status,,,,,high,machine_checked,corpus/purananuru/poems/281.md,45c6ada8b82a8612a8c7a0dec824c252917a23047dff4e0dc0530ecf10280b5e
asrt.3042d31e3dac2cc8bc43b17e,purananuru,282,POET_ATTRIBUTION,SOURCE_EXPLICIT,ATTRIBUTED_TO,பாலை பாடிய பெருங்கடுங்கோ,poet_as_printed,yaml:poet_as_printed,,,,,high,machine_checked,corpus/purananuru/poems/282.md,17ec5764cf240942747a7863cd2bc0de59b8788d5e2e1bb2953e601f23a96cc7
asrt.61752fbbbaaf651bd9d8cbf0,purananuru,282,SOURCE_CONTEXT_NOTE,SOURCE_EXPLICIT,HAS_PRINTED_SOURCE_NOTE,"பாடியவர்: பாலை பாடிய பெருங்கடுங்கோ.
திணையும் துறையும் தெரிந்தில.",source_note,markdown:source-note,,,,,high,machine_checked,corpus/purananuru/poems/282.md,17ec5764cf240942747a7863cd2bc0de59b8788d5e2e1bb2953e601f23a96cc7
asrt.6154e925d9cbb9b5a4d7f84b,purananuru,282,SOURCE_CONTEXT_NOTE,SOURCE_EXPLICIT,HAS_PRINTED_TITLE,புலவர் வாயுளானே!,title_as_printed,yaml:title_as_printed,,,,,high,machine_checked,corpus/purananuru/poems/282.md,17ec5764cf240942747a7863cd2bc0de59b8788d5e2e1bb2953e601f23a96cc7
asrt.cbd6105b2567dea35b62c963,purananuru,282,TEXTUAL_CONDITION,SOURCE_EXPLICIT,HAS_TEXTUAL_STATUS,incomplete,textual_status,yaml:textual_status,,,,,high,machine_checked,corpus/purananuru/poems/282.md,17ec5764cf240942747a7863cd2bc0de59b8788d5e2e1bb2953e601f23a96cc7
asrt.091e590a11b3ee591c79b943,purananuru,283,POET_ATTRIBUTION,SOURCE_EXPLICIT,ATTRIBUTED_TO,அடை நெடுங் கல்வியார்,poet_as_printed,yaml:poet_as_printed,,,,,high,machine_checked,corpus/purananuru/poems/283.md,38df3a18a76af812a84d866e16f5c1ad498265cfa861fe1e4fd9e41ad5f9feeb
asrt.abb5c5fc58759df55e023cfa,purananuru,283,TINI_VALUE,SOURCE_EXPLICIT,ASSOCIATED_WITH_TINAI,தும்பை துறை: பாண்பாட்டு (பாடாண் பாட்டும் ஆம்),thinai_as_printed,yaml:thinai_as_printed,,,,,high,machine_checked,corpus/purananuru/poems/283.md,38df3a18a76af812a84d866e16f5c1ad498265cfa861fe1e4fd9e41ad5f9feeb
asrt.012b95ffb81d67f6221c6ecf,purananuru,283,TURAI_VALUE,SOURCE_EXPLICIT,ASSOCIATED_WITH_TURAI,பாண்பாட்டு (பாடாண் பாட்டும் ஆம்),thurai,yaml:thurai,,,,,high,machine_checked,corpus/purananuru/poems/283.md,38df3a18a76af812a84d866e16f5c1ad498265cfa861fe1e4fd9e41ad5f9feeb
asrt.f7994c08000c33aadb27d2de,purananuru,283,SOURCE_CONTEXT_NOTE,SOURCE_EXPLICIT,HAS_PRINTED_TITLE,அழும்பிலன் அடங்கான்!,title_as_printed,yaml:title_as_printed,,,,,high,machine_checked,corpus/purananuru/poems/283.md,38df3a18a76af812a84d866e16f5c1ad498265cfa861fe1e4fd9e41ad5f9feeb
asrt.3c4506f8a7ee6951bbec1c3d,purananuru,283,SOURCE_CONTEXT_NOTE,SOURCE_EXPLICIT,HAS_PRINTED_SOURCE_NOTE,"பாடியவர்: அடை நெடுங் கல்வியார்
திணை: தும்பை துறை: பாண்பாட்டு (பாடாண் பாட்டும் ஆம்).",source_note,markdown:source-note,,,,,high,machine_checked,corpus/purananuru/poems/283.md,38df3a18a76af812a84d866e16f5c1ad498265cfa861fe1e4fd9e41ad5f9feeb
asrt.5bd51357e00fc8b36faff7fc,purananuru,283,TEXTUAL_CONDITION,SOURCE_EXPLICIT,HAS_TEXTUAL_STATUS,incomplete,textual_status,yaml:textual_status,,,,,high,machine_checked,corpus/purananuru/poems/283.md,38df3a18a76af812a84d866e16f5c1ad498265cfa861fe1e4fd9e41ad5f9feeb
asrt.897ffd002c29e2a7eb656685,purananuru,284,POET_ATTRIBUTION,SOURCE_EXPLICIT,ATTRIBUTED_TO,ஓரம் போகியார்,poet_as_printed,yaml:poet_as_printed,,,,,high,machine_checked,corpus/purananuru/poems/284.md,adfaefd3a1d3e8f52f90d573c358c08c536d863ce2b89e489c5a6a3f47fb172b
asrt.14377fb9285b93639ab507ea,purananuru,284,TINI_VALUE,SOURCE_EXPLICIT,ASSOCIATED_WITH_TINAI,தும்பை துறை: பண்பாட்டு,thinai_as_printed,yaml:thinai_as_printed,,,,,high,machine_checked,corpus/purananuru/poems/284.md,adfaefd3a1d3e8f52f90d573c358c08c536d863ce2b89e489c5a6a3f47fb172b
asrt.4416d3164278aca1ad187d0f,purananuru,284,TURAI_VALUE,SOURCE_EXPLICIT,ASSOCIATED_WITH_TURAI,பண்பாட்டு,thurai,yaml:thurai,,,,,high,machine_checked,corpus/purananuru/poems/284.md,adfaefd3a1d3e8f52f90d573c358c08c536d863ce2b89e489c5a6a3f47fb172b
asrt.0d5805ff719d80e2485278f7,purananuru,284,SOURCE_CONTEXT_NOTE,SOURCE_EXPLICIT,HAS_PRINTED_SOURCE_NOTE,"பாடியவர்: ஓரம் போகியார்
திணை: தும்பை துறை: பண்பாட்டு",source_note,markdown:source-note,,,,,high,machine_checked,corpus/purananuru/poems/284.md,adfaefd3a1d3e8f52f90d573c358c08c536d863ce2b89e489c5a6a3f47fb172b
asrt.a99d42b37da53b8d4aa62774,purananuru,284,SOURCE_CONTEXT_NOTE,SOURCE_EXPLICIT,HAS_PRINTED_TITLE,பெயர்புற நகுமே!,title_as_printed,yaml:title_as_printed,,,,,high,machine_checked,corpus/purananuru/poems/284.md,adfaefd3a1d3e8f52f90d573c358c08c536d863ce2b89e489c5a6a3f47fb172b
asrt.31185a82a795955fcd9ab29d,purananuru,284,TEXTUAL_CONDITION,SOURCE_EXPLICIT,HAS_TEXTUAL_STATUS,complete,textual_status,yaml:textual_status,,,,,high,machine_checked,corpus/purananuru/poems/284.md,adfaefd3a1d3e8f52f90d573c358c08c536d863ce2b89e489c5a6a3f47fb172b
asrt.1afc165d609c620f59aafc71,purananuru,285,POET_ATTRIBUTION,SOURCE_EXPLICIT,ATTRIBUTED_TO,அரிசில் கிழார்,poet_as_printed,yaml:poet_as_printed,,,,,high,machine_checked,corpus/purananuru/poems/285.md,7f9f86cb8f9ae1c999937c06e703b17f1e6eab5207e730c705482e9eb3fba049
asrt.fb2ef76a2352198e85bc6667,purananuru,285,TINI_VALUE,SOURCE_EXPLICIT,ASSOCIATED_WITH_TINAI,வாகை துறை: சால்பு முல்லை,thinai_as_printed,yaml:thinai_as_printed,,,,,high,machine_checked,corpus/purananuru/poems/285.md,7f9f86cb8f9ae1c999937c06e703b17f1e6eab5207e730c705482e9eb3fba049
asrt.791fe4ab55d3c7f80866802f,purananuru,285,TURAI_VALUE,SOURCE_EXPLICIT,ASSOCIATED_WITH_TURAI,சால்பு முல்லை,thurai,yaml:thurai,,,,,high,machine_checked,corpus/purananuru/poems/285.md,7f9f86cb8f9ae1c999937c06e703b17f1e6eab5207e730c705482e9eb3fba049
asrt.ace577f011d60d21ae5b47ce,purananuru,285,SOURCE_CONTEXT_NOTE,SOURCE_EXPLICIT,HAS_PRINTED_TITLE,தலைபணிந்து இறைஞ்சியோன்!,title_as_printed,yaml:title_as_printed,,,,,high,machine_checked,corpus/purananuru/poems/285.md,7f9f86cb8f9ae1c999937c06e703b17f1e6eab5207e730c705482e9eb3fba049
asrt.96bfdbe8ba2123515f2525a4,purananuru,285,SOURCE_CONTEXT_NOTE,SOURCE_EXPLICIT,HAS_PRINTED_SOURCE_NOTE,"பாடியவர்: அரிசில் கிழார்
திணை: வாகை துறை: சால்பு முல்லை",source_note,markdown:source-note,,,,,high,machine_checked,corpus/purananuru/poems/285.md,7f9f86cb8f9ae1c999937c06e703b17f1e6eab5207e730c705482e9eb3fba049
asrt.6736a7ff151a992e2f2c62b5,purananuru,285,TEXTUAL_CONDITION,SOURCE_EXPLICIT,HAS_TEXTUAL_STATUS,incomplete,textual_status,yaml:textual_status,,,,,high,machine_checked,corpus/purananuru/poems/285.md,7f9f86cb8f9ae1c999937c06e703b17f1e6eab5207e730c705482e9eb3fba049
asrt.2132ba932d5f2f7d5b62f4d6,purananuru,286,POET_ATTRIBUTION,SOURCE_EXPLICIT,ATTRIBUTED_TO,ஔவையார்,poet_as_printed,yaml:poet_as_printed,,,,,high,machine_checked,corpus/purananuru/poems/286.md,6d2c3e00ae7cb6eea163efb4d54376b2f59403c7968109534117cf4bdc6c03f9
asrt.def7f3a1b27fa10c90f3cd7c,purananuru,286,TINI_VALUE,SOURCE_EXPLICIT,ASSOCIATED_WITH_TINAI,கரந்தை துறை: வேத்தியல்,thinai_as_printed,yaml:thinai_as_printed,,,,,high,machine_checked,corpus/purananuru/poems/286.md,6d2c3e00ae7cb6eea163efb4d54376b2f59403c7968109534117cf4bdc6c03f9
asrt.356f6b341144d263269053c5,purananuru,286,TURAI_VALUE,SOURCE_EXPLICIT,ASSOCIATED_WITH_TURAI,வேத்தியல்,thurai,yaml:thurai,,,,,high,machine_checked,corpus/purananuru/poems/286.md,6d2c3e00ae7cb6eea163efb4d54376b2f59403c7968109534117cf4bdc6c03f9
asrt.94e71ed40850c2a39d1f50e4,purananuru,286,SOURCE_CONTEXT_NOTE,SOURCE_EXPLICIT,HAS_PRINTED_TITLE,பலர்மீது நீட்டிய மண்டை!,title_as_printed,yaml:title_as_printed,,,,,high,machine_checked,corpus/purananuru/poems/286.md,6d2c3e00ae7cb6eea163efb4d54376b2f59403c7968109534117cf4bdc6c03f9
asrt.9e11508f83e6bc2dc3519b67,purananuru,286,SOURCE_CONTEXT_NOTE,SOURCE_EXPLICIT,HAS_PRINTED_SOURCE_NOTE,"பாடியவர்: ஔவையார்
திணை: கரந்தை துறை: வேத்தியல்",source_note,markdown:source-note,,,,,high,machine_checked,corpus/purananuru/poems/286.md,6d2c3e00ae7cb6eea163efb4d54376b2f59403c7968109534117cf4bdc6c03f9
asrt.5bfad5cbe7c9e3440c7be61d,purananuru,286,TEXTUAL_CONDITION,SOURCE_EXPLICIT,HAS_TEXTUAL_STATUS,complete,textual_status,yaml:textual_status,,,,,high,machine_checked,corpus/purananuru/poems/286.md,6d2c3e00ae7cb6eea163efb4d54376b2f59403c7968109534117cf4bdc6c03f9
asrt.2010e63241cb2f7fbcf45566,purananuru,287,POET_ATTRIBUTION,SOURCE_EXPLICIT,ATTRIBUTED_TO,சாத்தந்தையார்,poet_as_printed,yaml:poet_as_printed,,,,,high,machine_checked,corpus/purananuru/poems/287.md,8008874d2426c95ed923112ead79841a8b63c4cc50b6563a3a4a80befd5bf948
asrt.d0370b096d8f8211e865f33d,purananuru,287,TINI_VALUE,SOURCE_EXPLICIT,ASSOCIATED_WITH_TINAI,கரந்தை துறை: நீண்மொழி,thinai_as_printed,yaml:thinai_as_printed,,,,,high,machine_checked,corpus/purananuru/poems/287.md,8008874d2426c95ed923112ead79841a8b63c4cc50b6563a3a4a80befd5bf948
asrt.e7774d3c2bcea57669d87397,purananuru,287,TURAI_VALUE,SOURCE_EXPLICIT,ASSOCIATED_WITH_TURAI,நீண்மொழி,thurai,yaml:thurai,,,,,high,machine_checked,corpus/purananuru/poems/287.md,8008874d2426c95ed923112ead79841a8b63c4cc50b6563a3a4a80befd5bf948
asrt.e081b6cd6f9e808c88dc89fb,purananuru,287,SOURCE_CONTEXT_NOTE,SOURCE_EXPLICIT,HAS_PRINTED_TITLE,காண்டிரோ வரவே!,title_as_printed,yaml:title_as_printed,,,,,high,machine_checked,corpus/purananuru/poems/287.md,8008874d2426c95ed923112ead79841a8b63c4cc50b6563a3a4a80befd5bf948
asrt.dd92413fed4e53bb212437d9,purananuru,287,SOURCE_CONTEXT_NOTE,SOURCE_EXPLICIT,HAS_PRINTED_SOURCE_NOTE,"பாடியவர்: சாத்தந்தையார்
திணை: கரந்தை துறை: நீண்மொழி",source_note,markdown:source-note,,,,,high,machine_checked,corpus/purananuru/poems/287.md,8008874d2426c95ed923112ead79841a8b63c4cc50b6563a3a4a80befd5bf948
asrt.f3e9ba3d51b849df2fa735f4,purananuru,287,TEXTUAL_CONDITION,SOURCE_EXPLICIT,HAS_TEXTUAL_STATUS,complete,textual_status,yaml:textual_status,,,,,high,machine_checked,corpus/purananuru/poems/287.md,8008874d2426c95ed923112ead79841a8b63c4cc50b6563a3a4a80befd5bf948
asrt.3de0400d9892e0e15a2d587a,purananuru,287,FAUNA_MENTION,SOURCE_EXPLICIT,MENTIONS_CANDIDATE,யானை,canonical_body,markdown:canonical-body,5,5,21,25,medium,human_review_required,corpus/purananuru/poems/287.md,8008874d2426c95ed923112ead79841a8b63c4cc50b6563a3a4a80befd5bf948
asrt.2ccec25f6305b970412c2445,purananuru,287,WARFARE_MENTION,SOURCE_EXPLICIT,MENTIONS_CANDIDATE,வேல்,canonical_body,markdown:canonical-body,4,4,16,20,medium,human_review_required,corpus/purananuru/poems/287.md,8008874d2426c95ed923112ead79841a8b63c4cc50b6563a3a4a80befd5bf948
asrt.ce62064b25b34ab0e70b7259,purananuru,287,POLITICAL_RELATION,SOURCE_EXPLICIT,MENTIONS_CANDIDATE,வேந்தன்,canonical_body,markdown:canonical-body,13,13,5,12,medium,human_review_required,corpus/purananuru/poems/287.md,8008874d2426c95ed923112ead79841a8b63c4cc50b6563a3a4a80befd5bf948
asrt.69d3700693b0c3f18ec5b7ef,purananuru,288,POET_ATTRIBUTION,SOURCE_EXPLICIT,ATTRIBUTED_TO,கழாத்தலையார்,poet_as_printed,yaml:poet_as_printed,,,,,high,machine_checked,corpus/purananuru/poems/288.md,787193b344fce8d48a011887b7187fcfc72f6de539fcd4668a44bb6074c918b9
asrt.572a738dc835f69c4b987837,purananuru,288,TINI_VALUE,SOURCE_EXPLICIT,ASSOCIATED_WITH_TINAI,தும்பை துறை: மூதின் முல்லை,thinai_as_printed,yaml:thinai_as_printed,,,,,high,machine_checked,corpus/purananuru/poems/288.md,787193b344fce8d48a011887b7187fcfc72f6de539fcd4668a44bb6074c918b9
asrt.f0f3148f2d3dcfae6ad94845,purananuru,288,TURAI_VALUE,SOURCE_EXPLICIT,ASSOCIATED_WITH_TURAI,மூதின் முல்லை,thurai,yaml:thurai,,,,,high,machine_checked,corpus/purananuru/poems/288.md,787193b344fce8d48a011887b7187fcfc72f6de539fcd4668a44bb6074c918b9
asrt.5c72d15828c0fa27bf5cd13e,purananuru,288,SOURCE_CONTEXT_NOTE,SOURCE_EXPLICIT,HAS_PRINTED_SOURCE_NOTE,"பாடியவர்: கழாத்தலையார்
திணை: தும்பை துறை: மூதின் முல்லை",source_note,markdown:source-note,,,,,high,machine_checked,corpus/purananuru/poems/288.md,787193b344fce8d48a011887b7187fcfc72f6de539fcd4668a44bb6074c918b9
asrt.92971b60fa835547ae699da2,purananuru,288,SOURCE_CONTEXT_NOTE,SOURCE_EXPLICIT,HAS_PRINTED_TITLE,மொய்த்தன பருந்தே!,title_as_printed,yaml:title_as_printed,,,,,high,machine_checked,corpus/purananuru/poems/288.md,787193b344fce8d48a011887b7187fcfc72f6de539fcd4668a44bb6074c918b9
asrt.929c2c1b4f65125062a40893,purananuru,288,TEXTUAL_CONDITION,SOURCE_EXPLICIT,HAS_TEXTUAL_STATUS,incomplete,textual_status,yaml:textual_status,,,,,high,machine_checked,corpus/purananuru/poems/288.md,787193b344fce8d48a011887b7187fcfc72f6de539fcd4668a44bb6074c918b9
asrt.59387329e84717001c91f252,purananuru,289,POET_ATTRIBUTION,SOURCE_EXPLICIT,ATTRIBUTED_TO,கழாத்தலையார்,poet_as_printed,yaml:poet_as_printed,,,,,high,machine_checked,corpus/purananuru/poems/289.md,9a8c9f233fe609e9ec6b0dd8e75587006d709b7b82699d040daafcfa14df98b7
asrt.eb682ffba15c366eb1f256b1,purananuru,289,SOURCE_CONTEXT_NOTE,SOURCE_EXPLICIT,HAS_PRINTED_TITLE,ஆயும் உழவன்!,title_as_printed,yaml:title_as_printed,,,,,high,machine_checked,corpus/purananuru/poems/289.md,9a8c9f233fe609e9ec6b0dd8e75587006d709b7b82699d040daafcfa14df98b7
asrt.5dad535e981db3adb662f19a,purananuru,289,SOURCE_CONTEXT_NOTE,SOURCE_EXPLICIT,HAS_PRINTED_SOURCE_NOTE,"பாடியவர்: கழாத்தலையார்.
திணை, துறை. தெரிந்தில.",source_note,markdown:source-note,,,,,high,machine_checked,corpus/purananuru/poems/289.md,9a8c9f233fe609e9ec6b0dd8e75587006d709b7b82699d040daafcfa14df98b7
asrt.9f90e85380ce532cfc35c747,purananuru,289,TEXTUAL_CONDITION,SOURCE_EXPLICIT,HAS_TEXTUAL_STATUS,complete,textual_status,yaml:textual_status,,,,,high,machine_checked,corpus/purananuru/poems/289.md,9a8c9f233fe609e9ec6b0dd8e75587006d709b7b82699d040daafcfa14df98b7
asrt.e6205f17a45478d9908d2385,purananuru,290,POET_ATTRIBUTION,SOURCE_EXPLICIT,ATTRIBUTED_TO,ஔவையார்,poet_as_printed,yaml:poet_as_printed,,,,,high,machine_checked,corpus/purananuru/poems/290.md,8c52f3c07b0633092546e1869be2fa8a33cf9aa1db7f0e808be7cbc2225ed256
asrt.1fe0667c81aad0aa4a90f1f8,purananuru,290,TINI_VALUE,SOURCE_EXPLICIT,ASSOCIATED_WITH_TINAI,கரந்தை துறை: குடிநிலையுரைத்தல்,thinai_as_printed,yaml:thinai_as_printed,,,,,high,machine_checked,corpus/purananuru/poems/290.md,8c52f3c07b0633092546e1869be2fa8a33cf9aa1db7f0e808be7cbc2225ed256
asrt.df6cb3cca5afe252bec2d4cd,purananuru,290,TURAI_VALUE,SOURCE_EXPLICIT,ASSOCIATED_WITH_TURAI,குடிநிலையுரைத்தல்,thurai,yaml:thurai,,,,,high,machine_checked,corpus/purananuru/poems/290.md,8c52f3c07b0633092546e1869be2fa8a33cf9aa1db7f0e808be7cbc2225ed256
asrt.e84e274e2e23120ecee9375b,purananuru,290,SOURCE_CONTEXT_NOTE,SOURCE_EXPLICIT,HAS_PRINTED_SOURCE_NOTE,"பாடியவர்: ஔவையார்
திணை: கரந்தை துறை: குடிநிலையுரைத்தல்",source_note,markdown:source-note,,,,,high,machine_checked,corpus/purananuru/poems/290.md,8c52f3c07b0633092546e1869be2fa8a33cf9aa1db7f0e808be7cbc2225ed256
asrt.d6df46db85699ca82e17e54a,purananuru,290,SOURCE_CONTEXT_NOTE,SOURCE_EXPLICIT,HAS_PRINTED_TITLE,மறப்புகழ் நிறைந்தோன்!,title_as_printed,yaml:title_as_printed,,,,,high,machine_checked,corpus/purananuru/poems/290.md,8c52f3c07b0633092546e1869be2fa8a33cf9aa1db7f0e808be7cbc2225ed256
asrt.673ef489a486549d097c61de,purananuru,290,TEXTUAL_CONDITION,SOURCE_EXPLICIT,HAS_TEXTUAL_STATUS,complete,textual_status,yaml:textual_status,,,,,high,machine_checked,corpus/purananuru/poems/290.md,8c52f3c07b0633092546e1869be2fa8a33cf9aa1db7f0e808be7cbc2225ed256
asrt.cd9074d896de15d84652fd4b,purananuru,290,KINSHIP_MENTION,SOURCE_EXPLICIT,MENTIONS_CANDIDATE,தந்தை,canonical_body,markdown:canonical-body,3,3,27,32,medium,human_review_required,corpus/purananuru/poems/290.md,8c52f3c07b0633092546e1869be2fa8a33cf9aa1db7f0e808be7cbc2225ed256
asrt.612e0968d96613a878abe7e5,purananuru,290,FAUNA_MENTION,SOURCE_EXPLICIT,MENTIONS_CANDIDATE,யானை,canonical_body,markdown:canonical-body,2,2,12,16,medium,human_review_required,corpus/purananuru/poems/290.md,8c52f3c07b0633092546e1869be2fa8a33cf9aa1db7f0e808be7cbc2225ed256
asrt.015888dc98df7716f9167165,purananuru,291,POET_ATTRIBUTION,SOURCE_EXPLICIT,ATTRIBUTED_TO,நெடுங்கழுத்துப் பரணர்,poet_as_printed,yaml:poet_as_printed,,,,,high,machine_checked,corpus/purananuru/poems/291.md,315258fc67e6f3c220ff245dffa1531b48b9ddf4ffd6f99596853fe38ca45d49
asrt.56ee9ff47567a984998b0b39,purananuru,291,TINI_VALUE,SOURCE_EXPLICIT,ASSOCIATED_WITH_TINAI,கரந்தை துறை: வேத்தியல்,thinai_as_printed,yaml:thinai_as_printed,,,,,high,machine_checked,corpus/purananuru/poems/291.md,315258fc67e6f3c220ff245dffa1531b48b9ddf4ffd6f99596853fe38ca45d49
asrt.203ff1880a953f43f12c1bae,purananuru,291,TURAI_VALUE,SOURCE_EXPLICIT,ASSOCIATED_WITH_TURAI,வேத்தியல்,thurai,yaml:thurai,,,,,high,machine_checked,corpus/purananuru/poems/291.md,315258fc67e6f3c220ff245dffa1531b48b9ddf4ffd6f99596853fe38ca45d49
asrt.708c6a3b6e1f6fe96755921d,purananuru,291,SOURCE_CONTEXT_NOTE,SOURCE_EXPLICIT,HAS_PRINTED_SOURCE_NOTE,"பாடியவர்: நெடுங்கழுத்துப் பரணர்
திணை: கரந்தை துறை: வேத்தியல்",source_note,markdown:source-note,,,,,high,machine_checked,corpus/purananuru/poems/291.md,315258fc67e6f3c220ff245dffa1531b48b9ddf4ffd6f99596853fe38ca45d49
asrt.4a0cbdf10bdf7afca16ad79f,purananuru,291,SOURCE_CONTEXT_NOTE,SOURCE_EXPLICIT,HAS_PRINTED_TITLE,மாலை மலைந்தனனே!,title_as_printed,yaml:title_as_printed,,,,,high,machine_checked,corpus/purananuru/poems/291.md,315258fc67e6f3c220ff245dffa1531b48b9ddf4ffd6f99596853fe38ca45d49
asrt.e1fb9e7d528c51992410f1c2,purananuru,291,TEXTUAL_CONDITION,SOURCE_EXPLICIT,HAS_TEXTUAL_STATUS,complete,textual_status,yaml:textual_status,,,,,high,machine_checked,corpus/purananuru/poems/291.md,315258fc67e6f3c220ff245dffa1531b48b9ddf4ffd6f99596853fe38ca45d49
asrt.5fd5b0f06c6097c0b6f78805,purananuru,292,POET_ATTRIBUTION,SOURCE_EXPLICIT,ATTRIBUTED_TO,விரிச்சியூர் நன்னாகனார்,poet_as_printed,yaml:poet_as_printed,,,,,high,machine_checked,corpus/purananuru/poems/292.md,5f6ec7410dba8966b966d357b9daee1f90f3a5a23dadc7fff0b82a28a7bcb2d4
asrt.1e1df5ea7b3107372ddb448f,purananuru,292,TINI_VALUE,SOURCE_EXPLICIT,ASSOCIATED_WITH_TINAI,வஞ்சி துறை: பெருஞ்சோற்று நிலை,thinai_as_printed,yaml:thinai_as_printed,,,,,high,machine_checked,corpus/purananuru/poems/292.md,5f6ec7410dba8966b966d357b9daee1f90f3a5a23dadc7fff0b82a28a7bcb2d4
asrt.1a85e3137b2bbdf244b75e8d,purananuru,292,TURAI_VALUE,SOURCE_EXPLICIT,ASSOCIATED_WITH_TURAI,பெருஞ்சோற்று நிலை,thurai,yaml:thurai,,,,,high,machine_checked,corpus/purananuru/poems/292.md,5f6ec7410dba8966b966d357b9daee1f90f3a5a23dadc7fff0b82a28a7bcb2d4
asrt.5135aac44b86639e264c641c,purananuru,292,SOURCE_CONTEXT_NOTE,SOURCE_EXPLICIT,HAS_PRINTED_TITLE,சினவல் ஓம்புமின்!,title_as_printed,yaml:title_as_printed,,,,,high,machine_checked,corpus/purananuru/poems/292.md,5f6ec7410dba8966b966d357b9daee1f90f3a5a23dadc7fff0b82a28a7bcb2d4
asrt.97bd84a4daa2820ff05fd78f,purananuru,292,SOURCE_CONTEXT_NOTE,SOURCE_EXPLICIT,HAS_PRINTED_SOURCE_NOTE,"பாடியவர்: விரிச்சியூர் நன்னாகனார்
திணை: வஞ்சி துறை: பெருஞ்சோற்று நிலை",source_note,markdown:source-note,,,,,high,machine_checked,corpus/purananuru/poems/292.md,5f6ec7410dba8966b966d357b9daee1f90f3a5a23dadc7fff0b82a28a7bcb2d4
asrt.64f03fb5569c5befd874c242,purananuru,292,TEXTUAL_CONDITION,SOURCE_EXPLICIT,HAS_TEXTUAL_STATUS,complete,textual_status,yaml:textual_status,,,,,high,machine_checked,corpus/purananuru/poems/292.md,5f6ec7410dba8966b966d357b9daee1f90f3a5a23dadc7fff0b82a28a7bcb2d4
asrt.4bf1797b67414d07d0302e21,purananuru,293,POET_ATTRIBUTION,SOURCE_EXPLICIT,ATTRIBUTED_TO,நொச்சி நியமங்கிழார்,poet_as_printed,yaml:poet_as_printed,,,,,high,machine_checked,corpus/purananuru/poems/293.md,6f64d19e4f2e7959180c2528e15ee1c161b3ddd0a4a6266c20376b3a545f6470
asrt.454e5094fe28bf4e37c6a1d2,purananuru,293,TINI_VALUE,SOURCE_EXPLICIT,ASSOCIATED_WITH_TINAI,காஞ்சி துறை: பூக்கோட் காஞ்சி,thinai_as_printed,yaml:thinai_as_printed,,,,,high,machine_checked,corpus/purananuru/poems/293.md,6f64d19e4f2e7959180c2528e15ee1c161b3ddd0a4a6266c20376b3a545f6470
asrt.8010a1f5467f3287d1485230,purananuru,293,TURAI_VALUE,SOURCE_EXPLICIT,ASSOCIATED_WITH_TURAI,பூக்கோட் காஞ்சி,thurai,yaml:thurai,,,,,high,machine_checked,corpus/purananuru/poems/293.md,6f64d19e4f2e7959180c2528e15ee1c161b3ddd0a4a6266c20376b3a545f6470
asrt.ca5259cbeb817f4dd59150b4,purananuru,293,SOURCE_CONTEXT_NOTE,SOURCE_EXPLICIT,HAS_PRINTED_SOURCE_NOTE,"பாடியவர்: நொச்சி நியமங்கிழார்
திணை: காஞ்சி துறை: பூக்கோட் காஞ்சி",source_note,markdown:source-note,,,,,high,machine_checked,corpus/purananuru/poems/293.md,6f64d19e4f2e7959180c2528e15ee1c161b3ddd0a4a6266c20376b3a545f6470
asrt.c82f4838625d8a826164b75d,purananuru,293,SOURCE_CONTEXT_NOTE,SOURCE_EXPLICIT,HAS_PRINTED_TITLE,பூவிலைப் பெண்டு!,title_as_printed,yaml:title_as_printed,,,,,high,machine_checked,corpus/purananuru/poems/293.md,6f64d19e4f2e7959180c2528e15ee1c161b3ddd0a4a6266c20376b3a545f6470
asrt.7c87f20b19d255fcab440ecd,purananuru,293,TEXTUAL_CONDITION,SOURCE_EXPLICIT,HAS_TEXTUAL_STATUS,complete,textual_status,yaml:textual_status,,,,,high,machine_checked,corpus/purananuru/poems/293.md,6f64d19e4f2e7959180c2528e15ee1c161b3ddd0a4a6266c20376b3a545f6470
asrt.0170e31e5fcb8952b91ee905,purananuru,293,FAUNA_MENTION,SOURCE_EXPLICIT,MENTIONS_CANDIDATE,யானை,canonical_body,markdown:canonical-body,1,1,20,24,medium,human_review_required,corpus/purananuru/poems/293.md,6f64d19e4f2e7959180c2528e15ee1c161b3ddd0a4a6266c20376b3a545f6470
asrt.092df01cd035b5a3b5a7a077,purananuru,294,POET_ATTRIBUTION,SOURCE_EXPLICIT,ATTRIBUTED_TO,பெருந்தலைச் சாத்தனார்,poet_as_printed,yaml:poet_as_printed,,,,,high,machine_checked,corpus/purananuru/poems/294.md,fdc5c4ad45d965f16b956adb4fc20a69603ba6220226346c214d6755d85c7d7b
asrt.a07e54d7479cc4c0ab642cfb,purananuru,294,TINI_VALUE,SOURCE_EXPLICIT,ASSOCIATED_WITH_TINAI,தும்பை துறை: தானை மறம்,thinai_as_printed,yaml:thinai_as_printed,,,,,high,machine_checked,corpus/purananuru/poems/294.md,fdc5c4ad45d965f16b956adb4fc20a69603ba6220226346c214d6755d85c7d7b
asrt.53bac14abcb97da52705a55d,purananuru,294,TURAI_VALUE,SOURCE_EXPLICIT,ASSOCIATED_WITH_TURAI,தானை மறம்,thurai,yaml:thurai,,,,,high,machine_checked,corpus/purananuru/poems/294.md,fdc5c4ad45d965f16b956adb4fc20a69603ba6220226346c214d6755d85c7d7b
asrt.f29f2e7022b94661303df651,purananuru,294,SOURCE_CONTEXT_NOTE,SOURCE_EXPLICIT,HAS_PRINTED_SOURCE_NOTE,"பாடியவர்: பெருந்தலைச் சாத்தனார்
திணை: தும்பை துறை: தானை மறம்",source_note,markdown:source-note,,,,,high,machine_checked,corpus/purananuru/poems/294.md,fdc5c4ad45d965f16b956adb4fc20a69603ba6220226346c214d6755d85c7d7b
asrt.b3effc1afde40b87dd89aa68,purananuru,294,SOURCE_CONTEXT_NOTE,SOURCE_EXPLICIT,HAS_PRINTED_TITLE,வம்மின் ஈங்கு!,title_as_printed,yaml:title_as_printed,,,,,high,machine_checked,corpus/purananuru/poems/294.md,fdc5c4ad45d965f16b956adb4fc20a69603ba6220226346c214d6755d85c7d7b
asrt.6a13bafd06b145609c8e7e2e,purananuru,294,TEXTUAL_CONDITION,SOURCE_EXPLICIT,HAS_TEXTUAL_STATUS,complete,textual_status,yaml:textual_status,,,,,high,machine_checked,corpus/purananuru/poems/294.md,fdc5c4ad45d965f16b956adb4fc20a69603ba6220226346c214d6755d85c7d7b
asrt.d81b4e57158afa87d8c1550b,purananuru,295,POET_ATTRIBUTION,SOURCE_EXPLICIT,ATTRIBUTED_TO,ஔவையார்,poet_as_printed,yaml:poet_as_printed,,,,,high,machine_checked,corpus/purananuru/poems/295.md,80172b357b7e0a793b186a90a78fc2e9b3dd9b66b72eaa25dec133e802fa9c4a
asrt.13f18ff873a7ff9b7dfb9c07,purananuru,295,TINI_VALUE,SOURCE_EXPLICIT,ASSOCIATED_WITH_TINAI,தும்பை துறை: உவகைக் கலுழ்ச்சி,thinai_as_printed,yaml:thinai_as_printed,,,,,high,machine_checked,corpus/purananuru/poems/295.md,80172b357b7e0a793b186a90a78fc2e9b3dd9b66b72eaa25dec133e802fa9c4a
asrt.4a47e42a1e8b8fc6704ef310,purananuru,295,TURAI_VALUE,SOURCE_EXPLICIT,ASSOCIATED_WITH_TURAI,உவகைக் கலுழ்ச்சி,thurai,yaml:thurai,,,,,high,machine_checked,corpus/purananuru/poems/295.md,80172b357b7e0a793b186a90a78fc2e9b3dd9b66b72eaa25dec133e802fa9c4a
asrt.3ad4f7e2ae898fadb94aa6d2,purananuru,295,SOURCE_CONTEXT_NOTE,SOURCE_EXPLICIT,HAS_PRINTED_TITLE,ஊறிச் சுரந்தது!,title_as_printed,yaml:title_as_printed,,,,,high,machine_checked,corpus/purananuru/poems/295.md,80172b357b7e0a793b186a90a78fc2e9b3dd9b66b72eaa25dec133e802fa9c4a
asrt.87e15f3f2b30b23d6a1f763a,purananuru,295,SOURCE_CONTEXT_NOTE,SOURCE_EXPLICIT,HAS_PRINTED_SOURCE_NOTE,"பாடியவர்: ஔவையார்
திணை: தும்பை துறை: உவகைக் கலுழ்ச்சி",source_note,markdown:source-note,,,,,high,machine_checked,corpus/purananuru/poems/295.md,80172b357b7e0a793b186a90a78fc2e9b3dd9b66b72eaa25dec133e802fa9c4a
asrt.faa4576a7d7aea3f6515f920,purananuru,295,TEXTUAL_CONDITION,SOURCE_EXPLICIT,HAS_TEXTUAL_STATUS,complete,textual_status,yaml:textual_status,,,,,high,machine_checked,corpus/purananuru/poems/295.md,80172b357b7e0a793b186a90a78fc2e9b3dd9b66b72eaa25dec133e802fa9c4a
asrt.fe91477d323360802416a012,purananuru,296,POET_ATTRIBUTION,SOURCE_EXPLICIT,ATTRIBUTED_TO,வெள்ளை மாளர்,poet_as_printed,yaml:poet_as_printed,,,,,high,machine_checked,corpus/purananuru/poems/296.md,78377342a6e7e193e085bd1bfad9621103bfa84de750eb38f55052fb0999718e
asrt.28cc343cb4cb5e19caaf2673,purananuru,296,TINI_VALUE,SOURCE_EXPLICIT,ASSOCIATED_WITH_TINAI,வாகை துறை: எறான் முல்லை,thinai_as_printed,yaml:thinai_as_printed,,,,,high,machine_checked,corpus/purananuru/poems/296.md,78377342a6e7e193e085bd1bfad9621103bfa84de750eb38f55052fb0999718e
asrt.3d708b6fb78e046269cac6b2,purananuru,296,TURAI_VALUE,SOURCE_EXPLICIT,ASSOCIATED_WITH_TURAI,எறான் முல்லை,thurai,yaml:thurai,,,,,high,machine_checked,corpus/purananuru/poems/296.md,78377342a6e7e193e085bd1bfad9621103bfa84de750eb38f55052fb0999718e
asrt.20b7087e3197e0156aa4f69d,purananuru,296,SOURCE_CONTEXT_NOTE,SOURCE_EXPLICIT,HAS_PRINTED_TITLE,நெடிது வந்தன்றால்!,title_as_printed,yaml:title_as_printed,,,,,high,machine_checked,corpus/purananuru/poems/296.md,78377342a6e7e193e085bd1bfad9621103bfa84de750eb38f55052fb0999718e
asrt.c9d175449f405739d35eb1bc,purananuru,296,SOURCE_CONTEXT_NOTE,SOURCE_EXPLICIT,HAS_PRINTED_SOURCE_NOTE,"பாடியவர்: வெள்ளை மாளர்
திணை: வாகை துறை: எறான் முல்லை",source_note,markdown:source-note,,,,,high,machine_checked,corpus/purananuru/poems/296.md,78377342a6e7e193e085bd1bfad9621103bfa84de750eb38f55052fb0999718e
asrt.496eb3afb733cf75716d8cab,purananuru,296,TEXTUAL_CONDITION,SOURCE_EXPLICIT,HAS_TEXTUAL_STATUS,complete,textual_status,yaml:textual_status,,,,,high,machine_checked,corpus/purananuru/poems/296.md,78377342a6e7e193e085bd1bfad9621103bfa84de750eb38f55052fb0999718e
asrt.3e35ee7241492e670a75716f,purananuru,297,TINI_VALUE,SOURCE_EXPLICIT,ASSOCIATED_WITH_TINAI,வெட்சி துறை: இண்டாட்டு,thinai_as_printed,yaml:thinai_as_printed,,,,,high,machine_checked,corpus/purananuru/poems/297.md,43107aaa8a6659c6309f0e22d25a8adba9a006a20d33f560d388b57a6e0f100d
asrt.7731a25cd5de0239818b0531,purananuru,297,TURAI_VALUE,SOURCE_EXPLICIT,ASSOCIATED_WITH_TURAI,இண்டாட்டு,thurai,yaml:thurai,,,,,high,machine_checked,corpus/purananuru/poems/297.md,43107aaa8a6659c6309f0e22d25a8adba9a006a20d33f560d388b57a6e0f100d
asrt.4caa0964ec8231f9d9532894,purananuru,297,SOURCE_CONTEXT_NOTE,SOURCE_EXPLICIT,HAS_PRINTED_TITLE,தண்ணடை பெறுதல்!,title_as_printed,yaml:title_as_printed,,,,,high,machine_checked,corpus/purananuru/poems/297.md,43107aaa8a6659c6309f0e22d25a8adba9a006a20d33f560d388b57a6e0f100d
asrt.c9f05d8fc669393af5339206,purananuru,297,SOURCE_CONTEXT_NOTE,SOURCE_EXPLICIT,HAS_PRINTED_SOURCE_NOTE,"பாடினோர் பாடப்பட்டோன் : பெயர்கள் தெரிந்தில.
திணை: வெட்சி துறை: இண்டாட்டு",source_note,markdown:source-note,,,,,high,machine_checked,corpus/purananuru/poems/297.md,43107aaa8a6659c6309f0e22d25a8adba9a006a20d33f560d388b57a6e0f100d
asrt.1928859748dd06eb48f4987a,purananuru,297,TEXTUAL_CONDITION,SOURCE_EXPLICIT,HAS_TEXTUAL_STATUS,complete,textual_status,yaml:textual_status,,,,,high,machine_checked,corpus/purananuru/poems/297.md,43107aaa8a6659c6309f0e22d25a8adba9a006a20d33f560d388b57a6e0f100d
asrt.cac2c92304bb8e3798ed550a,purananuru,298,SOURCE_CONTEXT_NOTE,SOURCE_EXPLICIT,HAS_PRINTED_TITLE,கலங்கல் தருமே!,title_as_printed,yaml:title_as_printed,,,,,high,machine_checked,corpus/purananuru/poems/298.md,8b67e71b562c0223f8a343727e8f728158f36cbc48c5f2a525fcd0a0cb2bc875
asrt.9244f604fd4dba8b346007de,purananuru,298,TEXTUAL_CONDITION,SOURCE_EXPLICIT,HAS_TEXTUAL_STATUS,complete,textual_status,yaml:textual_status,,,,,high,machine_checked,corpus/purananuru/poems/298.md,8b67e71b562c0223f8a343727e8f728158f36cbc48c5f2a525fcd0a0cb2bc875
asrt.30e9c534d4459213a5d6c478,purananuru,299,POET_ATTRIBUTION,SOURCE_EXPLICIT,ATTRIBUTED_TO,பொன் முடியார்,poet_as_printed,yaml:poet_as_printed,,,,,high,machine_checked,corpus/purananuru/poems/299.md,1f6cb9c8ea530c78cac60465e228e6963b39a633a8b4520fe4b76fbe63ba6e0a
asrt.50c35e5331be642fb598a32d,purananuru,299,TINI_VALUE,SOURCE_EXPLICIT,ASSOCIATED_WITH_TINAI,நொச்சி துறை: குதிரை மறம்,thinai_as_printed,yaml:thinai_as_printed,,,,,high,machine_checked,corpus/purananuru/poems/299.md,1f6cb9c8ea530c78cac60465e228e6963b39a633a8b4520fe4b76fbe63ba6e0a
asrt.a05e23e1cc3449b9e65145bd,purananuru,299,TURAI_VALUE,SOURCE_EXPLICIT,ASSOCIATED_WITH_TURAI,குதிரை மறம்,thurai,yaml:thurai,,,,,high,machine_checked,corpus/purananuru/poems/299.md,1f6cb9c8ea530c78cac60465e228e6963b39a633a8b4520fe4b76fbe63ba6e0a
asrt.c54379ad8d16da6296861269,purananuru,299,SOURCE_CONTEXT_NOTE,SOURCE_EXPLICIT,HAS_PRINTED_TITLE,கலம் தொடா மகளிர்!,title_as_printed,yaml:title_as_printed,,,,,high,machine_checked,corpus/purananuru/poems/299.md,1f6cb9c8ea530c78cac60465e228e6963b39a633a8b4520fe4b76fbe63ba6e0a
asrt.bfcf22240f605dd26ac742ee,purananuru,299,SOURCE_CONTEXT_NOTE,SOURCE_EXPLICIT,HAS_PRINTED_SOURCE_NOTE,"பாடியவர்: பொன் முடியார்
திணை: நொச்சி துறை: குதிரை மறம்",source_note,markdown:source-note,,,,,high,machine_checked,corpus/purananuru/poems/299.md,1f6cb9c8ea530c78cac60465e228e6963b39a633a8b4520fe4b76fbe63ba6e0a
asrt.33670137bcbbebd8efaf6cda,purananuru,299,TEXTUAL_CONDITION,SOURCE_EXPLICIT,HAS_TEXTUAL_STATUS,complete,textual_status,yaml:textual_status,,,,,high,machine_checked,corpus/purananuru/poems/299.md,1f6cb9c8ea530c78cac60465e228e6963b39a633a8b4520fe4b76fbe63ba6e0a
asrt.548fa039341525fb64114dab,purananuru,299,POLITICAL_RELATION,SOURCE_EXPLICIT,MENTIONS_CANDIDATE,மன்னன்,canonical_body,markdown:canonical-body,1,1,22,28,medium,human_review_required,corpus/purananuru/poems/299.md,1f6cb9c8ea530c78cac60465e228e6963b39a633a8b4520fe4b76fbe63ba6e0a
asrt.15282a7dd2b0d6774d3c7070,purananuru,300,POET_ATTRIBUTION,SOURCE_EXPLICIT,ATTRIBUTED_TO,அரிசில் கிழார்,poet_as_printed,yaml:poet_as_printed,,,,,high,machine_checked,corpus/purananuru/poems/300.md,aa29a69bdae30e2620abab7d200ee5cd31b609b7774b44d467369e7c4f1ebaa5
asrt.f151688e20d0699fe3055216,purananuru,300,TINI_VALUE,SOURCE_EXPLICIT,ASSOCIATED_WITH_TINAI,தும்பை துறை: தானைமறம்,thinai_as_printed,yaml:thinai_as_printed,,,,,high,machine_checked,corpus/purananuru/poems/300.md,aa29a69bdae30e2620abab7d200ee5cd31b609b7774b44d467369e7c4f1ebaa5
asrt.5bd23c363ec043766cb8d632,purananuru,300,TURAI_VALUE,SOURCE_EXPLICIT,ASSOCIATED_WITH_TURAI,தானைமறம்,thurai,yaml:thurai,,,,,high,machine_checked,corpus/purananuru/poems/300.md,aa29a69bdae30e2620abab7d200ee5cd31b609b7774b44d467369e7c4f1ebaa5
asrt.db8a62e20e18c86872e9937d,purananuru,300,SOURCE_CONTEXT_NOTE,SOURCE_EXPLICIT,HAS_PRINTED_TITLE,எல்லை எறிந்தோன் தம்பி!,title_as_printed,yaml:title_as_printed,,,,,high,machine_checked,corpus/purananuru/poems/300.md,aa29a69bdae30e2620abab7d200ee5cd31b609b7774b44d467369e7c4f1ebaa5
asrt.06ea054fc42f210d5f6e0ccf,purananuru,300,SOURCE_CONTEXT_NOTE,SOURCE_EXPLICIT,HAS_PRINTED_SOURCE_NOTE,"பாடியவர்: அரிசில் கிழார்
திணை: தும்பை துறை: தானைமறம்",source_note,markdown:source-note,,,,,high,machine_checked,corpus/purananuru/poems/300.md,aa29a69bdae30e2620abab7d200ee5cd31b609b7774b44d467369e7c4f1ebaa5
asrt.dd3137af1a639f53fcf3e031,purananuru,300,TEXTUAL_CONDITION,SOURCE_EXPLICIT,HAS_TEXTUAL_STATUS,complete,textual_status,yaml:textual_status,,,,,high,machine_checked,corpus/purananuru/poems/300.md,aa29a69bdae30e2620abab7d200ee5cd31b609b7774b44d467369e7c4f1ebaa5
asrt.c0f5fd23ac989702d172e779,purananuru,301,POET_ATTRIBUTION,SOURCE_EXPLICIT,ATTRIBUTED_TO,ஆவூர் மூலங்கிழார்,poet_as_printed,yaml:poet_as_printed,,,,,high,machine_checked,corpus/purananuru/poems/301.md,c273996e38571bc1696a72e1ba4692b08ca9dcf5a97cb539a04163a03eb3e943
asrt.dfb3fcdacf5d68b9641fab6f,purananuru,301,TINI_VALUE,SOURCE_EXPLICIT,ASSOCIATED_WITH_TINAI,தும்பை துறை : தானை மறம்,thinai_as_printed,yaml:thinai_as_printed,,,,,high,machine_checked,corpus/purananuru/poems/301.md,c273996e38571bc1696a72e1ba4692b08ca9dcf5a97cb539a04163a03eb3e943
asrt.b31c61a4f5c883529cd7ef83,purananuru,301,TURAI_VALUE,SOURCE_EXPLICIT,ASSOCIATED_WITH_TURAI,தானை மறம்,thurai,yaml:thurai,,,,,high,machine_checked,corpus/purananuru/poems/301.md,c273996e38571bc1696a72e1ba4692b08ca9dcf5a97cb539a04163a03eb3e943
asrt.1947028b7ff3b376fe5fb81f,purananuru,301,SOURCE_CONTEXT_NOTE,SOURCE_EXPLICIT,HAS_PRINTED_TITLE,அறிந்தோர் யார்?,title_as_printed,yaml:title_as_printed,,,,,high,machine_checked,corpus/purananuru/poems/301.md,c273996e38571bc1696a72e1ba4692b08ca9dcf5a97cb539a04163a03eb3e943
asrt.6c0641be938c8379093d9679,purananuru,301,SOURCE_CONTEXT_NOTE,SOURCE_EXPLICIT,HAS_PRINTED_SOURCE_NOTE,"பாடியவர்: ஆவூர் மூலங்கிழார்
திணை: தும்பை துறை : தானை மறம்",source_note,markdown:source-note,,,,,high,machine_checked,corpus/purananuru/poems/301.md,c273996e38571bc1696a72e1ba4692b08ca9dcf5a97cb539a04163a03eb3e943
asrt.0d662cbe681c924d4b965696,purananuru,301,TEXTUAL_CONDITION,SOURCE_EXPLICIT,HAS_TEXTUAL_STATUS,complete,textual_status,yaml:textual_status,,,,,high,machine_checked,corpus/purananuru/poems/301.md,c273996e38571bc1696a72e1ba4692b08ca9dcf5a97cb539a04163a03eb3e943
asrt.a32031ba1ef48cba675286eb,purananuru,302,POET_ATTRIBUTION,SOURCE_EXPLICIT,ATTRIBUTED_TO,வெறிபாடிய காமக் கண்ணியார் (காமக் கணியார் எனவும் பாடம்),poet_as_printed,yaml:poet_as_printed,,,,,high,machine_checked,corpus/purananuru/poems/302.md,bafa7ddb4f09ba017d905ccbab233fc32fc9eb92df8369d55f19ac3d01b26518
asrt.e97c597d15030584f9b68c5b,purananuru,302,TINI_VALUE,SOURCE_EXPLICIT,ASSOCIATED_WITH_TINAI,தும்பை துறை : குதிரை மறம்,thinai_as_printed,yaml:thinai_as_printed,,,,,high,machine_checked,corpus/purananuru/poems/302.md,bafa7ddb4f09ba017d905ccbab233fc32fc9eb92df8369d55f19ac3d01b26518
asrt.b3d30c9cd17375bcd1297023,purananuru,302,TURAI_VALUE,SOURCE_EXPLICIT,ASSOCIATED_WITH_TURAI,குதிரை மறம்,thurai,yaml:thurai,,,,,high,machine_checked,corpus/purananuru/poems/302.md,bafa7ddb4f09ba017d905ccbab233fc32fc9eb92df8369d55f19ac3d01b26518
asrt.11c33e678b5afb011274298b,purananuru,302,SOURCE_CONTEXT_NOTE,SOURCE_EXPLICIT,HAS_PRINTED_SOURCE_NOTE,"பாடியவர்: வெறிபாடிய காமக் கண்ணியார் (காமக் கணியார் எனவும் பாடம்).
திணை: தும்பை துறை : குதிரை மறம்",source_note,markdown:source-note,,,,,high,machine_checked,corpus/purananuru/poems/302.md,bafa7ddb4f09ba017d905ccbab233fc32fc9eb92df8369d55f19ac3d01b26518
asrt.7504cc042fe99ea6c45f443e,purananuru,302,SOURCE_CONTEXT_NOTE,SOURCE_EXPLICIT,HAS_PRINTED_TITLE,வேலின் அட்ட களிறு?,title_as_printed,yaml:title_as_printed,,,,,high,machine_checked,corpus/purananuru/poems/302.md,bafa7ddb4f09ba017d905ccbab233fc32fc9eb92df8369d55f19ac3d01b26518
asrt.50af959533ee659870d70317,purananuru,302,TEXTUAL_CONDITION,SOURCE_EXPLICIT,HAS_TEXTUAL_STATUS,complete,textual_status,yaml:textual_status,,,,,high,machine_checked,corpus/purananuru/poems/302.md,bafa7ddb4f09ba017d905ccbab233fc32fc9eb92df8369d55f19ac3d01b26518
asrt.2cc64842edb94a9f2ba42731,purananuru,302,FAUNA_MENTION,SOURCE_EXPLICIT,MENTIONS_CANDIDATE,களிறு,canonical_body,markdown:canonical-body,9,9,12,17,medium,human_review_required,corpus/purananuru/poems/302.md,bafa7ddb4f09ba017d905ccbab233fc32fc9eb92df8369d55f19ac3d01b26518
asrt.07c91249bbf8884be86fa2c4,purananuru,303,POET_ATTRIBUTION,SOURCE_EXPLICIT,ATTRIBUTED_TO,எருமை வெளியனார்,poet_as_printed,yaml:poet_as_printed,,,,,high,machine_checked,corpus/purananuru/poems/303.md,a00d2e2f51aed4bcd2de92e2e7e70e447740711c83e92b51300a5fd2d222d3b7
asrt.a4868056b9b977413b200033,purananuru,303,TINI_VALUE,SOURCE_EXPLICIT,ASSOCIATED_WITH_TINAI,தும்பை துறை : குதிரை மறம்,thinai_as_printed,yaml:thinai_as_printed,,,,,high,machine_checked,corpus/purananuru/poems/303.md,a00d2e2f51aed4bcd2de92e2e7e70e447740711c83e92b51300a5fd2d222d3b7
asrt.3b9b015add850cf92b45da17,purananuru,303,TURAI_VALUE,SOURCE_EXPLICIT,ASSOCIATED_WITH_TURAI,குதிரை மறம்,thurai,yaml:thurai,,,,,high,machine_checked,corpus/purananuru/poems/303.md,a00d2e2f51aed4bcd2de92e2e7e70e447740711c83e92b51300a5fd2d222d3b7
asrt.e2f9da992aadd87a876232e3,purananuru,303,SOURCE_CONTEXT_NOTE,SOURCE_EXPLICIT,HAS_PRINTED_SOURCE_NOTE,"பாடியவர்: எருமை வெளியனார்
திணை: தும்பை துறை : குதிரை மறம்",source_note,markdown:source-note,,,,,high,machine_checked,corpus/purananuru/poems/303.md,a00d2e2f51aed4bcd2de92e2e7e70e447740711c83e92b51300a5fd2d222d3b7
asrt.6802c0a5a81f656de6a881cb,purananuru,303,SOURCE_CONTEXT_NOTE,SOURCE_EXPLICIT,HAS_PRINTED_TITLE,மடப்பிடி புலம்ப எறிந்தான்!,title_as_printed,yaml:title_as_printed,,,,,high,machine_checked,corpus/purananuru/poems/303.md,a00d2e2f51aed4bcd2de92e2e7e70e447740711c83e92b51300a5fd2d222d3b7
asrt.f85e6cbdcfcf1880cff97199,purananuru,303,TEXTUAL_CONDITION,SOURCE_EXPLICIT,HAS_TEXTUAL_STATUS,complete,textual_status,yaml:textual_status,,,,,high,machine_checked,corpus/purananuru/poems/303.md,a00d2e2f51aed4bcd2de92e2e7e70e447740711c83e92b51300a5fd2d222d3b7
asrt.89a0462353aa885d253c38a1,purananuru,303,FAUNA_MENTION,SOURCE_EXPLICIT,MENTIONS_CANDIDATE,யானை,canonical_body,markdown:canonical-body,9,9,15,19,medium,human_review_required,corpus/purananuru/poems/303.md,a00d2e2f51aed4bcd2de92e2e7e70e447740711c83e92b51300a5fd2d222d3b7
asrt.79cb7a28aac71bdf2673a84d,purananuru,304,POET_ATTRIBUTION,SOURCE_EXPLICIT,ATTRIBUTED_TO,அரிசில்கிழார்,poet_as_printed,yaml:poet_as_printed,,,,,high,machine_checked,corpus/purananuru/poems/304.md,61ce9368b15b98f3ddf09c33f8830c8c5b0a6df11dbc38e3dfc71db0ccb053ba
asrt.b37faa3d946b0cba0bf5c26e,purananuru,304,TINI_VALUE,SOURCE_EXPLICIT,ASSOCIATED_WITH_TINAI,தும்பை துறை : குதிரை மறம்,thinai_as_printed,yaml:thinai_as_printed,,,,,high,machine_checked,corpus/purananuru/poems/304.md,61ce9368b15b98f3ddf09c33f8830c8c5b0a6df11dbc38e3dfc71db0ccb053ba
asrt.7dab39a681e30f3fb58b256b,purananuru,304,TURAI_VALUE,SOURCE_EXPLICIT,ASSOCIATED_WITH_TURAI,குதிரை மறம்,thurai,yaml:thurai,,,,,high,machine_checked,corpus/purananuru/poems/304.md,61ce9368b15b98f3ddf09c33f8830c8c5b0a6df11dbc38e3dfc71db0ccb053ba
asrt.18d840deadfb6bb7946b382b,purananuru,304,SOURCE_CONTEXT_NOTE,SOURCE_EXPLICIT,HAS_PRINTED_TITLE,எம்முன் தப்பியோன்!,title_as_printed,yaml:title_as_printed,,,,,high,machine_checked,corpus/purananuru/poems/304.md,61ce9368b15b98f3ddf09c33f8830c8c5b0a6df11dbc38e3dfc71db0ccb053ba
asrt.58524ade6b18bd812cad29b7,purananuru,304,SOURCE_CONTEXT_NOTE,SOURCE_EXPLICIT,HAS_PRINTED_SOURCE_NOTE,"பாடியவர்: அரிசில்கிழார்
திணை: தும்பை துறை : குதிரை மறம்",source_note,markdown:source-note,,,,,high,machine_checked,corpus/purananuru/poems/304.md,61ce9368b15b98f3ddf09c33f8830c8c5b0a6df11dbc38e3dfc71db0ccb053ba
asrt.31ae4387264c8bbb4c51ccbc,purananuru,304,TEXTUAL_CONDITION,SOURCE_EXPLICIT,HAS_TEXTUAL_STATUS,complete,textual_status,yaml:textual_status,,,,,high,machine_checked,corpus/purananuru/poems/304.md,61ce9368b15b98f3ddf09c33f8830c8c5b0a6df11dbc38e3dfc71db0ccb053ba
asrt.7490869b403d4f0d4d55cb67,purananuru,304,POLITICAL_RELATION,SOURCE_EXPLICIT,MENTIONS_CANDIDATE,வேந்தன்,canonical_body,markdown:canonical-body,9,9,25,32,medium,human_review_required,corpus/purananuru/poems/304.md,61ce9368b15b98f3ddf09c33f8830c8c5b0a6df11dbc38e3dfc71db0ccb053ba
asrt.bde0bb3ac7749292a7fef509,purananuru,305,POET_ATTRIBUTION,SOURCE_EXPLICIT,ATTRIBUTED_TO,மதுரை வேளாசான்,poet_as_printed,yaml:poet_as_printed,,,,,high,machine_checked,corpus/purananuru/poems/305.md,c233cdd8bc5f3dabb44edde51f1ecffc16a493683ac68461da2128f1b64d3e69
asrt.c91f0bb40d6abfd6bb9d0b8a,purananuru,305,TINI_VALUE,SOURCE_EXPLICIT,ASSOCIATED_WITH_TINAI,வாகை துறை : பார்ப்பன வாகை,thinai_as_printed,yaml:thinai_as_printed,,,,,high,machine_checked,corpus/purananuru/poems/305.md,c233cdd8bc5f3dabb44edde51f1ecffc16a493683ac68461da2128f1b64d3e69
asrt.29d9de45cbb9ccc1334fe66f,purananuru,305,TURAI_VALUE,SOURCE_EXPLICIT,ASSOCIATED_WITH_TURAI,பார்ப்பன வாகை,thurai,yaml:thurai,,,,,high,machine_checked,corpus/purananuru/poems/305.md,c233cdd8bc5f3dabb44edde51f1ecffc16a493683ac68461da2128f1b64d3e69
asrt.e6fb4d50227fbf5f3c6501e2,purananuru,305,SOURCE_CONTEXT_NOTE,SOURCE_EXPLICIT,HAS_PRINTED_TITLE,சொல்லோ சிலவே!,title_as_printed,yaml:title_as_printed,,,,,high,machine_checked,corpus/purananuru/poems/305.md,c233cdd8bc5f3dabb44edde51f1ecffc16a493683ac68461da2128f1b64d3e69
asrt.39b5c0e1e0acfc23b2e7b366,purananuru,305,SOURCE_CONTEXT_NOTE,SOURCE_EXPLICIT,HAS_PRINTED_SOURCE_NOTE,"பாடியவர்: மதுரை வேளாசான்
திணை: வாகை துறை : பார்ப்பன வாகை",source_note,markdown:source-note,,,,,high,machine_checked,corpus/purananuru/poems/305.md,c233cdd8bc5f3dabb44edde51f1ecffc16a493683ac68461da2128f1b64d3e69
asrt.b270028434feaea649d0f5f5,purananuru,305,TEXTUAL_CONDITION,SOURCE_EXPLICIT,HAS_TEXTUAL_STATUS,complete,textual_status,yaml:textual_status,,,,,high,machine_checked,corpus/purananuru/poems/305.md,c233cdd8bc5f3dabb44edde51f1ecffc16a493683ac68461da2128f1b64d3e69
asrt.3bc0e9c8424ff1c0ddd46993,purananuru,306,POET_ATTRIBUTION,SOURCE_EXPLICIT,ATTRIBUTED_TO,அள்ளூர் நன் முல்லையார்,poet_as_printed,yaml:poet_as_printed,,,,,high,machine_checked,corpus/purananuru/poems/306.md,58e08e4dcac57565c409ff9553f587bfa973babea623496ab125b3ae8b6aea45
asrt.bf641801c06a91401fc3b886,purananuru,306,TINI_VALUE,SOURCE_EXPLICIT,ASSOCIATED_WITH_TINAI,வாகை துறை : மூதின் முல்லை,thinai_as_printed,yaml:thinai_as_printed,,,,,high,machine_checked,corpus/purananuru/poems/306.md,58e08e4dcac57565c409ff9553f587bfa973babea623496ab125b3ae8b6aea45
asrt.fc5ac6be647b598f421f1f67,purananuru,306,TURAI_VALUE,SOURCE_EXPLICIT,ASSOCIATED_WITH_TURAI,மூதின் முல்லை,thurai,yaml:thurai,,,,,high,machine_checked,corpus/purananuru/poems/306.md,58e08e4dcac57565c409ff9553f587bfa973babea623496ab125b3ae8b6aea45
asrt.7bb0e5ac9537e89b91f7ad46,purananuru,306,SOURCE_CONTEXT_NOTE,SOURCE_EXPLICIT,HAS_PRINTED_TITLE,ஒண்ணுதல் அரிவை!,title_as_printed,yaml:title_as_printed,,,,,high,machine_checked,corpus/purananuru/poems/306.md,58e08e4dcac57565c409ff9553f587bfa973babea623496ab125b3ae8b6aea45
asrt.a96a96a741b076e3d35f1223,purananuru,306,SOURCE_CONTEXT_NOTE,SOURCE_EXPLICIT,HAS_PRINTED_SOURCE_NOTE,"பாடியவர்: அள்ளூர் நன் முல்லையார்
திணை: வாகை துறை : மூதின் முல்லை",source_note,markdown:source-note,,,,,high,machine_checked,corpus/purananuru/poems/306.md,58e08e4dcac57565c409ff9553f587bfa973babea623496ab125b3ae8b6aea45
asrt.72d9e0fe588a817a0b609ede,purananuru,306,TEXTUAL_CONDITION,SOURCE_EXPLICIT,HAS_TEXTUAL_STATUS,incomplete,textual_status,yaml:textual_status,,,,,high,machine_checked,corpus/purananuru/poems/306.md,58e08e4dcac57565c409ff9553f587bfa973babea623496ab125b3ae8b6aea45
asrt.367be01310903d00eb3da1b6,purananuru,306,SOCIAL_PRACTICE,SOURCE_EXPLICIT,MENTIONS_CANDIDATE,நடுகல்,canonical_body,markdown:canonical-body,4,4,0,6,medium,human_review_required,corpus/purananuru/poems/306.md,58e08e4dcac57565c409ff9553f587bfa973babea623496ab125b3ae8b6aea45
asrt.46ba33866e66261f39c32af8,purananuru,307,POET_ATTRIBUTION,SOURCE_EXPLICIT,ATTRIBUTED_TO,பெயர் புலனாகவில்லை,poet_as_printed,yaml:poet_as_printed,,,,,high,machine_checked,corpus/purananuru/poems/307.md,3702bb803c62f64b7020fce2dd8217213ea4fd8323b163f1be3c4d7d5903fd7f
asrt.1c669d96cb309d4b495afb5f,purananuru,307,TINI_VALUE,SOURCE_EXPLICIT,ASSOCIATED_WITH_TINAI,தும்பை துறை : களிற்றுடனிலை,thinai_as_printed,yaml:thinai_as_printed,,,,,high,machine_checked,corpus/purananuru/poems/307.md,3702bb803c62f64b7020fce2dd8217213ea4fd8323b163f1be3c4d7d5903fd7f
asrt.5c2639e2db87db9306ce1151,purananuru,307,TURAI_VALUE,SOURCE_EXPLICIT,ASSOCIATED_WITH_TURAI,களிற்றுடனிலை,thurai,yaml:thurai,,,,,high,machine_checked,corpus/purananuru/poems/307.md,3702bb803c62f64b7020fce2dd8217213ea4fd8323b163f1be3c4d7d5903fd7f
asrt.28a6367f12b2404ad8a735ff,purananuru,307,SOURCE_CONTEXT_NOTE,SOURCE_EXPLICIT,HAS_PRINTED_SOURCE_NOTE,"பாடியவர்: பெயர் புலனாகவில்லை
திணை: தும்பை துறை : களிற்றுடனிலை",source_note,markdown:source-note,,,,,high,machine_checked,corpus/purananuru/poems/307.md,3702bb803c62f64b7020fce2dd8217213ea4fd8323b163f1be3c4d7d5903fd7f
asrt.45f3d455e0586da905e3e20f,purananuru,307,SOURCE_CONTEXT_NOTE,SOURCE_EXPLICIT,HAS_PRINTED_TITLE,யாண்டுளன் கொல்லோ!,title_as_printed,yaml:title_as_printed,,,,,high,machine_checked,corpus/purananuru/poems/307.md,3702bb803c62f64b7020fce2dd8217213ea4fd8323b163f1be3c4d7d5903fd7f
asrt.bc925e9691b12cf5581b87a6,purananuru,307,TEXTUAL_CONDITION,SOURCE_EXPLICIT,HAS_TEXTUAL_STATUS,complete,textual_status,yaml:textual_status,,,,,high,machine_checked,corpus/purananuru/poems/307.md,3702bb803c62f64b7020fce2dd8217213ea4fd8323b163f1be3c4d7d5903fd7f
asrt.ea3b4958249829f984be987d,purananuru,307,FAUNA_MENTION,SOURCE_EXPLICIT,MENTIONS_CANDIDATE,யானை,canonical_body,markdown:canonical-body,11,11,8,12,medium,human_review_required,corpus/purananuru/poems/307.md,3702bb803c62f64b7020fce2dd8217213ea4fd8323b163f1be3c4d7d5903fd7f
asrt.e9215b654b317ed7b9b931f9,purananuru,307,ECONOMIC_ACTIVITY,SOURCE_EXPLICIT,MENTIONS_CANDIDATE,வரி,canonical_body,markdown:canonical-body,4,4,6,9,medium,human_review_required,corpus/purananuru/poems/307.md,3702bb803c62f64b7020fce2dd8217213ea4fd8323b163f1be3c4d7d5903fd7f
asrt.ea87403dc9a81cbe633b32b1,purananuru,308,POET_ATTRIBUTION,SOURCE_EXPLICIT,ATTRIBUTED_TO,கோவூர் கிழார்,poet_as_printed,yaml:poet_as_printed,,,,,high,machine_checked,corpus/purananuru/poems/308.md,cecb252e83beec6b539e63f41c77082f37abb0a2501132c2ea0de66e92675caa
asrt.2bdd1d7cf0d05fdbb34c89dd,purananuru,308,TINI_VALUE,SOURCE_EXPLICIT,ASSOCIATED_WITH_TINAI,வாகை துறை : மூதின் முல்லை,thinai_as_printed,yaml:thinai_as_printed,,,,,high,machine_checked,corpus/purananuru/poems/308.md,cecb252e83beec6b539e63f41c77082f37abb0a2501132c2ea0de66e92675caa
asrt.d924d6e7016bfbb7b99d5735,purananuru,308,TURAI_VALUE,SOURCE_EXPLICIT,ASSOCIATED_WITH_TURAI,மூதின் முல்லை,thurai,yaml:thurai,,,,,high,machine_checked,corpus/purananuru/poems/308.md,cecb252e83beec6b539e63f41c77082f37abb0a2501132c2ea0de66e92675caa
asrt.b7cd6f61b315742ff9043183,purananuru,308,SOURCE_CONTEXT_NOTE,SOURCE_EXPLICIT,HAS_PRINTED_TITLE,நாணின மடப்பிடி!,title_as_printed,yaml:title_as_printed,,,,,high,machine_checked,corpus/purananuru/poems/308.md,cecb252e83beec6b539e63f41c77082f37abb0a2501132c2ea0de66e92675caa
asrt.79586eab6307cbc451a89b92,purananuru,308,SOURCE_CONTEXT_NOTE,SOURCE_EXPLICIT,HAS_PRINTED_SOURCE_NOTE,"பாடியவர்: கோவூர் கிழார்
திணை: வாகை துறை : மூதின் முல்லை",source_note,markdown:source-note,,,,,high,machine_checked,corpus/purananuru/poems/308.md,cecb252e83beec6b539e63f41c77082f37abb0a2501132c2ea0de66e92675caa
asrt.c1a073e646dd8ce25888fa6e,purananuru,308,TEXTUAL_CONDITION,SOURCE_EXPLICIT,HAS_TEXTUAL_STATUS,complete,textual_status,yaml:textual_status,,,,,high,machine_checked,corpus/purananuru/poems/308.md,cecb252e83beec6b539e63f41c77082f37abb0a2501132c2ea0de66e92675caa
asrt.53cc2c1045a6ef322cfde1e6,purananuru,308,FAUNA_MENTION,SOURCE_EXPLICIT,MENTIONS_CANDIDATE,யானை,canonical_body,markdown:canonical-body,5,5,10,14,medium,human_review_required,corpus/purananuru/poems/308.md,cecb252e83beec6b539e63f41c77082f37abb0a2501132c2ea0de66e92675caa
asrt.409b45bf84763da99555b7da,purananuru,308,POLITICAL_RELATION,SOURCE_EXPLICIT,MENTIONS_CANDIDATE,மன்னன்,canonical_body,markdown:canonical-body,4,4,7,13,medium,human_review_required,corpus/purananuru/poems/308.md,cecb252e83beec6b539e63f41c77082f37abb0a2501132c2ea0de66e92675caa
asrt.9e59baefdb70348e6fec5598,purananuru,309,POET_ATTRIBUTION,SOURCE_EXPLICIT,ATTRIBUTED_TO,மதுரை இளங்கண்ணிக் கௌசிகனார்,poet_as_printed,yaml:poet_as_printed,,,,,high,machine_checked,corpus/purananuru/poems/309.md,e34b40dd6a10cb553999f50d24fdafde375abb480e5cea362edb5e1ce095fa9b
asrt.5a3ef1e709d668d8b5ddbd62,purananuru,309,TINI_VALUE,SOURCE_EXPLICIT,ASSOCIATED_WITH_TINAI,தும்பை துறை : நூழிலாட்டு,thinai_as_printed,yaml:thinai_as_printed,,,,,high,machine_checked,corpus/purananuru/poems/309.md,e34b40dd6a10cb553999f50d24fdafde375abb480e5cea362edb5e1ce095fa9b
asrt.c6d9f1ed02abb07ef85fceb9,purananuru,309,TURAI_VALUE,SOURCE_EXPLICIT,ASSOCIATED_WITH_TURAI,நூழிலாட்டு,thurai,yaml:thurai,,,,,high,machine_checked,corpus/purananuru/poems/309.md,e34b40dd6a10cb553999f50d24fdafde375abb480e5cea362edb5e1ce095fa9b
asrt.d112a18312c4d977cf423ec5,purananuru,309,SOURCE_CONTEXT_NOTE,SOURCE_EXPLICIT,HAS_PRINTED_TITLE,என்னைகண் அதுவே!,title_as_printed,yaml:title_as_printed,,,,,high,machine_checked,corpus/purananuru/poems/309.md,e34b40dd6a10cb553999f50d24fdafde375abb480e5cea362edb5e1ce095fa9b
asrt.03e5a96ab1b217402f1af328,purananuru,309,SOURCE_CONTEXT_NOTE,SOURCE_EXPLICIT,HAS_PRINTED_SOURCE_NOTE,"பாடியவர்: மதுரை இளங்கண்ணிக் கௌசிகனார்
திணை: தும்பை துறை : நூழிலாட்டு",source_note,markdown:source-note,,,,,high,machine_checked,corpus/purananuru/poems/309.md,e34b40dd6a10cb553999f50d24fdafde375abb480e5cea362edb5e1ce095fa9b
asrt.21f67da6eefa9ee40bfa28a5,purananuru,309,TEXTUAL_CONDITION,SOURCE_EXPLICIT,HAS_TEXTUAL_STATUS,complete,textual_status,yaml:textual_status,,,,,high,machine_checked,corpus/purananuru/poems/309.md,e34b40dd6a10cb553999f50d24fdafde375abb480e5cea362edb5e1ce095fa9b
asrt.345dea2e4a07ec6fee43a6e5,purananuru,310,POET_ATTRIBUTION,SOURCE_EXPLICIT,ATTRIBUTED_TO,பொன்முடியார்,poet_as_printed,yaml:poet_as_printed,,,,,high,machine_checked,corpus/purananuru/poems/310.md,5dcb1c54ac1324f18f3202128dd226b01cc00790bd4a47239a95adc0427c4340
asrt.21e8eadd70532adaef5e2a49,purananuru,310,TINI_VALUE,SOURCE_EXPLICIT,ASSOCIATED_WITH_TINAI,தும்பை துறை : நூழிலாட்டு,thinai_as_printed,yaml:thinai_as_printed,,,,,high,machine_checked,corpus/purananuru/poems/310.md,5dcb1c54ac1324f18f3202128dd226b01cc00790bd4a47239a95adc0427c4340
asrt.2b5184dcc5432853e9357d2a,purananuru,310,TURAI_VALUE,SOURCE_EXPLICIT,ASSOCIATED_WITH_TURAI,நூழிலாட்டு,thurai,yaml:thurai,,,,,high,machine_checked,corpus/purananuru/poems/310.md,5dcb1c54ac1324f18f3202128dd226b01cc00790bd4a47239a95adc0427c4340
asrt.edd6d75aae19359856f26e04,purananuru,310,SOURCE_CONTEXT_NOTE,SOURCE_EXPLICIT,HAS_PRINTED_TITLE,உரவோர் மகனே!,title_as_printed,yaml:title_as_printed,,,,,high,machine_checked,corpus/purananuru/poems/310.md,5dcb1c54ac1324f18f3202128dd226b01cc00790bd4a47239a95adc0427c4340
asrt.41cd0f1039e8c15c267fb3e1,purananuru,310,SOURCE_CONTEXT_NOTE,SOURCE_EXPLICIT,HAS_PRINTED_SOURCE_NOTE,"பாடியவர்: பொன்முடியார்
திணை: தும்பை துறை : நூழிலாட்டு",source_note,markdown:source-note,,,,,high,machine_checked,corpus/purananuru/poems/310.md,5dcb1c54ac1324f18f3202128dd226b01cc00790bd4a47239a95adc0427c4340
asrt.2c519fdba08ea957dc6d2694,purananuru,310,TEXTUAL_CONDITION,SOURCE_EXPLICIT,HAS_TEXTUAL_STATUS,complete,textual_status,yaml:textual_status,,,,,high,machine_checked,corpus/purananuru/poems/310.md,5dcb1c54ac1324f18f3202128dd226b01cc00790bd4a47239a95adc0427c4340
asrt.9e2004a3b799f2be166c2887,purananuru,311,POET_ATTRIBUTION,SOURCE_EXPLICIT,ATTRIBUTED_TO,ஔவையார்,poet_as_printed,yaml:poet_as_printed,,,,,high,machine_checked,corpus/purananuru/poems/311.md,3ba1650f943ec3b8f6f08405da8a250338668fc9fafad9de4332a14c5403603f
asrt.4059e9d9cdc97b705117625f,purananuru,311,TINI_VALUE,SOURCE_EXPLICIT,ASSOCIATED_WITH_TINAI,தும்பை துறை : பாண் பாட்டு,thinai_as_printed,yaml:thinai_as_printed,,,,,high,machine_checked,corpus/purananuru/poems/311.md,3ba1650f943ec3b8f6f08405da8a250338668fc9fafad9de4332a14c5403603f
asrt.874118f9123ed16a04a8c96c,purananuru,311,TURAI_VALUE,SOURCE_EXPLICIT,ASSOCIATED_WITH_TURAI,பாண் பாட்டு,thurai,yaml:thurai,,,,,high,machine_checked,corpus/purananuru/poems/311.md,3ba1650f943ec3b8f6f08405da8a250338668fc9fafad9de4332a14c5403603f
asrt.57e54b718cb0541d44f0cf2a,purananuru,311,SOURCE_CONTEXT_NOTE,SOURCE_EXPLICIT,HAS_PRINTED_TITLE,சால்பு உடையோனே!,title_as_printed,yaml:title_as_printed,,,,,high,machine_checked,corpus/purananuru/poems/311.md,3ba1650f943ec3b8f6f08405da8a250338668fc9fafad9de4332a14c5403603f
asrt.2729ac179521dafd24f12c7f,purananuru,311,SOURCE_CONTEXT_NOTE,SOURCE_EXPLICIT,HAS_PRINTED_SOURCE_NOTE,"பாடியவர்: ஔவையார்
திணை: தும்பை துறை : பாண் பாட்டு",source_note,markdown:source-note,,,,,high,machine_checked,corpus/purananuru/poems/311.md,3ba1650f943ec3b8f6f08405da8a250338668fc9fafad9de4332a14c5403603f
asrt.da129c2babf6310bb5f456d0,purananuru,311,TEXTUAL_CONDITION,SOURCE_EXPLICIT,HAS_TEXTUAL_STATUS,complete,textual_status,yaml:textual_status,,,,,high,machine_checked,corpus/purananuru/poems/311.md,3ba1650f943ec3b8f6f08405da8a250338668fc9fafad9de4332a14c5403603f
asrt.e1df63d5ccbab88b36f0d6eb,purananuru,312,SOURCE_CONTEXT_NOTE,SOURCE_EXPLICIT,HAS_PRINTED_TITLE,காளைக்குக் கடனே!,title_as_printed,yaml:title_as_printed,,,,,high,machine_checked,corpus/purananuru/poems/312.md,37e9877d83511e50f138dfd9e286e99c3bcc8224d3645316ba28baa3a17d5c28
asrt.79365148623daed84f5c0e46,purananuru,312,TEXTUAL_CONDITION,SOURCE_EXPLICIT,HAS_TEXTUAL_STATUS,complete,textual_status,yaml:textual_status,,,,,high,machine_checked,corpus/purananuru/poems/312.md,37e9877d83511e50f138dfd9e286e99c3bcc8224d3645316ba28baa3a17d5c28
asrt.0ccf6f2f6e75f418098d7c03,purananuru,313,POET_ATTRIBUTION,SOURCE_EXPLICIT,ATTRIBUTED_TO,மாங்குடி மருதனார்,poet_as_printed,yaml:poet_as_printed,,,,,high,machine_checked,corpus/purananuru/poems/313.md,7eacb9128aa245a669e73dea17c4782d61e16209c029b2e8429b7e985e515f4d
asrt.7d3fb596b07a299d65ec2099,purananuru,313,TINI_VALUE,SOURCE_EXPLICIT,ASSOCIATED_WITH_TINAI,வாகை துறை : வல்லான் முல்லை,thinai_as_printed,yaml:thinai_as_printed,,,,,high,machine_checked,corpus/purananuru/poems/313.md,7eacb9128aa245a669e73dea17c4782d61e16209c029b2e8429b7e985e515f4d
asrt.aceec9efa1e97541b24fb259,purananuru,313,TURAI_VALUE,SOURCE_EXPLICIT,ASSOCIATED_WITH_TURAI,வல்லான் முல்லை,thurai,yaml:thurai,,,,,high,machine_checked,corpus/purananuru/poems/313.md,7eacb9128aa245a669e73dea17c4782d61e16209c029b2e8429b7e985e515f4d
asrt.50b25e5be941d6045f178028,purananuru,313,SOURCE_CONTEXT_NOTE,SOURCE_EXPLICIT,HAS_PRINTED_SOURCE_NOTE,"பாடியவர்: மாங்குடி மருதனார்
திணை: வாகை துறை : வல்லான் முல்லை",source_note,markdown:source-note,,,,,high,machine_checked,corpus/purananuru/poems/313.md,7eacb9128aa245a669e73dea17c4782d61e16209c029b2e8429b7e985e515f4d
asrt.4e2021cbc65841ba3205d1cf,purananuru,313,SOURCE_CONTEXT_NOTE,SOURCE_EXPLICIT,HAS_PRINTED_TITLE,வேண்டினும் கடவன்!,title_as_printed,yaml:title_as_printed,,,,,high,machine_checked,corpus/purananuru/poems/313.md,7eacb9128aa245a669e73dea17c4782d61e16209c029b2e8429b7e985e515f4d
asrt.908ade9406a5bea0796d7fd8,purananuru,313,TEXTUAL_CONDITION,SOURCE_EXPLICIT,HAS_TEXTUAL_STATUS,complete,textual_status,yaml:textual_status,,,,,high,machine_checked,corpus/purananuru/poems/313.md,7eacb9128aa245a669e73dea17c4782d61e16209c029b2e8429b7e985e515f4d
asrt.c3478f2e0466fab9b9ce6052,purananuru,314,POET_ATTRIBUTION,SOURCE_EXPLICIT,ATTRIBUTED_TO,ஐயூர் முடவனார்,poet_as_printed,yaml:poet_as_printed,,,,,high,machine_checked,corpus/purananuru/poems/314.md,d99a9c16eee97782684eab48ef7cc00070d81250e54fe080e9ad66f977c31654
asrt.753a0bd6502ffcfbbe7fdd37,purananuru,314,TINI_VALUE,SOURCE_EXPLICIT,ASSOCIATED_WITH_TINAI,வாகை துறை : வல்லான் முல்லை,thinai_as_printed,yaml:thinai_as_printed,,,,,high,machine_checked,corpus/purananuru/poems/314.md,d99a9c16eee97782684eab48ef7cc00070d81250e54fe080e9ad66f977c31654
asrt.b4d3cf4e625f39226556026c,purananuru,314,TURAI_VALUE,SOURCE_EXPLICIT,ASSOCIATED_WITH_TURAI,வல்லான் முல்லை,thurai,yaml:thurai,,,,,high,machine_checked,corpus/purananuru/poems/314.md,d99a9c16eee97782684eab48ef7cc00070d81250e54fe080e9ad66f977c31654
asrt.6a86908b2f82e713350c66af,purananuru,314,SOURCE_CONTEXT_NOTE,SOURCE_EXPLICIT,HAS_PRINTED_SOURCE_NOTE,"பாடியவர்: ஐயூர் முடவனார்
திணை: வாகை துறை : வல்லான் முல்லை",source_note,markdown:source-note,,,,,high,machine_checked,corpus/purananuru/poems/314.md,d99a9c16eee97782684eab48ef7cc00070d81250e54fe080e9ad66f977c31654
asrt.574ccf95203ce420543ca211,purananuru,314,SOURCE_CONTEXT_NOTE,SOURCE_EXPLICIT,HAS_PRINTED_TITLE,மனைக்கு விளக்கு!,title_as_printed,yaml:title_as_printed,,,,,high,machine_checked,corpus/purananuru/poems/314.md,d99a9c16eee97782684eab48ef7cc00070d81250e54fe080e9ad66f977c31654
asrt.f254607167eff900e26bc914,purananuru,314,TEXTUAL_CONDITION,SOURCE_EXPLICIT,HAS_TEXTUAL_STATUS,complete,textual_status,yaml:textual_status,,,,,high,machine_checked,corpus/purananuru/poems/314.md,d99a9c16eee97782684eab48ef7cc00070d81250e54fe080e9ad66f977c31654
asrt.002061ad6c3609aab6e2ab93,purananuru,314,SOCIAL_PRACTICE,SOURCE_EXPLICIT,MENTIONS_CANDIDATE,நடுகல்,canonical_body,markdown:canonical-body,3,3,0,6,medium,human_review_required,corpus/purananuru/poems/314.md,d99a9c16eee97782684eab48ef7cc00070d81250e54fe080e9ad66f977c31654
asrt.1da135a628b6362f739938d4,purananuru,315,POET_ATTRIBUTION,SOURCE_EXPLICIT,ATTRIBUTED_TO,ஔவையார். பாடப்பட்டோன்: அதியமான் நெடுமான் அஞ்சி,poet_as_printed,yaml:poet_as_printed,,,,,high,machine_checked,corpus/purananuru/poems/315.md,4faf68996aa18e2c4416e82928f65427a9d44439d72e96f39552a94903b4ffab
asrt.c47a0cf514a3311cd0dcb9d2,purananuru,315,TINI_VALUE,SOURCE_EXPLICIT,ASSOCIATED_WITH_TINAI,வாகை,thinai_as_printed,yaml:thinai_as_printed,,,,,high,machine_checked,corpus/purananuru/poems/315.md,4faf68996aa18e2c4416e82928f65427a9d44439d72e96f39552a94903b4ffab
asrt.067ba050ad27369c70ae36b4,purananuru,315,TURAI_VALUE,SOURCE_EXPLICIT,ASSOCIATED_WITH_TURAI,வல்லான் முல்லை,thurai,yaml:thurai,,,,,high,machine_checked,corpus/purananuru/poems/315.md,4faf68996aa18e2c4416e82928f65427a9d44439d72e96f39552a94903b4ffab
asrt.4fba27ba8820ffa833a7208e,purananuru,315,SOURCE_CONTEXT_NOTE,SOURCE_EXPLICIT,HAS_PRINTED_TITLE,இல்லிறைச் செரீஇய ஞெலிகோல்!,title_as_printed,yaml:title_as_printed,,,,,high,machine_checked,corpus/purananuru/poems/315.md,4faf68996aa18e2c4416e82928f65427a9d44439d72e96f39552a94903b4ffab
asrt.07c622acb20029db700175c4,purananuru,315,SOURCE_CONTEXT_NOTE,SOURCE_EXPLICIT,HAS_PRINTED_SOURCE_NOTE,"பாடியவர்: ஔவையார். பாடப்பட்டோன்: அதியமான் நெடுமான் அஞ்சி.
திணை: வாகை. துறை : வல்லான் முல்லை.",source_note,markdown:source-note,,,,,high,machine_checked,corpus/purananuru/poems/315.md,4faf68996aa18e2c4416e82928f65427a9d44439d72e96f39552a94903b4ffab
asrt.0219dea213aec2fb0feaa7a2,purananuru,315,TEXTUAL_CONDITION,SOURCE_EXPLICIT,HAS_TEXTUAL_STATUS,complete,textual_status,yaml:textual_status,,,,,high,machine_checked,corpus/purananuru/poems/315.md,4faf68996aa18e2c4416e82928f65427a9d44439d72e96f39552a94903b4ffab
asrt.9e3b255b9d96904040e47080,purananuru,316,POET_ATTRIBUTION,SOURCE_EXPLICIT,ATTRIBUTED_TO,மதுரைக் கள்ளிற் கடையத்தன் வெண்ணாகனார்,poet_as_printed,yaml:poet_as_printed,,,,,high,machine_checked,corpus/purananuru/poems/316.md,41c611bbd819539d6f1d034bda0665f573cce7b4f7ead700d94eed7fff3394c7
asrt.d8406bd753232d7999399ce0,purananuru,316,TINI_VALUE,SOURCE_EXPLICIT,ASSOCIATED_WITH_TINAI,வாகை துறை : வல்லாண் முல்லை,thinai_as_printed,yaml:thinai_as_printed,,,,,high,machine_checked,corpus/purananuru/poems/316.md,41c611bbd819539d6f1d034bda0665f573cce7b4f7ead700d94eed7fff3394c7
asrt.57ea61accb7ee7dcecb6442a,purananuru,316,TURAI_VALUE,SOURCE_EXPLICIT,ASSOCIATED_WITH_TURAI,வல்லாண் முல்லை,thurai,yaml:thurai,,,,,high,machine_checked,corpus/purananuru/poems/316.md,41c611bbd819539d6f1d034bda0665f573cce7b4f7ead700d94eed7fff3394c7
asrt.a1777138cf9786d85e5400ce,purananuru,316,SOURCE_CONTEXT_NOTE,SOURCE_EXPLICIT,HAS_PRINTED_TITLE,சீறியாழ் பனையம்!,title_as_printed,yaml:title_as_printed,,,,,high,machine_checked,corpus/purananuru/poems/316.md,41c611bbd819539d6f1d034bda0665f573cce7b4f7ead700d94eed7fff3394c7
asrt.b425910c88ee2bf3fe251a9e,purananuru,316,SOURCE_CONTEXT_NOTE,SOURCE_EXPLICIT,HAS_PRINTED_SOURCE_NOTE,"பாடியவர்: மதுரைக் கள்ளிற் கடையத்தன் வெண்ணாகனார்
திணை: வாகை துறை : வல்லாண் முல்லை",source_note,markdown:source-note,,,,,high,machine_checked,corpus/purananuru/poems/316.md,41c611bbd819539d6f1d034bda0665f573cce7b4f7ead700d94eed7fff3394c7
asrt.299f977edfdb22b96a5a8ff2,purananuru,316,TEXTUAL_CONDITION,SOURCE_EXPLICIT,HAS_TEXTUAL_STATUS,complete,textual_status,yaml:textual_status,,,,,high,machine_checked,corpus/purananuru/poems/316.md,41c611bbd819539d6f1d034bda0665f573cce7b4f7ead700d94eed7fff3394c7
asrt.0d764dcf6ec9f95aa1de4acc,purananuru,316,RULER_MENTION,SOURCE_EXPLICIT,MENTIONS_CANDIDATE,இறைவன்,canonical_body,markdown:canonical-body,4,4,9,15,medium,human_review_required,corpus/purananuru/poems/316.md,41c611bbd819539d6f1d034bda0665f573cce7b4f7ead700d94eed7fff3394c7
asrt.cc75957ff8140693665d0d00,purananuru,316,COMMUNITY_MENTION,SOURCE_EXPLICIT,MENTIONS_CANDIDATE,பாணர்,canonical_body,markdown:canonical-body,4,4,26,31,medium,human_review_required,corpus/purananuru/poems/316.md,41c611bbd819539d6f1d034bda0665f573cce7b4f7ead700d94eed7fff3394c7
asrt.78d90fcd80189345f1e135cd,purananuru,316,FAUNA_MENTION,SOURCE_EXPLICIT,MENTIONS_CANDIDATE,யானை,canonical_body,markdown:canonical-body,12,12,8,12,medium,human_review_required,corpus/purananuru/poems/316.md,41c611bbd819539d6f1d034bda0665f573cce7b4f7ead700d94eed7fff3394c7
asrt.e3f650593b816f904194d319,purananuru,317,POET_ATTRIBUTION,SOURCE_EXPLICIT,ATTRIBUTED_TO,மவேம்ப்ற்றூர்க் குமரனார்,poet_as_printed,yaml:poet_as_printed,,,,,high,machine_checked,corpus/purananuru/poems/317.md,4a3c2686fceff196c57edbbdb6a4b685dbd3b5f420231b5a22f635c1505231c5
asrt.8552ec351272a950ceabace4,purananuru,317,TINI_VALUE,SOURCE_EXPLICIT,ASSOCIATED_WITH_TINAI,வாகை துறை : வல்லாண் முல்லை,thinai_as_printed,yaml:thinai_as_printed,,,,,high,machine_checked,corpus/purananuru/poems/317.md,4a3c2686fceff196c57edbbdb6a4b685dbd3b5f420231b5a22f635c1505231c5
asrt.9e5838056b9488905fffc714,purananuru,317,TURAI_VALUE,SOURCE_EXPLICIT,ASSOCIATED_WITH_TURAI,வல்லாண் முல்லை,thurai,yaml:thurai,,,,,high,machine_checked,corpus/purananuru/poems/317.md,4a3c2686fceff196c57edbbdb6a4b685dbd3b5f420231b5a22f635c1505231c5
asrt.a1288b6710e6ec93e2b31425,purananuru,317,SOURCE_CONTEXT_NOTE,SOURCE_EXPLICIT,HAS_PRINTED_SOURCE_NOTE,"பாடியவர்: மவேம்ப்ற்றூர்க் குமரனார்
திணை: வாகை துறை : வல்லாண் முல்லை",source_note,markdown:source-note,,,,,high,machine_checked,corpus/purananuru/poems/317.md,4a3c2686fceff196c57edbbdb6a4b685dbd3b5f420231b5a22f635c1505231c5
asrt.3131527d21a6b05f35c32f35,purananuru,317,SOURCE_CONTEXT_NOTE,SOURCE_EXPLICIT,HAS_PRINTED_TITLE,யாதுண்டாயினும் கொடுமின்!,title_as_printed,yaml:title_as_printed,,,,,high,machine_checked,corpus/purananuru/poems/317.md,4a3c2686fceff196c57edbbdb6a4b685dbd3b5f420231b5a22f635c1505231c5
asrt.590593bf3a0dd0cf0f23c028,purananuru,317,TEXTUAL_CONDITION,SOURCE_EXPLICIT,HAS_TEXTUAL_STATUS,incomplete,textual_status,yaml:textual_status,,,,,high,machine_checked,corpus/purananuru/poems/317.md,4a3c2686fceff196c57edbbdb6a4b685dbd3b5f420231b5a22f635c1505231c5
asrt.650d7342e18872aa679eb8c4,purananuru,318,POET_ATTRIBUTION,SOURCE_EXPLICIT,ATTRIBUTED_TO,பெருங்குன்றூர் கிழார்,poet_as_printed,yaml:poet_as_printed,,,,,high,machine_checked,corpus/purananuru/poems/318.md,0673dc0ef16a45132f413a882270c67be6c2a192833ac2df112551f708a82ff9
asrt.94f4ab531c1adbfc0f122bcd,purananuru,318,TINI_VALUE,SOURCE_EXPLICIT,ASSOCIATED_WITH_TINAI,வாகை துறை : வல்லாண் முல்லை,thinai_as_printed,yaml:thinai_as_printed,,,,,high,machine_checked,corpus/purananuru/poems/318.md,0673dc0ef16a45132f413a882270c67be6c2a192833ac2df112551f708a82ff9
asrt.1b82c243ec10b33884d81a3c,purananuru,318,TURAI_VALUE,SOURCE_EXPLICIT,ASSOCIATED_WITH_TURAI,வல்லாண் முல்லை,thurai,yaml:thurai,,,,,high,machine_checked,corpus/purananuru/poems/318.md,0673dc0ef16a45132f413a882270c67be6c2a192833ac2df112551f708a82ff9
asrt.27d9427e8920e55f484a4eac,purananuru,318,SOURCE_CONTEXT_NOTE,SOURCE_EXPLICIT,HAS_PRINTED_SOURCE_NOTE,"பாடியவர்: பெருங்குன்றூர் கிழார்
திணை: வாகை துறை : வல்லாண் முல்லை",source_note,markdown:source-note,,,,,high,machine_checked,corpus/purananuru/poems/318.md,0673dc0ef16a45132f413a882270c67be6c2a192833ac2df112551f708a82ff9
asrt.54e544d51de5283d8d070ab7,purananuru,318,SOURCE_CONTEXT_NOTE,SOURCE_EXPLICIT,HAS_PRINTED_TITLE,பெடையடு வதியும்!,title_as_printed,yaml:title_as_printed,,,,,high,machine_checked,corpus/purananuru/poems/318.md,0673dc0ef16a45132f413a882270c67be6c2a192833ac2df112551f708a82ff9
asrt.4da90819e2f39fe713291694,purananuru,318,TEXTUAL_CONDITION,SOURCE_EXPLICIT,HAS_TEXTUAL_STATUS,complete,textual_status,yaml:textual_status,,,,,high,machine_checked,corpus/purananuru/poems/318.md,0673dc0ef16a45132f413a882270c67be6c2a192833ac2df112551f708a82ff9
asrt.9db2d876bf15a22e016707c4,purananuru,318,COMMUNITY_MENTION,SOURCE_EXPLICIT,MENTIONS_CANDIDATE,பாணர்,canonical_body,markdown:canonical-body,5,5,0,5,medium,human_review_required,corpus/purananuru/poems/318.md,0673dc0ef16a45132f413a882270c67be6c2a192833ac2df112551f708a82ff9
asrt.ea421cd492e54b98b52e515a,purananuru,319,POET_ATTRIBUTION,SOURCE_EXPLICIT,ATTRIBUTED_TO,ஆலங்குடி வங்கனார்,poet_as_printed,yaml:poet_as_printed,,,,,high,machine_checked,corpus/purananuru/poems/319.md,9d6c0263dc84f53c5e196a6ac8ed1691550d7a9edcefbbca9a694177a4ba35d9
asrt.156cd3d7f8eb0461ba047664,purananuru,319,TINI_VALUE,SOURCE_EXPLICIT,ASSOCIATED_WITH_TINAI,வாகை துறை : வல்லாண் முல்லை,thinai_as_printed,yaml:thinai_as_printed,,,,,high,machine_checked,corpus/purananuru/poems/319.md,9d6c0263dc84f53c5e196a6ac8ed1691550d7a9edcefbbca9a694177a4ba35d9
asrt.88c02b0122e9afee75058112,purananuru,319,TURAI_VALUE,SOURCE_EXPLICIT,ASSOCIATED_WITH_TURAI,வல்லாண் முல்லை,thurai,yaml:thurai,,,,,high,machine_checked,corpus/purananuru/poems/319.md,9d6c0263dc84f53c5e196a6ac8ed1691550d7a9edcefbbca9a694177a4ba35d9
asrt.83d5b07bb0f5fea701363d50,purananuru,319,SOURCE_CONTEXT_NOTE,SOURCE_EXPLICIT,HAS_PRINTED_SOURCE_NOTE,"பாடியவர்: ஆலங்குடி வங்கனார்
திணை: வாகை துறை : வல்லாண் முல்லை",source_note,markdown:source-note,,,,,high,machine_checked,corpus/purananuru/poems/319.md,9d6c0263dc84f53c5e196a6ac8ed1691550d7a9edcefbbca9a694177a4ba35d9
asrt.a497b794d81c0be8ded4f61e,purananuru,319,SOURCE_CONTEXT_NOTE,SOURCE_EXPLICIT,HAS_PRINTED_TITLE,முயல் சுட்டவாயினும் தருவோம்!,title_as_printed,yaml:title_as_printed,,,,,high,machine_checked,corpus/purananuru/poems/319.md,9d6c0263dc84f53c5e196a6ac8ed1691550d7a9edcefbbca9a694177a4ba35d9
asrt.a4c67593b9db48c64c7c6584,purananuru,319,TEXTUAL_CONDITION,SOURCE_EXPLICIT,HAS_TEXTUAL_STATUS,complete,textual_status,yaml:textual_status,,,,,high,machine_checked,corpus/purananuru/poems/319.md,9d6c0263dc84f53c5e196a6ac8ed1691550d7a9edcefbbca9a694177a4ba35d9
asrt.f240b8eb288bb60869a68056,purananuru,319,POLITICAL_RELATION,SOURCE_EXPLICIT,MENTIONS_CANDIDATE,மன்னன்,canonical_body,markdown:canonical-body,12,12,7,13,medium,human_review_required,corpus/purananuru/poems/319.md,9d6c0263dc84f53c5e196a6ac8ed1691550d7a9edcefbbca9a694177a4ba35d9
asrt.0edd2b3dbc7736881f5b2f7a,purananuru,320,POET_ATTRIBUTION,SOURCE_EXPLICIT,ATTRIBUTED_TO,வீரை வெளியனார்,poet_as_printed,yaml:poet_as_printed,,,,,high,machine_checked,corpus/purananuru/poems/320.md,42f7b8bad7cc7478fccd10eece060abb15ac846489eb17f62a74b4650e1c2f3c
asrt.e46d0ec4f1ab30d9f412b55e,purananuru,320,TINI_VALUE,SOURCE_EXPLICIT,ASSOCIATED_WITH_TINAI,வாகை துறை : வல்லாண் முல்லை,thinai_as_printed,yaml:thinai_as_printed,,,,,high,machine_checked,corpus/purananuru/poems/320.md,42f7b8bad7cc7478fccd10eece060abb15ac846489eb17f62a74b4650e1c2f3c
asrt.97a78e9ed2262d26933a4868,purananuru,320,TURAI_VALUE,SOURCE_EXPLICIT,ASSOCIATED_WITH_TURAI,வல்லாண் முல்லை,thurai,yaml:thurai,,,,,high,machine_checked,corpus/purananuru/poems/320.md,42f7b8bad7cc7478fccd10eece060abb15ac846489eb17f62a74b4650e1c2f3c
asrt.375f31b1d2057ba84105fe72,purananuru,320,SOURCE_CONTEXT_NOTE,SOURCE_EXPLICIT,HAS_PRINTED_TITLE,கண்ட மனையோள்!,title_as_printed,yaml:title_as_printed,,,,,high,machine_checked,corpus/purananuru/poems/320.md,42f7b8bad7cc7478fccd10eece060abb15ac846489eb17f62a74b4650e1c2f3c
asrt.bb9a3532f9933b61c6065ef0,purananuru,320,SOURCE_CONTEXT_NOTE,SOURCE_EXPLICIT,HAS_PRINTED_SOURCE_NOTE,"பாடியவர்: வீரை வெளியனார்
திணை: வாகை துறை : வல்லாண் முல்லை",source_note,markdown:source-note,,,,,high,machine_checked,corpus/purananuru/poems/320.md,42f7b8bad7cc7478fccd10eece060abb15ac846489eb17f62a74b4650e1c2f3c
asrt.ee64132e170397bf6ca689da,purananuru,320,TEXTUAL_CONDITION,SOURCE_EXPLICIT,HAS_TEXTUAL_STATUS,complete,textual_status,yaml:textual_status,,,,,high,machine_checked,corpus/purananuru/poems/320.md,42f7b8bad7cc7478fccd10eece060abb15ac846489eb17f62a74b4650e1c2f3c
asrt.2c0e1cc69ffd52c71c05a473,purananuru,321,POET_ATTRIBUTION,SOURCE_EXPLICIT,ATTRIBUTED_TO,உறையூர் மருத்துவன் தாமோதரனார்,poet_as_printed,yaml:poet_as_printed,,,,,high,machine_checked,corpus/purananuru/poems/321.md,b9174cb7fb1635e9c11b405a049f54dd7a4c12ed833f7d4245e4ce89f33bc866
asrt.a25bd0054494adea58ef5325,purananuru,321,TINI_VALUE,SOURCE_EXPLICIT,ASSOCIATED_WITH_TINAI,வாகை துறை : வல்லாண் முல்லை,thinai_as_printed,yaml:thinai_as_printed,,,,,high,machine_checked,corpus/purananuru/poems/321.md,b9174cb7fb1635e9c11b405a049f54dd7a4c12ed833f7d4245e4ce89f33bc866
asrt.c551a059dc50b0013a94324c,purananuru,321,TURAI_VALUE,SOURCE_EXPLICIT,ASSOCIATED_WITH_TURAI,வல்லாண் முல்லை,thurai,yaml:thurai,,,,,high,machine_checked,corpus/purananuru/poems/321.md,b9174cb7fb1635e9c11b405a049f54dd7a4c12ed833f7d4245e4ce89f33bc866
asrt.1657233acc64834432f400f6,purananuru,321,SOURCE_CONTEXT_NOTE,SOURCE_EXPLICIT,HAS_PRINTED_SOURCE_NOTE,"பாடியவர்: உறையூர் மருத்துவன் தாமோதரனார்
திணை: வாகை துறை : வல்லாண் முல்லை",source_note,markdown:source-note,,,,,high,machine_checked,corpus/purananuru/poems/321.md,b9174cb7fb1635e9c11b405a049f54dd7a4c12ed833f7d4245e4ce89f33bc866
asrt.2f218e4e17c528ebe86bb5af,purananuru,321,SOURCE_CONTEXT_NOTE,SOURCE_EXPLICIT,HAS_PRINTED_TITLE,வன்புல வைப்பினது!,title_as_printed,yaml:title_as_printed,,,,,high,machine_checked,corpus/purananuru/poems/321.md,b9174cb7fb1635e9c11b405a049f54dd7a4c12ed833f7d4245e4ce89f33bc866
asrt.67f5ce884dfdbf9a2122506b,purananuru,321,TEXTUAL_CONDITION,SOURCE_EXPLICIT,HAS_TEXTUAL_STATUS,incomplete,textual_status,yaml:textual_status,,,,,high,machine_checked,corpus/purananuru/poems/321.md,b9174cb7fb1635e9c11b405a049f54dd7a4c12ed833f7d4245e4ce89f33bc866
asrt.d1037238481e8769cca59033,purananuru,322,POET_ATTRIBUTION,SOURCE_EXPLICIT,ATTRIBUTED_TO,ஆவூர்கிழார்,poet_as_printed,yaml:poet_as_printed,,,,,high,machine_checked,corpus/purananuru/poems/322.md,bd37bc58f9df59d2d0c50749d9ce04c3da020ee91dc57bc4e7111cdd7754af72
asrt.8796e0df48bb29874ec1872b,purananuru,322,TINI_VALUE,SOURCE_EXPLICIT,ASSOCIATED_WITH_TINAI,வாகை துறை : வல்லாண் முல்லை,thinai_as_printed,yaml:thinai_as_printed,,,,,high,machine_checked,corpus/purananuru/poems/322.md,bd37bc58f9df59d2d0c50749d9ce04c3da020ee91dc57bc4e7111cdd7754af72
asrt.47f3700af9619e9c597a83d0,purananuru,322,TURAI_VALUE,SOURCE_EXPLICIT,ASSOCIATED_WITH_TURAI,வல்லாண் முல்லை,thurai,yaml:thurai,,,,,high,machine_checked,corpus/purananuru/poems/322.md,bd37bc58f9df59d2d0c50749d9ce04c3da020ee91dc57bc4e7111cdd7754af72
asrt.5c49ec01493d66f156696518,purananuru,322,SOURCE_CONTEXT_NOTE,SOURCE_EXPLICIT,HAS_PRINTED_TITLE,கண்படை ஈயான்!,title_as_printed,yaml:title_as_printed,,,,,high,machine_checked,corpus/purananuru/poems/322.md,bd37bc58f9df59d2d0c50749d9ce04c3da020ee91dc57bc4e7111cdd7754af72
asrt.59070f702c0db5708e0d2581,purananuru,322,SOURCE_CONTEXT_NOTE,SOURCE_EXPLICIT,HAS_PRINTED_SOURCE_NOTE,"பாடியவர்: ஆவூர்கிழார்
திணை: வாகை துறை : வல்லாண் முல்லை",source_note,markdown:source-note,,,,,high,machine_checked,corpus/purananuru/poems/322.md,bd37bc58f9df59d2d0c50749d9ce04c3da020ee91dc57bc4e7111cdd7754af72
asrt.acfdab4d6547aee08bde4288,purananuru,322,TEXTUAL_CONDITION,SOURCE_EXPLICIT,HAS_TEXTUAL_STATUS,complete,textual_status,yaml:textual_status,,,,,high,machine_checked,corpus/purananuru/poems/322.md,bd37bc58f9df59d2d0c50749d9ce04c3da020ee91dc57bc4e7111cdd7754af72
asrt.e80df7f25bd72a1cf7cbe99a,purananuru,323,POET_ATTRIBUTION,SOURCE_EXPLICIT,ATTRIBUTED_TO,பாடப்பட்டோர் : பெயர்கள் தெரிந்தில,poet_as_printed,yaml:poet_as_printed,,,,,high,machine_checked,corpus/purananuru/poems/323.md,dd254c3c4ab482d36b6d126c7be56fadd24e75af0d2a4c6fa4e9aefc9fea0f1e
asrt.fa3ca435346c7e430773a04f,purananuru,323,TINI_VALUE,SOURCE_EXPLICIT,ASSOCIATED_WITH_TINAI,வாகை,thinai_as_printed,yaml:thinai_as_printed,,,,,high,machine_checked,corpus/purananuru/poems/323.md,dd254c3c4ab482d36b6d126c7be56fadd24e75af0d2a4c6fa4e9aefc9fea0f1e
asrt.27d5dd59e4f70ab4ff7c9127,purananuru,323,TURAI_VALUE,SOURCE_EXPLICIT,ASSOCIATED_WITH_TURAI,வல்லாண் முல்லை,thurai,yaml:thurai,,,,,high,machine_checked,corpus/purananuru/poems/323.md,dd254c3c4ab482d36b6d126c7be56fadd24e75af0d2a4c6fa4e9aefc9fea0f1e
asrt.b47e75e36e1d8631b2d8713e,purananuru,323,SOURCE_CONTEXT_NOTE,SOURCE_EXPLICIT,HAS_PRINTED_TITLE,உள்ளியது சுரக்கும் ஈகை!,title_as_printed,yaml:title_as_printed,,,,,high,machine_checked,corpus/purananuru/poems/323.md,dd254c3c4ab482d36b6d126c7be56fadd24e75af0d2a4c6fa4e9aefc9fea0f1e
asrt.83a51ff11c56b4b0f6e5ca46,purananuru,323,SOURCE_CONTEXT_NOTE,SOURCE_EXPLICIT,HAS_PRINTED_SOURCE_NOTE,"பாடியவர் பாடப்பட்டோர் : பெயர்கள் தெரிந்தில.
திணை: வாகை. துறை : வல்லாண் முல்லை.",source_note,markdown:source-note,,,,,high,machine_checked,corpus/purananuru/poems/323.md,dd254c3c4ab482d36b6d126c7be56fadd24e75af0d2a4c6fa4e9aefc9fea0f1e
asrt.2f9a3ef8c0eb8e50aead8a01,purananuru,323,TEXTUAL_CONDITION,SOURCE_EXPLICIT,HAS_TEXTUAL_STATUS,incomplete,textual_status,yaml:textual_status,,,,,high,machine_checked,corpus/purananuru/poems/323.md,dd254c3c4ab482d36b6d126c7be56fadd24e75af0d2a4c6fa4e9aefc9fea0f1e
asrt.f012b631f195cecea370b334,purananuru,323,GIFT_MENTION,SOURCE_EXPLICIT,MENTIONS_CANDIDATE,ஈகை,canonical_body,markdown:canonical-body,4,4,25,28,medium,human_review_required,corpus/purananuru/poems/323.md,dd254c3c4ab482d36b6d126c7be56fadd24e75af0d2a4c6fa4e9aefc9fea0f1e
asrt.e8f4c3490b588ab27de0764f,purananuru,323,WARFARE_MENTION,SOURCE_EXPLICIT,MENTIONS_CANDIDATE,வாள்,canonical_body,markdown:canonical-body,5,5,24,28,medium,human_review_required,corpus/purananuru/poems/323.md,dd254c3c4ab482d36b6d126c7be56fadd24e75af0d2a4c6fa4e9aefc9fea0f1e
asrt.483860d394fa002da33d91ab,purananuru,324,POET_ATTRIBUTION,SOURCE_EXPLICIT,ATTRIBUTED_TO,ஆலத்தூர் கிழார்,poet_as_printed,yaml:poet_as_printed,,,,,high,machine_checked,corpus/purananuru/poems/324.md,2395f418c7c0ab2018706f3b82240ddcf2ec8a98c0e8de408962c3ac1cdb741c
asrt.da623bd5f6aac2d4527e96ff,purananuru,324,TINI_VALUE,SOURCE_EXPLICIT,ASSOCIATED_WITH_TINAI,வாகை துறை : வல்லாண் முல்லை,thinai_as_printed,yaml:thinai_as_printed,,,,,high,machine_checked,corpus/purananuru/poems/324.md,2395f418c7c0ab2018706f3b82240ddcf2ec8a98c0e8de408962c3ac1cdb741c
asrt.04a947f35c88ae4badc1b655,purananuru,324,TURAI_VALUE,SOURCE_EXPLICIT,ASSOCIATED_WITH_TURAI,வல்லாண் முல்லை,thurai,yaml:thurai,,,,,high,machine_checked,corpus/purananuru/poems/324.md,2395f418c7c0ab2018706f3b82240ddcf2ec8a98c0e8de408962c3ac1cdb741c
asrt.3d04374681e49e73982f1147,purananuru,324,SOURCE_CONTEXT_NOTE,SOURCE_EXPLICIT,HAS_PRINTED_TITLE,உலந்துழி உலக்கும்!,title_as_printed,yaml:title_as_printed,,,,,high,machine_checked,corpus/purananuru/poems/324.md,2395f418c7c0ab2018706f3b82240ddcf2ec8a98c0e8de408962c3ac1cdb741c
asrt.2b19c714f930532592bc0980,purananuru,324,SOURCE_CONTEXT_NOTE,SOURCE_EXPLICIT,HAS_PRINTED_SOURCE_NOTE,"பாடியவர்: ஆலத்தூர் கிழார்
திணை: வாகை துறை : வல்லாண் முல்லை",source_note,markdown:source-note,,,,,high,machine_checked,corpus/purananuru/poems/324.md,2395f418c7c0ab2018706f3b82240ddcf2ec8a98c0e8de408962c3ac1cdb741c
asrt.e369b6092d3516d4063c63f0,purananuru,324,TEXTUAL_CONDITION,SOURCE_EXPLICIT,HAS_TEXTUAL_STATUS,complete,textual_status,yaml:textual_status,,,,,high,machine_checked,corpus/purananuru/poems/324.md,2395f418c7c0ab2018706f3b82240ddcf2ec8a98c0e8de408962c3ac1cdb741c
asrt.1aabc8036dcf919b265f383e,purananuru,325,POET_ATTRIBUTION,SOURCE_EXPLICIT,ATTRIBUTED_TO,உறையூர் முதுகண்ணன் சாத்தனார்,poet_as_printed,yaml:poet_as_printed,,,,,high,machine_checked,corpus/purananuru/poems/325.md,f4bcf96db86699ad85df21bb755d618322b74e1595e598039df7c7135376c4d1
asrt.4e14364cc7f1db9c53d8825a,purananuru,325,TINI_VALUE,SOURCE_EXPLICIT,ASSOCIATED_WITH_TINAI,வாகை துறை : வல்லாண் முல்லை,thinai_as_printed,yaml:thinai_as_printed,,,,,high,machine_checked,corpus/purananuru/poems/325.md,f4bcf96db86699ad85df21bb755d618322b74e1595e598039df7c7135376c4d1
asrt.020f143f2418c402ce63c956,purananuru,325,TURAI_VALUE,SOURCE_EXPLICIT,ASSOCIATED_WITH_TURAI,வல்லாண் முல்லை,thurai,yaml:thurai,,,,,high,machine_checked,corpus/purananuru/poems/325.md,f4bcf96db86699ad85df21bb755d618322b74e1595e598039df7c7135376c4d1
asrt.14bd7c38fceccb7e108128e5,purananuru,325,SOURCE_CONTEXT_NOTE,SOURCE_EXPLICIT,HAS_PRINTED_SOURCE_NOTE,"பாடியவர்: உறையூர் முதுகண்ணன் சாத்தனார்
திணை: வாகை துறை : வல்லாண் முல்லை",source_note,markdown:source-note,,,,,high,machine_checked,corpus/purananuru/poems/325.md,f4bcf96db86699ad85df21bb755d618322b74e1595e598039df7c7135376c4d1
asrt.720bc40215d2526dd97794c2,purananuru,325,SOURCE_CONTEXT_NOTE,SOURCE_EXPLICIT,HAS_PRINTED_TITLE,வேந்து தலைவரினும் தாங்கம்!,title_as_printed,yaml:title_as_printed,,,,,high,machine_checked,corpus/purananuru/poems/325.md,f4bcf96db86699ad85df21bb755d618322b74e1595e598039df7c7135376c4d1
asrt.694fccb90757fd63bb806b93,purananuru,325,TEXTUAL_CONDITION,SOURCE_EXPLICIT,HAS_TEXTUAL_STATUS,complete,textual_status,yaml:textual_status,,,,,high,machine_checked,corpus/purananuru/poems/325.md,f4bcf96db86699ad85df21bb755d618322b74e1595e598039df7c7135376c4d1
asrt.5aa8767c2353916e2e258fd7,purananuru,326,POET_ATTRIBUTION,SOURCE_EXPLICIT,ATTRIBUTED_TO,தங்கால் பொற்கொல்லன் வெண்ணாகனார்,poet_as_printed,yaml:poet_as_printed,,,,,high,machine_checked,corpus/purananuru/poems/326.md,cde7db2cf72dd64137f60a07f46c098a56744eeff118e0c1706b839abacfbee0
asrt.bae433f4848b691151e834ba,purananuru,326,TINI_VALUE,SOURCE_EXPLICIT,ASSOCIATED_WITH_TINAI,வாகை துறை : மூதின் முல்லை,thinai_as_printed,yaml:thinai_as_printed,,,,,high,machine_checked,corpus/purananuru/poems/326.md,cde7db2cf72dd64137f60a07f46c098a56744eeff118e0c1706b839abacfbee0
asrt.65d26d588e3e061e668e0927,purananuru,326,TURAI_VALUE,SOURCE_EXPLICIT,ASSOCIATED_WITH_TURAI,மூதின் முல்லை,thurai,yaml:thurai,,,,,high,machine_checked,corpus/purananuru/poems/326.md,cde7db2cf72dd64137f60a07f46c098a56744eeff118e0c1706b839abacfbee0
asrt.16d4cc56fe3a574aecc2ec3f,purananuru,326,SOURCE_CONTEXT_NOTE,SOURCE_EXPLICIT,HAS_PRINTED_TITLE,பருத்திப் பெண்டின் சிறு தீ!,title_as_printed,yaml:title_as_printed,,,,,high,machine_checked,corpus/purananuru/poems/326.md,cde7db2cf72dd64137f60a07f46c098a56744eeff118e0c1706b839abacfbee0
asrt.bea08b96e90a5f013101d1b0,purananuru,326,SOURCE_CONTEXT_NOTE,SOURCE_EXPLICIT,HAS_PRINTED_SOURCE_NOTE,"பாடியவர்: தங்கால் பொற்கொல்லன் வெண்ணாகனார்
திணை: வாகை துறை : மூதின் முல்லை",source_note,markdown:source-note,,,,,high,machine_checked,corpus/purananuru/poems/326.md,cde7db2cf72dd64137f60a07f46c098a56744eeff118e0c1706b839abacfbee0
asrt.b53a0dde5deb76f115ca2bc0,purananuru,326,TEXTUAL_CONDITION,SOURCE_EXPLICIT,HAS_TEXTUAL_STATUS,complete,textual_status,yaml:textual_status,,,,,high,machine_checked,corpus/purananuru/poems/326.md,cde7db2cf72dd64137f60a07f46c098a56744eeff118e0c1706b839abacfbee0
asrt.c49bf5446b416b148f80ed09,purananuru,326,FAUNA_MENTION,SOURCE_EXPLICIT,MENTIONS_CANDIDATE,யானை,canonical_body,markdown:canonical-body,14,14,7,11,medium,human_review_required,corpus/purananuru/poems/326.md,cde7db2cf72dd64137f60a07f46c098a56744eeff118e0c1706b839abacfbee0
asrt.86bcfad79baa0d017f3e3dea,purananuru,327,POET_ATTRIBUTION,SOURCE_EXPLICIT,ATTRIBUTED_TO,பெயர் தெரிந்திலது,poet_as_printed,yaml:poet_as_printed,,,,,high,machine_checked,corpus/purananuru/poems/327.md,b7a33fc724b48ece6fc96f7276981e0961275001d47fb4344fc773714b2a9997
asrt.fd1f3a4d88589ceae69c5b32,purananuru,327,TINI_VALUE,SOURCE_EXPLICIT,ASSOCIATED_WITH_TINAI,வாகை துறை : மூதின் முல்லை,thinai_as_printed,yaml:thinai_as_printed,,,,,high,machine_checked,corpus/purananuru/poems/327.md,b7a33fc724b48ece6fc96f7276981e0961275001d47fb4344fc773714b2a9997
asrt.dc7240ff8fba8dc7d5f02e35,purananuru,327,TURAI_VALUE,SOURCE_EXPLICIT,ASSOCIATED_WITH_TURAI,மூதின் முல்லை,thurai,yaml:thurai,,,,,high,machine_checked,corpus/purananuru/poems/327.md,b7a33fc724b48ece6fc96f7276981e0961275001d47fb4344fc773714b2a9997
asrt.92cb135ccb50bfb4a3de90c7,purananuru,327,SOURCE_CONTEXT_NOTE,SOURCE_EXPLICIT,HAS_PRINTED_SOURCE_NOTE,"பாடியவர்: பெயர் தெரிந்திலது
திணை: வாகை துறை : மூதின் முல்லை",source_note,markdown:source-note,,,,,high,machine_checked,corpus/purananuru/poems/327.md,b7a33fc724b48ece6fc96f7276981e0961275001d47fb4344fc773714b2a9997
asrt.db86476a03ccccac429ec2b0,purananuru,327,SOURCE_CONTEXT_NOTE,SOURCE_EXPLICIT,HAS_PRINTED_TITLE,வரகின் குப்பை!,title_as_printed,yaml:title_as_printed,,,,,high,machine_checked,corpus/purananuru/poems/327.md,b7a33fc724b48ece6fc96f7276981e0961275001d47fb4344fc773714b2a9997
asrt.253cd920c386e3cb04fb7c9b,purananuru,327,TEXTUAL_CONDITION,SOURCE_EXPLICIT,HAS_TEXTUAL_STATUS,complete,textual_status,yaml:textual_status,,,,,high,machine_checked,corpus/purananuru/poems/327.md,b7a33fc724b48ece6fc96f7276981e0961275001d47fb4344fc773714b2a9997
asrt.187e50d491c672ce32b37b0e,purananuru,327,COMMUNITY_MENTION,SOURCE_EXPLICIT,MENTIONS_CANDIDATE,பாணர்,canonical_body,markdown:canonical-body,4,4,7,12,medium,human_review_required,corpus/purananuru/poems/327.md,b7a33fc724b48ece6fc96f7276981e0961275001d47fb4344fc773714b2a9997
asrt.59725cf82f612a6f8cab6712,purananuru,328,POET_ATTRIBUTION,SOURCE_EXPLICIT,ATTRIBUTED_TO,பெயர் தெரிந்திலது,poet_as_printed,yaml:poet_as_printed,,,,,high,machine_checked,corpus/purananuru/poems/328.md,c1c8b20d5f13564e41c5c40183780c4d2a9220d193c737839c2e143045719762
asrt.8b5f62ce251996bb185a41ea,purananuru,328,TINI_VALUE,SOURCE_EXPLICIT,ASSOCIATED_WITH_TINAI,வாகை துறை :மூதின் முல்லை,thinai_as_printed,yaml:thinai_as_printed,,,,,high,machine_checked,corpus/purananuru/poems/328.md,c1c8b20d5f13564e41c5c40183780c4d2a9220d193c737839c2e143045719762
asrt.e0752b1010b42dadb51ef726,purananuru,328,TURAI_VALUE,SOURCE_EXPLICIT,ASSOCIATED_WITH_TURAI,மூதின் முல்லை,thurai,yaml:thurai,,,,,high,machine_checked,corpus/purananuru/poems/328.md,c1c8b20d5f13564e41c5c40183780c4d2a9220d193c737839c2e143045719762
asrt.b864fd5dccdc3aff8c3b8cd4,purananuru,328,SOURCE_CONTEXT_NOTE,SOURCE_EXPLICIT,HAS_PRINTED_TITLE,ஈயத் தொலைந்தன!,title_as_printed,yaml:title_as_printed,,,,,high,machine_checked,corpus/purananuru/poems/328.md,c1c8b20d5f13564e41c5c40183780c4d2a9220d193c737839c2e143045719762
asrt.6396671eb2722152f52565c8,purananuru,328,SOURCE_CONTEXT_NOTE,SOURCE_EXPLICIT,HAS_PRINTED_SOURCE_NOTE,"பாடியவர்: பெயர் தெரிந்திலது
திணை: வாகை துறை :மூதின் முல்லை",source_note,markdown:source-note,,,,,high,machine_checked,corpus/purananuru/poems/328.md,c1c8b20d5f13564e41c5c40183780c4d2a9220d193c737839c2e143045719762
asrt.bcfdb14c08a9ca9277f979cb,purananuru,328,TEXTUAL_CONDITION,SOURCE_EXPLICIT,HAS_TEXTUAL_STATUS,incomplete,textual_status,yaml:textual_status,,,,,high,machine_checked,corpus/purananuru/poems/328.md,c1c8b20d5f13564e41c5c40183780c4d2a9220d193c737839c2e143045719762
asrt.0d219c439b73ec995002a011,purananuru,329,POET_ATTRIBUTION,SOURCE_EXPLICIT,ATTRIBUTED_TO,மதுரை அறுவை வாணிகன் இளவேட்டனார்,poet_as_printed,yaml:poet_as_printed,,,,,high,machine_checked,corpus/purananuru/poems/329.md,0dd7358df905220525988d5fd0c78ead7564a26b3b15a870aaba9ad1d8170ded
asrt.02747219464008b88bbc1882,purananuru,329,TINI_VALUE,SOURCE_EXPLICIT,ASSOCIATED_WITH_TINAI,வாகை துறை : மூதின் முல்லை,thinai_as_printed,yaml:thinai_as_printed,,,,,high,machine_checked,corpus/purananuru/poems/329.md,0dd7358df905220525988d5fd0c78ead7564a26b3b15a870aaba9ad1d8170ded
asrt.49a11c13fd70b0dd713fdde6,purananuru,329,TURAI_VALUE,SOURCE_EXPLICIT,ASSOCIATED_WITH_TURAI,மூதின் முல்லை,thurai,yaml:thurai,,,,,high,machine_checked,corpus/purananuru/poems/329.md,0dd7358df905220525988d5fd0c78ead7564a26b3b15a870aaba9ad1d8170ded
asrt.dc7a0b1fb31c5af8e62fd588,purananuru,329,SOURCE_CONTEXT_NOTE,SOURCE_EXPLICIT,HAS_PRINTED_SOURCE_NOTE,"பாடியவர்: மதுரை அறுவை வாணிகன் இளவேட்டனார்
திணை: வாகை துறை : மூதின் முல்லை",source_note,markdown:source-note,,,,,high,machine_checked,corpus/purananuru/poems/329.md,0dd7358df905220525988d5fd0c78ead7564a26b3b15a870aaba9ad1d8170ded
asrt.c6a8d2a97884892144aef8f1,purananuru,329,SOURCE_CONTEXT_NOTE,SOURCE_EXPLICIT,HAS_PRINTED_TITLE,மாப்புகை கமழும்!,title_as_printed,yaml:title_as_printed,,,,,high,machine_checked,corpus/purananuru/poems/329.md,0dd7358df905220525988d5fd0c78ead7564a26b3b15a870aaba9ad1d8170ded
asrt.4a5b7b2180fa1c99df1dede5,purananuru,329,TEXTUAL_CONDITION,SOURCE_EXPLICIT,HAS_TEXTUAL_STATUS,complete,textual_status,yaml:textual_status,,,,,high,machine_checked,corpus/purananuru/poems/329.md,0dd7358df905220525988d5fd0c78ead7564a26b3b15a870aaba9ad1d8170ded
asrt.6dad1ddcc9b91f032dd8c4d5,purananuru,330,POET_ATTRIBUTION,SOURCE_EXPLICIT,ATTRIBUTED_TO,மதுரை கணக்காயனார்,poet_as_printed,yaml:poet_as_printed,,,,,high,machine_checked,corpus/purananuru/poems/330.md,af949db98f6992ad390cd4ba8386c2398c2ca48a81ed970d99b9e8a6a91219ad
asrt.42e590689dde469f8fb1a9ce,purananuru,330,TINI_VALUE,SOURCE_EXPLICIT,ASSOCIATED_WITH_TINAI,வாகை துறை : மூதின் முல்லை,thinai_as_printed,yaml:thinai_as_printed,,,,,high,machine_checked,corpus/purananuru/poems/330.md,af949db98f6992ad390cd4ba8386c2398c2ca48a81ed970d99b9e8a6a91219ad
asrt.c98a6bcb2582f4cf44509655,purananuru,330,TURAI_VALUE,SOURCE_EXPLICIT,ASSOCIATED_WITH_TURAI,மூதின் முல்லை,thurai,yaml:thurai,,,,,high,machine_checked,corpus/purananuru/poems/330.md,af949db98f6992ad390cd4ba8386c2398c2ca48a81ed970d99b9e8a6a91219ad
asrt.e13add856d9e4683af116ccc,purananuru,330,SOURCE_CONTEXT_NOTE,SOURCE_EXPLICIT,HAS_PRINTED_TITLE,ஆழி அனையன்!,title_as_printed,yaml:title_as_printed,,,,,high,machine_checked,corpus/purananuru/poems/330.md,af949db98f6992ad390cd4ba8386c2398c2ca48a81ed970d99b9e8a6a91219ad
asrt.3171966db61812a27f282c9e,purananuru,330,SOURCE_CONTEXT_NOTE,SOURCE_EXPLICIT,HAS_PRINTED_SOURCE_NOTE,"பாடியவர்: மதுரை கணக்காயனார்
திணை: வாகை துறை : மூதின் முல்லை",source_note,markdown:source-note,,,,,high,machine_checked,corpus/purananuru/poems/330.md,af949db98f6992ad390cd4ba8386c2398c2ca48a81ed970d99b9e8a6a91219ad
asrt.31b3334759e7c257e5f93e7c,purananuru,330,TEXTUAL_CONDITION,SOURCE_EXPLICIT,HAS_TEXTUAL_STATUS,complete,textual_status,yaml:textual_status,,,,,high,machine_checked,corpus/purananuru/poems/330.md,af949db98f6992ad390cd4ba8386c2398c2ca48a81ed970d99b9e8a6a91219ad
asrt.94db7b3198ebe606e2d56770,purananuru,331,POET_ATTRIBUTION,SOURCE_EXPLICIT,ATTRIBUTED_TO,உறையூர் முதுகூத்தனார் (உறையூர் முது கூற்றனார் எனவும் பாடம்),poet_as_printed,yaml:poet_as_printed,,,,,high,machine_checked,corpus/purananuru/poems/331.md,0e86f24961e732ce83eefd9d3696534ce7ed6d63dd95d5e771212bacca8fe4f0
asrt.4c47f31689e3112e65bf6b75,purananuru,331,TINI_VALUE,SOURCE_EXPLICIT,ASSOCIATED_WITH_TINAI,வாகை துறை : மூதின் முல்லை,thinai_as_printed,yaml:thinai_as_printed,,,,,high,machine_checked,corpus/purananuru/poems/331.md,0e86f24961e732ce83eefd9d3696534ce7ed6d63dd95d5e771212bacca8fe4f0
asrt.d3473280141bff46e595626e,purananuru,331,TURAI_VALUE,SOURCE_EXPLICIT,ASSOCIATED_WITH_TURAI,மூதின் முல்லை,thurai,yaml:thurai,,,,,high,machine_checked,corpus/purananuru/poems/331.md,0e86f24961e732ce83eefd9d3696534ce7ed6d63dd95d5e771212bacca8fe4f0
asrt.73a892f032ab5d91d48c2904,purananuru,331,SOURCE_CONTEXT_NOTE,SOURCE_EXPLICIT,HAS_PRINTED_TITLE,இல்லது படைக்க வல்லன்!,title_as_printed,yaml:title_as_printed,,,,,high,machine_checked,corpus/purananuru/poems/331.md,0e86f24961e732ce83eefd9d3696534ce7ed6d63dd95d5e771212bacca8fe4f0
asrt.b864b586d639c74c70de97c8,purananuru,331,SOURCE_CONTEXT_NOTE,SOURCE_EXPLICIT,HAS_PRINTED_SOURCE_NOTE,"பாடியவர்: உறையூர் முதுகூத்தனார் (உறையூர் முது கூற்றனார் எனவும் பாடம்).
திணை: வாகை துறை : மூதின் முல்லை",source_note,markdown:source-note,,,,,high,machine_checked,corpus/purananuru/poems/331.md,0e86f24961e732ce83eefd9d3696534ce7ed6d63dd95d5e771212bacca8fe4f0
asrt.e59f12bcd589106c28c489e0,purananuru,331,TEXTUAL_CONDITION,SOURCE_EXPLICIT,HAS_TEXTUAL_STATUS,complete,textual_status,yaml:textual_status,,,,,high,machine_checked,corpus/purananuru/poems/331.md,0e86f24961e732ce83eefd9d3696534ce7ed6d63dd95d5e771212bacca8fe4f0
asrt.eea4874dc73b6a28187983d2,purananuru,332,POET_ATTRIBUTION,SOURCE_EXPLICIT,ATTRIBUTED_TO,விரியூர் கிழார்,poet_as_printed,yaml:poet_as_printed,,,,,high,machine_checked,corpus/purananuru/poems/332.md,babfae483fd85ef0498d81a9641791a9fd4411d5095547c61ce2f29fd3113f18
asrt.e30b3f65bcdf65efba4b56c1,purananuru,332,TINI_VALUE,SOURCE_EXPLICIT,ASSOCIATED_WITH_TINAI,வாகை துறை : மூதின் முல்லை,thinai_as_printed,yaml:thinai_as_printed,,,,,high,machine_checked,corpus/purananuru/poems/332.md,babfae483fd85ef0498d81a9641791a9fd4411d5095547c61ce2f29fd3113f18
asrt.d5968b18c979334709500349,purananuru,332,TURAI_VALUE,SOURCE_EXPLICIT,ASSOCIATED_WITH_TURAI,மூதின் முல்லை,thurai,yaml:thurai,,,,,high,machine_checked,corpus/purananuru/poems/332.md,babfae483fd85ef0498d81a9641791a9fd4411d5095547c61ce2f29fd3113f18
asrt.d73dc0e96a90022fed55e89d,purananuru,332,SOURCE_CONTEXT_NOTE,SOURCE_EXPLICIT,HAS_PRINTED_SOURCE_NOTE,"பாடியவர்: விரியூர் கிழார்
திணை: வாகை துறை : மூதின் முல்லை",source_note,markdown:source-note,,,,,high,machine_checked,corpus/purananuru/poems/332.md,babfae483fd85ef0498d81a9641791a9fd4411d5095547c61ce2f29fd3113f18
asrt.2594d41b847446fa7e5ac119,purananuru,332,SOURCE_CONTEXT_NOTE,SOURCE_EXPLICIT,HAS_PRINTED_TITLE,வேல் பெருந்தகை உடைத்தே!,title_as_printed,yaml:title_as_printed,,,,,high,machine_checked,corpus/purananuru/poems/332.md,babfae483fd85ef0498d81a9641791a9fd4411d5095547c61ce2f29fd3113f18
asrt.97232951d8f55eb27bfdf465,purananuru,332,TEXTUAL_CONDITION,SOURCE_EXPLICIT,HAS_TEXTUAL_STATUS,complete,textual_status,yaml:textual_status,,,,,high,machine_checked,corpus/purananuru/poems/332.md,babfae483fd85ef0498d81a9641791a9fd4411d5095547c61ce2f29fd3113f18
asrt.608945a8a1f86a85e61be2cb,purananuru,333,POET_ATTRIBUTION,SOURCE_EXPLICIT,ATTRIBUTED_TO,பெயர் தெரிந்திலது,poet_as_printed,yaml:poet_as_printed,,,,,high,machine_checked,corpus/purananuru/poems/333.md,553fa85ccf267ec09a2e7d1b99fda187d5c996ecef2429489c99949b0c95d18a
asrt.ebd84a7798587cce245ce4ed,purananuru,333,TINI_VALUE,SOURCE_EXPLICIT,ASSOCIATED_WITH_TINAI,வாகை துறை : மூதின் முல்லை,thinai_as_printed,yaml:thinai_as_printed,,,,,high,machine_checked,corpus/purananuru/poems/333.md,553fa85ccf267ec09a2e7d1b99fda187d5c996ecef2429489c99949b0c95d18a
asrt.4d30dcc5386e05eb848e3999,purananuru,333,TURAI_VALUE,SOURCE_EXPLICIT,ASSOCIATED_WITH_TURAI,மூதின் முல்லை,thurai,yaml:thurai,,,,,high,machine_checked,corpus/purananuru/poems/333.md,553fa85ccf267ec09a2e7d1b99fda187d5c996ecef2429489c99949b0c95d18a
asrt.95c36ebd23b742aa83a7b7ec,purananuru,333,SOURCE_CONTEXT_NOTE,SOURCE_EXPLICIT,HAS_PRINTED_TITLE,தங்கனிர் சென்மோ புலவீர்!,title_as_printed,yaml:title_as_printed,,,,,high,machine_checked,corpus/purananuru/poems/333.md,553fa85ccf267ec09a2e7d1b99fda187d5c996ecef2429489c99949b0c95d18a
asrt.c145d9aa09b2398d430c227f,purananuru,333,SOURCE_CONTEXT_NOTE,SOURCE_EXPLICIT,HAS_PRINTED_SOURCE_NOTE,"பாடியவர்: பெயர் தெரிந்திலது.
திணை: வாகை துறை : மூதின் முல்லை",source_note,markdown:source-note,,,,,high,machine_checked,corpus/purananuru/poems/333.md,553fa85ccf267ec09a2e7d1b99fda187d5c996ecef2429489c99949b0c95d18a
asrt.91cea3ad95f413d0a34cf10b,purananuru,333,TEXTUAL_CONDITION,SOURCE_EXPLICIT,HAS_TEXTUAL_STATUS,incomplete,textual_status,yaml:textual_status,,,,,high,machine_checked,corpus/purananuru/poems/333.md,553fa85ccf267ec09a2e7d1b99fda187d5c996ecef2429489c99949b0c95d18a
asrt.6fe0ea0b4b68ad9bc5ffc54f,purananuru,333,FAUNA_MENTION,SOURCE_EXPLICIT,MENTIONS_CANDIDATE,யானை,canonical_body,markdown:canonical-body,17,17,7,11,medium,human_review_required,corpus/purananuru/poems/333.md,553fa85ccf267ec09a2e7d1b99fda187d5c996ecef2429489c99949b0c95d18a
asrt.443037085b225ee41e30df79,purananuru,333,GIFT_MENTION,SOURCE_EXPLICIT,MENTIONS_CANDIDATE,பரிசில்,canonical_body,markdown:canonical-body,19,19,0,7,medium,human_review_required,corpus/purananuru/poems/333.md,553fa85ccf267ec09a2e7d1b99fda187d5c996ecef2429489c99949b0c95d18a
asrt.aef96788a8759df703f2f01f,purananuru,334,POET_ATTRIBUTION,SOURCE_EXPLICIT,ATTRIBUTED_TO,மதுரைத் தமிழக் கூத்தனார்,poet_as_printed,yaml:poet_as_printed,,,,,high,machine_checked,corpus/purananuru/poems/334.md,b253bc5da442ca4893c5f6e37386be1348097c379a1573347078524f48981a0c
asrt.3798cc2569c0824c15bfd897,purananuru,334,TINI_VALUE,SOURCE_EXPLICIT,ASSOCIATED_WITH_TINAI,வாகை துறை : மூதின் முல்லை,thinai_as_printed,yaml:thinai_as_printed,,,,,high,machine_checked,corpus/purananuru/poems/334.md,b253bc5da442ca4893c5f6e37386be1348097c379a1573347078524f48981a0c
asrt.4a53607d6c57261777ff4374,purananuru,334,TURAI_VALUE,SOURCE_EXPLICIT,ASSOCIATED_WITH_TURAI,மூதின் முல்லை,thurai,yaml:thurai,,,,,high,machine_checked,corpus/purananuru/poems/334.md,b253bc5da442ca4893c5f6e37386be1348097c379a1573347078524f48981a0c
asrt.271da40df3da215be74d2762,purananuru,334,SOURCE_CONTEXT_NOTE,SOURCE_EXPLICIT,HAS_PRINTED_TITLE,தூவாள் தூவான்!,title_as_printed,yaml:title_as_printed,,,,,high,machine_checked,corpus/purananuru/poems/334.md,b253bc5da442ca4893c5f6e37386be1348097c379a1573347078524f48981a0c
asrt.6ff7a3425e0576ceb6cbb413,purananuru,334,SOURCE_CONTEXT_NOTE,SOURCE_EXPLICIT,HAS_PRINTED_SOURCE_NOTE,"பாடியவர்: மதுரைத் தமிழக் கூத்தனார்
திணை: வாகை துறை : மூதின் முல்லை",source_note,markdown:source-note,,,,,high,machine_checked,corpus/purananuru/poems/334.md,b253bc5da442ca4893c5f6e37386be1348097c379a1573347078524f48981a0c
asrt.de7047d969b24cd284ffa72d,purananuru,334,TEXTUAL_CONDITION,SOURCE_EXPLICIT,HAS_TEXTUAL_STATUS,incomplete,textual_status,yaml:textual_status,,,,,high,machine_checked,corpus/purananuru/poems/334.md,b253bc5da442ca4893c5f6e37386be1348097c379a1573347078524f48981a0c
asrt.74e7d72a4135f3ff655f37cd,purananuru,334,COMMUNITY_MENTION,SOURCE_EXPLICIT,MENTIONS_CANDIDATE,பாணர்,canonical_body,markdown:canonical-body,6,6,0,5,medium,human_review_required,corpus/purananuru/poems/334.md,b253bc5da442ca4893c5f6e37386be1348097c379a1573347078524f48981a0c
asrt.6a65fdf9117525923661e1bd,purananuru,334,GIFT_MENTION,SOURCE_EXPLICIT,MENTIONS_CANDIDATE,பரிசில்,canonical_body,markdown:canonical-body,10,10,0,7,medium,human_review_required,corpus/purananuru/poems/334.md,b253bc5da442ca4893c5f6e37386be1348097c379a1573347078524f48981a0c
asrt.205b8f30a610f83c70c4e5ad,purananuru,335,POET_ATTRIBUTION,SOURCE_EXPLICIT,ATTRIBUTED_TO,மாங்குடி கிழார்,poet_as_printed,yaml:poet_as_printed,,,,,high,machine_checked,corpus/purananuru/poems/335.md,769c092f5677af09dd477288a5d1dac3570b102c9cd85ea43b2d0d7b492a59ba
asrt.dad1f3371e0d9f82a8790b9f,purananuru,335,TINI_VALUE,SOURCE_EXPLICIT,ASSOCIATED_WITH_TINAI,வாகை துறை : மூதின் முல்லை,thinai_as_printed,yaml:thinai_as_printed,,,,,high,machine_checked,corpus/purananuru/poems/335.md,769c092f5677af09dd477288a5d1dac3570b102c9cd85ea43b2d0d7b492a59ba
asrt.9046ad1d273c85623e3ecc59,purananuru,335,TURAI_VALUE,SOURCE_EXPLICIT,ASSOCIATED_WITH_TURAI,மூதின் முல்லை,thurai,yaml:thurai,,,,,high,machine_checked,corpus/purananuru/poems/335.md,769c092f5677af09dd477288a5d1dac3570b102c9cd85ea43b2d0d7b492a59ba
asrt.f4ca18093f1cef03cb65f612,purananuru,335,SOURCE_CONTEXT_NOTE,SOURCE_EXPLICIT,HAS_PRINTED_TITLE,கடவுள் இலவே!,title_as_printed,yaml:title_as_printed,,,,,high,machine_checked,corpus/purananuru/poems/335.md,769c092f5677af09dd477288a5d1dac3570b102c9cd85ea43b2d0d7b492a59ba
asrt.4a53c4ad3838798ecab7fa71,purananuru,335,SOURCE_CONTEXT_NOTE,SOURCE_EXPLICIT,HAS_PRINTED_SOURCE_NOTE,"பாடியவர்: மாங்குடி கிழார்
திணை: வாகை துறை : மூதின் முல்லை",source_note,markdown:source-note,,,,,high,machine_checked,corpus/purananuru/poems/335.md,769c092f5677af09dd477288a5d1dac3570b102c9cd85ea43b2d0d7b492a59ba
asrt.e66405b387082d5f4ffc9b77,purananuru,335,TEXTUAL_CONDITION,SOURCE_EXPLICIT,HAS_TEXTUAL_STATUS,incomplete,textual_status,yaml:textual_status,,,,,high,machine_checked,corpus/purananuru/poems/335.md,769c092f5677af09dd477288a5d1dac3570b102c9cd85ea43b2d0d7b492a59ba
asrt.409c289b135f8b64c8c8b693,purananuru,335,FLORA_MENTION,SOURCE_EXPLICIT,MENTIONS_CANDIDATE,முல்லை,canonical_body,markdown:canonical-body,2,2,21,27,medium,human_review_required,corpus/purananuru/poems/335.md,769c092f5677af09dd477288a5d1dac3570b102c9cd85ea43b2d0d7b492a59ba
asrt.a15bed5bc6d4b724260b104d,purananuru,336,POET_ATTRIBUTION,SOURCE_EXPLICIT,ATTRIBUTED_TO,பரணர்,poet_as_printed,yaml:poet_as_printed,,,,,high,machine_checked,corpus/purananuru/poems/336.md,20cae74224bb4ad7eb7a161a3330df740ba9b9b874d977eb51692aa1c344c47e
asrt.052d9bb02c626a0471bb5f92,purananuru,336,TINI_VALUE,SOURCE_EXPLICIT,ASSOCIATED_WITH_TINAI,காஞ்சி துறை: பாற் பாற் காஞ்சி,thinai_as_printed,yaml:thinai_as_printed,,,,,high,machine_checked,corpus/purananuru/poems/336.md,20cae74224bb4ad7eb7a161a3330df740ba9b9b874d977eb51692aa1c344c47e
asrt.618d7b01abebc568c2adfd3c,purananuru,336,TURAI_VALUE,SOURCE_EXPLICIT,ASSOCIATED_WITH_TURAI,பாற் பாற் காஞ்சி,thurai,yaml:thurai,,,,,high,machine_checked,corpus/purananuru/poems/336.md,20cae74224bb4ad7eb7a161a3330df740ba9b9b874d977eb51692aa1c344c47e
asrt.60f1e7ca5543df4c723fa0db,purananuru,336,SOURCE_CONTEXT_NOTE,SOURCE_EXPLICIT,HAS_PRINTED_TITLE,பண்பில் தாயே!,title_as_printed,yaml:title_as_printed,,,,,high,machine_checked,corpus/purananuru/poems/336.md,20cae74224bb4ad7eb7a161a3330df740ba9b9b874d977eb51692aa1c344c47e
asrt.fd2e8abf9419944b7fdcb393,purananuru,336,SOURCE_CONTEXT_NOTE,SOURCE_EXPLICIT,HAS_PRINTED_SOURCE_NOTE,"பாடியவர்: பரணர்
திணை: காஞ்சி துறை: பாற் பாற் காஞ்சி",source_note,markdown:source-note,,,,,high,machine_checked,corpus/purananuru/poems/336.md,20cae74224bb4ad7eb7a161a3330df740ba9b9b874d977eb51692aa1c344c47e
asrt.6a6d6f9b7808baa0fd68fd71,purananuru,336,TEXTUAL_CONDITION,SOURCE_EXPLICIT,HAS_TEXTUAL_STATUS,complete,textual_status,yaml:textual_status,,,,,high,machine_checked,corpus/purananuru/poems/336.md,20cae74224bb4ad7eb7a161a3330df740ba9b9b874d977eb51692aa1c344c47e
asrt.d401acad925a76d37f785692,purananuru,336,FLORA_MENTION,SOURCE_EXPLICIT,MENTIONS_CANDIDATE,வேங்கை,canonical_body,markdown:canonical-body,9,9,0,6,medium,human_review_required,corpus/purananuru/poems/336.md,20cae74224bb4ad7eb7a161a3330df740ba9b9b874d977eb51692aa1c344c47e
asrt.a038c09460b9f9d896f11c45,purananuru,337,POET_ATTRIBUTION,SOURCE_EXPLICIT,ATTRIBUTED_TO,கபிலர்,poet_as_printed,yaml:poet_as_printed,,,,,high,machine_checked,corpus/purananuru/poems/337.md,15f2dd21116d3121d3916d47d5f1b7b356a6a0c4e5e2f91edeb6be315d351521
asrt.9b374ec92ea262e31b7d6ee2,purananuru,337,TINI_VALUE,SOURCE_EXPLICIT,ASSOCIATED_WITH_TINAI,காஞ்சி துறை : மகட்பாற் காஞ்சி,thinai_as_printed,yaml:thinai_as_printed,,,,,high,machine_checked,corpus/purananuru/poems/337.md,15f2dd21116d3121d3916d47d5f1b7b356a6a0c4e5e2f91edeb6be315d351521
asrt.134ae6a11a92a15af56eaeea,purananuru,337,TURAI_VALUE,SOURCE_EXPLICIT,ASSOCIATED_WITH_TURAI,மகட்பாற் காஞ்சி,thurai,yaml:thurai,,,,,high,machine_checked,corpus/purananuru/poems/337.md,15f2dd21116d3121d3916d47d5f1b7b356a6a0c4e5e2f91edeb6be315d351521
asrt.985aea47cdb8c045edabc797,purananuru,337,SOURCE_CONTEXT_NOTE,SOURCE_EXPLICIT,HAS_PRINTED_TITLE,இவர் மறனும் இற்று!,title_as_printed,yaml:title_as_printed,,,,,high,machine_checked,corpus/purananuru/poems/337.md,15f2dd21116d3121d3916d47d5f1b7b356a6a0c4e5e2f91edeb6be315d351521
asrt.09b7457cb4e57f4b20f9ab30,purananuru,337,SOURCE_CONTEXT_NOTE,SOURCE_EXPLICIT,HAS_PRINTED_SOURCE_NOTE,"பாடியவர்: கபிலர்
திணை: காஞ்சி துறை : மகட்பாற் காஞ்சி",source_note,markdown:source-note,,,,,high,machine_checked,corpus/purananuru/poems/337.md,15f2dd21116d3121d3916d47d5f1b7b356a6a0c4e5e2f91edeb6be315d351521
asrt.a9d427af36b564e533a0f7b3,purananuru,337,TEXTUAL_CONDITION,SOURCE_EXPLICIT,HAS_TEXTUAL_STATUS,incomplete,textual_status,yaml:textual_status,,,,,high,machine_checked,corpus/purananuru/poems/337.md,15f2dd21116d3121d3916d47d5f1b7b356a6a0c4e5e2f91edeb6be315d351521
asrt.5ca7ea6d11d9c68db66e5ee6,purananuru,337,FAUNA_MENTION,SOURCE_EXPLICIT,MENTIONS_CANDIDATE,யானை,canonical_body,markdown:canonical-body,15,15,9,13,medium,human_review_required,corpus/purananuru/poems/337.md,15f2dd21116d3121d3916d47d5f1b7b356a6a0c4e5e2f91edeb6be315d351521
asrt.cba017e5cc19f481e7a6b60b,purananuru,338,POET_ATTRIBUTION,SOURCE_EXPLICIT,ATTRIBUTED_TO,குன்றூர் கிழார் மகனார்,poet_as_printed,yaml:poet_as_printed,,,,,high,machine_checked,corpus/purananuru/poems/338.md,70fb70f33cde7f85bfc5935cc41ee7fe8157a38db6e82c092c742098c7632115
asrt.11e4c69233b6ff057e2d0e3c,purananuru,338,TINI_VALUE,SOURCE_EXPLICIT,ASSOCIATED_WITH_TINAI,காஞ்சி துறை : மகட்பாற் காஞ்சி சிறப்பு: நெடுவேள் ஆதனுக்கு உரிய போந்தைப் பட்டினத்தைப் பற்றிய குறிப்பு,thinai_as_printed,yaml:thinai_as_printed,,,,,high,machine_checked,corpus/purananuru/poems/338.md,70fb70f33cde7f85bfc5935cc41ee7fe8157a38db6e82c092c742098c7632115
asrt.72f7caa804062d8f1e71360b,purananuru,338,TURAI_VALUE,SOURCE_EXPLICIT,ASSOCIATED_WITH_TURAI,மகட்பாற் காஞ்சி சிறப்பு: நெடுவேள் ஆதனுக்கு உரிய போந்தைப் பட்டினத்தைப் பற்றிய குறிப்பு,thurai,yaml:thurai,,,,,high,machine_checked,corpus/purananuru/poems/338.md,70fb70f33cde7f85bfc5935cc41ee7fe8157a38db6e82c092c742098c7632115
asrt.8afb89498e00796d8e52c44c,purananuru,338,SOURCE_CONTEXT_NOTE,SOURCE_EXPLICIT,HAS_PRINTED_TITLE,ஓரெயின் மன்னன் மகள்!,title_as_printed,yaml:title_as_printed,,,,,high,machine_checked,corpus/purananuru/poems/338.md,70fb70f33cde7f85bfc5935cc41ee7fe8157a38db6e82c092c742098c7632115
asrt.7e382726bf1c33e718203351,purananuru,338,SOURCE_CONTEXT_NOTE,SOURCE_EXPLICIT,HAS_PRINTED_SOURCE_NOTE,"பாடியவர்: குன்றூர் கிழார் மகனார்
திணை: காஞ்சி துறை : மகட்பாற் காஞ்சி சிறப்பு: நெடுவேள் ஆதனுக்கு உரிய போந்தைப் பட்டினத்தைப் பற்றிய குறிப்பு.",source_note,markdown:source-note,,,,,high,machine_checked,corpus/purananuru/poems/338.md,70fb70f33cde7f85bfc5935cc41ee7fe8157a38db6e82c092c742098c7632115
asrt.249a69cd3c935702c16ffae4,purananuru,338,TEXTUAL_CONDITION,SOURCE_EXPLICIT,HAS_TEXTUAL_STATUS,complete,textual_status,yaml:textual_status,,,,,high,machine_checked,corpus/purananuru/poems/338.md,70fb70f33cde7f85bfc5935cc41ee7fe8157a38db6e82c092c742098c7632115
asrt.056db6a609e76395fc9eadd0,purananuru,338,FLORA_MENTION,SOURCE_EXPLICIT,MENTIONS_CANDIDATE,நெல்,canonical_body,markdown:canonical-body,2,2,0,4,medium,human_review_required,corpus/purananuru/poems/338.md,70fb70f33cde7f85bfc5935cc41ee7fe8157a38db6e82c092c742098c7632115
asrt.9eefd95ed78c8da3418d29a2,purananuru,338,COMMODITY_MENTION,SOURCE_EXPLICIT,MENTIONS_CANDIDATE,பொன்,canonical_body,markdown:canonical-body,2,2,19,23,medium,human_review_required,corpus/purananuru/poems/338.md,70fb70f33cde7f85bfc5935cc41ee7fe8157a38db6e82c092c742098c7632115
asrt.1c4e15cfe5394805e54ad840,purananuru,338,POLITICAL_RELATION,SOURCE_EXPLICIT,MENTIONS_CANDIDATE,மன்னன்,canonical_body,markdown:canonical-body,12,12,9,15,medium,human_review_required,corpus/purananuru/poems/338.md,70fb70f33cde7f85bfc5935cc41ee7fe8157a38db6e82c092c742098c7632115
asrt.27bac994ba9da9c972f9b39e,purananuru,339,POET_ATTRIBUTION,SOURCE_EXPLICIT,ATTRIBUTED_TO,பெயர் தெரிந்திலது,poet_as_printed,yaml:poet_as_printed,,,,,high,machine_checked,corpus/purananuru/poems/339.md,4cd72d9e15081952992be6d29d5829c15ae837c7e1f7d0309145940db6e62435
asrt.2f9a4b606bdc5eba5101ff51,purananuru,339,TINI_VALUE,SOURCE_EXPLICIT,ASSOCIATED_WITH_TINAI,காஞ்சி துறை : மகட்பாற் காஞ்சி,thinai_as_printed,yaml:thinai_as_printed,,,,,high,machine_checked,corpus/purananuru/poems/339.md,4cd72d9e15081952992be6d29d5829c15ae837c7e1f7d0309145940db6e62435
asrt.36ac727e70d6cfffe0db4221,purananuru,339,TURAI_VALUE,SOURCE_EXPLICIT,ASSOCIATED_WITH_TURAI,மகட்பாற் காஞ்சி,thurai,yaml:thurai,,,,,high,machine_checked,corpus/purananuru/poems/339.md,4cd72d9e15081952992be6d29d5829c15ae837c7e1f7d0309145940db6e62435
asrt.6bd3cb18dca1917f67bb3dc9,purananuru,339,SOURCE_CONTEXT_NOTE,SOURCE_EXPLICIT,HAS_PRINTED_SOURCE_NOTE,"பாடியவர்: பெயர் தெரிந்திலது.
திணை: காஞ்சி துறை : மகட்பாற் காஞ்சி",source_note,markdown:source-note,,,,,high,machine_checked,corpus/purananuru/poems/339.md,4cd72d9e15081952992be6d29d5829c15ae837c7e1f7d0309145940db6e62435
asrt.65532a6cf645358dd18ccd59,purananuru,339,SOURCE_CONTEXT_NOTE,SOURCE_EXPLICIT,HAS_PRINTED_TITLE,வளரவேண்டும் அவளே!,title_as_printed,yaml:title_as_printed,,,,,high,machine_checked,corpus/purananuru/poems/339.md,4cd72d9e15081952992be6d29d5829c15ae837c7e1f7d0309145940db6e62435
asrt.06beddb267c912d259eb822f,purananuru,339,TEXTUAL_CONDITION,SOURCE_EXPLICIT,HAS_TEXTUAL_STATUS,incomplete,textual_status,yaml:textual_status,,,,,high,machine_checked,corpus/purananuru/poems/339.md,4cd72d9e15081952992be6d29d5829c15ae837c7e1f7d0309145940db6e62435
asrt.ec682b305fd9b1e3c41da62c,purananuru,339,WATER_BODY_MENTION,SOURCE_EXPLICIT,MENTIONS_CANDIDATE,கடல்,canonical_body,markdown:canonical-body,7,7,0,4,medium,human_review_required,corpus/purananuru/poems/339.md,4cd72d9e15081952992be6d29d5829c15ae837c7e1f7d0309145940db6e62435
asrt.c79b2f9db2e2168d502fec8d,purananuru,339,FAUNA_MENTION,SOURCE_EXPLICIT,MENTIONS_CANDIDATE,யானை,canonical_body,markdown:canonical-body,13,13,10,14,medium,human_review_required,corpus/purananuru/poems/339.md,4cd72d9e15081952992be6d29d5829c15ae837c7e1f7d0309145940db6e62435
asrt.4cced093d1da70ff02ffc80c,purananuru,340,POET_ATTRIBUTION,SOURCE_EXPLICIT,ATTRIBUTED_TO,பெயர் தெரிந்திலது,poet_as_printed,yaml:poet_as_printed,,,,,high,machine_checked,corpus/purananuru/poems/340.md,b90abf754431650a940ef52bf6fea73f4dd2b3166dfba3d619a33e9fe8aff8c5
asrt.bc842bedf73a6348a2fc28b4,purananuru,340,TINI_VALUE,SOURCE_EXPLICIT,ASSOCIATED_WITH_TINAI,காஞ்சி துறை : மகட்பாற் காஞ்சி,thinai_as_printed,yaml:thinai_as_printed,,,,,high,machine_checked,corpus/purananuru/poems/340.md,b90abf754431650a940ef52bf6fea73f4dd2b3166dfba3d619a33e9fe8aff8c5
asrt.a398ed9256ab09847084c1da,purananuru,340,TURAI_VALUE,SOURCE_EXPLICIT,ASSOCIATED_WITH_TURAI,மகட்பாற் காஞ்சி,thurai,yaml:thurai,,,,,high,machine_checked,corpus/purananuru/poems/340.md,b90abf754431650a940ef52bf6fea73f4dd2b3166dfba3d619a33e9fe8aff8c5
asrt.3e54393b2db0ec2315318c5b,purananuru,340,SOURCE_CONTEXT_NOTE,SOURCE_EXPLICIT,HAS_PRINTED_TITLE,அணித்தழை நுடங்க!,title_as_printed,yaml:title_as_printed,,,,,high,machine_checked,corpus/purananuru/poems/340.md,b90abf754431650a940ef52bf6fea73f4dd2b3166dfba3d619a33e9fe8aff8c5
asrt.8accdca6860b8fcc41de9d54,purananuru,340,SOURCE_CONTEXT_NOTE,SOURCE_EXPLICIT,HAS_PRINTED_SOURCE_NOTE,"பாடியவர்: பெயர் தெரிந்திலது.
திணை: காஞ்சி துறை : மகட்பாற் காஞ்சி",source_note,markdown:source-note,,,,,high,machine_checked,corpus/purananuru/poems/340.md,b90abf754431650a940ef52bf6fea73f4dd2b3166dfba3d619a33e9fe8aff8c5
asrt.bf4df0112732892b03a894e9,purananuru,340,TEXTUAL_CONDITION,SOURCE_EXPLICIT,HAS_TEXTUAL_STATUS,incomplete,textual_status,yaml:textual_status,,,,,high,machine_checked,corpus/purananuru/poems/340.md,b90abf754431650a940ef52bf6fea73f4dd2b3166dfba3d619a33e9fe8aff8c5
asrt.5d1c7aec7bc04694566d0e2c,purananuru,340,KINSHIP_MENTION,SOURCE_EXPLICIT,MENTIONS_CANDIDATE,தந்தை,canonical_body,markdown:canonical-body,6,6,23,28,medium,human_review_required,corpus/purananuru/poems/340.md,b90abf754431650a940ef52bf6fea73f4dd2b3166dfba3d619a33e9fe8aff8c5
asrt.87dc2da23123d3e983cd47dc,purananuru,340,FAUNA_MENTION,SOURCE_EXPLICIT,MENTIONS_CANDIDATE,யானை,canonical_body,markdown:canonical-body,7,7,23,27,medium,human_review_required,corpus/purananuru/poems/340.md,b90abf754431650a940ef52bf6fea73f4dd2b3166dfba3d619a33e9fe8aff8c5
asrt.f5fccbbfa3db7c01fb2d930b,purananuru,341,POET_ATTRIBUTION,SOURCE_EXPLICIT,ATTRIBUTED_TO,பரணர்,poet_as_printed,yaml:poet_as_printed,,,,,high,machine_checked,corpus/purananuru/poems/341.md,d4c631277fae92d272c79638429152f5de1e6696433b6a0c8d54a5b9ae4839ec
asrt.2dd302a00428320935dd9441,purananuru,341,TINI_VALUE,SOURCE_EXPLICIT,ASSOCIATED_WITH_TINAI,காஞ்சி துறை : மகட்பாற் காஞ்சி,thinai_as_printed,yaml:thinai_as_printed,,,,,high,machine_checked,corpus/purananuru/poems/341.md,d4c631277fae92d272c79638429152f5de1e6696433b6a0c8d54a5b9ae4839ec
asrt.eea49e912e946a46dc9c9c2b,purananuru,341,TURAI_VALUE,SOURCE_EXPLICIT,ASSOCIATED_WITH_TURAI,மகட்பாற் காஞ்சி,thurai,yaml:thurai,,,,,high,machine_checked,corpus/purananuru/poems/341.md,d4c631277fae92d272c79638429152f5de1e6696433b6a0c8d54a5b9ae4839ec
asrt.4422a01d3c6ed108042a7b9e,purananuru,341,SOURCE_CONTEXT_NOTE,SOURCE_EXPLICIT,HAS_PRINTED_TITLE,இழப்பது கொல்லோ பெருங்கவின்!,title_as_printed,yaml:title_as_printed,,,,,high,machine_checked,corpus/purananuru/poems/341.md,d4c631277fae92d272c79638429152f5de1e6696433b6a0c8d54a5b9ae4839ec
asrt.3b7d26b1cae85ed7a600d9ab,purananuru,341,SOURCE_CONTEXT_NOTE,SOURCE_EXPLICIT,HAS_PRINTED_SOURCE_NOTE,"பாடியவர்: பரணர்
திணை: காஞ்சி துறை : மகட்பாற் காஞ்சி",source_note,markdown:source-note,,,,,high,machine_checked,corpus/purananuru/poems/341.md,d4c631277fae92d272c79638429152f5de1e6696433b6a0c8d54a5b9ae4839ec
asrt.11a1652b96d11582750e934f,purananuru,341,TEXTUAL_CONDITION,SOURCE_EXPLICIT,HAS_TEXTUAL_STATUS,incomplete,textual_status,yaml:textual_status,,,,,high,machine_checked,corpus/purananuru/poems/341.md,d4c631277fae92d272c79638429152f5de1e6696433b6a0c8d54a5b9ae4839ec
asrt.6ed3b733d2454c89a8d6b2b0,purananuru,341,KINSHIP_MENTION,SOURCE_EXPLICIT,MENTIONS_CANDIDATE,தந்தை,canonical_body,markdown:canonical-body,3,3,29,34,medium,human_review_required,corpus/purananuru/poems/341.md,d4c631277fae92d272c79638429152f5de1e6696433b6a0c8d54a5b9ae4839ec
asrt.beb19c97293d13d7abf8ca6c,purananuru,342,POET_ATTRIBUTION,SOURCE_EXPLICIT,ATTRIBUTED_TO,அரிசில் கிழார்,poet_as_printed,yaml:poet_as_printed,,,,,high,machine_checked,corpus/purananuru/poems/342.md,3c9b34acb447f48cc18073b5127d8a5cf00ef3b77cf5da4e909f359032dee8e8
asrt.7301dd13118ed73e9ebedc0d,purananuru,342,TINI_VALUE,SOURCE_EXPLICIT,ASSOCIATED_WITH_TINAI,காஞ்சி துறை : மகட்பாற் காஞ்சி,thinai_as_printed,yaml:thinai_as_printed,,,,,high,machine_checked,corpus/purananuru/poems/342.md,3c9b34acb447f48cc18073b5127d8a5cf00ef3b77cf5da4e909f359032dee8e8
asrt.6945103143086ecaeed35162,purananuru,342,TURAI_VALUE,SOURCE_EXPLICIT,ASSOCIATED_WITH_TURAI,மகட்பாற் காஞ்சி,thurai,yaml:thurai,,,,,high,machine_checked,corpus/purananuru/poems/342.md,3c9b34acb447f48cc18073b5127d8a5cf00ef3b77cf5da4e909f359032dee8e8
asrt.96fa714af5d3b6a748ac3ae0,purananuru,342,SOURCE_CONTEXT_NOTE,SOURCE_EXPLICIT,HAS_PRINTED_SOURCE_NOTE,"பாடியவர்: அரிசில் கிழார்
திணை: காஞ்சி துறை : மகட்பாற் காஞ்சி",source_note,markdown:source-note,,,,,high,machine_checked,corpus/purananuru/poems/342.md,3c9b34acb447f48cc18073b5127d8a5cf00ef3b77cf5da4e909f359032dee8e8
asrt.5b71d2f6fece6eabf56d50e0,purananuru,342,SOURCE_CONTEXT_NOTE,SOURCE_EXPLICIT,HAS_PRINTED_TITLE,வாள்தக உழக்கும் மாட்சியர்!,title_as_printed,yaml:title_as_printed,,,,,high,machine_checked,corpus/purananuru/poems/342.md,3c9b34acb447f48cc18073b5127d8a5cf00ef3b77cf5da4e909f359032dee8e8
asrt.68a326763023708e91d57e59,purananuru,342,TEXTUAL_CONDITION,SOURCE_EXPLICIT,HAS_TEXTUAL_STATUS,complete,textual_status,yaml:textual_status,,,,,high,machine_checked,corpus/purananuru/poems/342.md,3c9b34acb447f48cc18073b5127d8a5cf00ef3b77cf5da4e909f359032dee8e8
asrt.73826b1f328a52f459310b47,purananuru,343,POET_ATTRIBUTION,SOURCE_EXPLICIT,ATTRIBUTED_TO,பரணர்,poet_as_printed,yaml:poet_as_printed,,,,,high,machine_checked,corpus/purananuru/poems/343.md,c15f6122c5f77c681e7114bb23d744f5414b2e611aa00760d34571cc5c7ab0e9
asrt.0178e499cf8f51ef2701ae4c,purananuru,343,TINI_VALUE,SOURCE_EXPLICIT,ASSOCIATED_WITH_TINAI,காஞ்சி துறை : மகட்பாற் காஞ்சி,thinai_as_printed,yaml:thinai_as_printed,,,,,high,machine_checked,corpus/purananuru/poems/343.md,c15f6122c5f77c681e7114bb23d744f5414b2e611aa00760d34571cc5c7ab0e9
asrt.76e49b509484dcc63bb6f7bb,purananuru,343,TURAI_VALUE,SOURCE_EXPLICIT,ASSOCIATED_WITH_TURAI,மகட்பாற் காஞ்சி,thurai,yaml:thurai,,,,,high,machine_checked,corpus/purananuru/poems/343.md,c15f6122c5f77c681e7114bb23d744f5414b2e611aa00760d34571cc5c7ab0e9
asrt.29c4aad1672b39529949fca9,purananuru,343,SOURCE_CONTEXT_NOTE,SOURCE_EXPLICIT,HAS_PRINTED_TITLE,ஏணி வருந்தின்று!,title_as_printed,yaml:title_as_printed,,,,,high,machine_checked,corpus/purananuru/poems/343.md,c15f6122c5f77c681e7114bb23d744f5414b2e611aa00760d34571cc5c7ab0e9
asrt.d8a5a87b7030e892fcc5329d,purananuru,343,SOURCE_CONTEXT_NOTE,SOURCE_EXPLICIT,HAS_PRINTED_SOURCE_NOTE,"பாடியவர்: பரணர்
திணை: காஞ்சி துறை : மகட்பாற் காஞ்சி",source_note,markdown:source-note,,,,,high,machine_checked,corpus/purananuru/poems/343.md,c15f6122c5f77c681e7114bb23d744f5414b2e611aa00760d34571cc5c7ab0e9
asrt.7fe7052e174f08e7248201cd,purananuru,343,TEXTUAL_CONDITION,SOURCE_EXPLICIT,HAS_TEXTUAL_STATUS,complete,textual_status,yaml:textual_status,,,,,high,machine_checked,corpus/purananuru/poems/343.md,c15f6122c5f77c681e7114bb23d744f5414b2e611aa00760d34571cc5c7ab0e9
asrt.aa50bf5a731c9c156e46ea89,purananuru,343,WATER_BODY_MENTION,SOURCE_EXPLICIT,MENTIONS_CANDIDATE,கடல்,canonical_body,markdown:canonical-body,7,7,14,18,medium,human_review_required,corpus/purananuru/poems/343.md,c15f6122c5f77c681e7114bb23d744f5414b2e611aa00760d34571cc5c7ab0e9
asrt.8c1ddb727a3755d0fe28f64c,purananuru,343,WATER_BODY_MENTION,SOURCE_EXPLICIT,MENTIONS_CANDIDATE,கடல்,canonical_body,markdown:canonical-body,10,10,8,12,medium,human_review_required,corpus/purananuru/poems/343.md,c15f6122c5f77c681e7114bb23d744f5414b2e611aa00760d34571cc5c7ab0e9
asrt.c4a26b0972a87a16ec07830c,purananuru,343,FLORA_MENTION,SOURCE_EXPLICIT,MENTIONS_CANDIDATE,நெல்,canonical_body,markdown:canonical-body,1,1,15,19,medium,human_review_required,corpus/purananuru/poems/343.md,c15f6122c5f77c681e7114bb23d744f5414b2e611aa00760d34571cc5c7ab0e9
asrt.36a8af7d65aedf038da43da7,purananuru,343,FAUNA_MENTION,SOURCE_EXPLICIT,MENTIONS_CANDIDATE,மீன்,canonical_body,markdown:canonical-body,1,1,1,5,medium,human_review_required,corpus/purananuru/poems/343.md,c15f6122c5f77c681e7114bb23d744f5414b2e611aa00760d34571cc5c7ab0e9
asrt.22ab7b4fadbca113b89f627f,purananuru,344,POET_ATTRIBUTION,SOURCE_EXPLICIT,ATTRIBUTED_TO,அடைநெடுங் கல்வியார் பாடப்பட்டோன்: பெயர் தெரிந்திலது,poet_as_printed,yaml:poet_as_printed,,,,,high,machine_checked,corpus/purananuru/poems/344.md,bd0b70855911f0364b422dd90ad485a7e553a5bc61763ad3d203e4ad3031a1da
asrt.d43e472a0cca42975140ddd3,purananuru,344,TINI_VALUE,SOURCE_EXPLICIT,ASSOCIATED_WITH_TINAI,காஞ்சி துறை : மகட்பாற் காஞ்சி,thinai_as_printed,yaml:thinai_as_printed,,,,,high,machine_checked,corpus/purananuru/poems/344.md,bd0b70855911f0364b422dd90ad485a7e553a5bc61763ad3d203e4ad3031a1da
asrt.dadc9245b17d03b3ea7aaed3,purananuru,344,TURAI_VALUE,SOURCE_EXPLICIT,ASSOCIATED_WITH_TURAI,மகட்பாற் காஞ்சி,thurai,yaml:thurai,,,,,high,machine_checked,corpus/purananuru/poems/344.md,bd0b70855911f0364b422dd90ad485a7e553a5bc61763ad3d203e4ad3031a1da
asrt.753f51b2207668cae5dd7984,purananuru,344,SOURCE_CONTEXT_NOTE,SOURCE_EXPLICIT,HAS_PRINTED_TITLE,இரண்டினுள் ஒன்று!,title_as_printed,yaml:title_as_printed,,,,,high,machine_checked,corpus/purananuru/poems/344.md,bd0b70855911f0364b422dd90ad485a7e553a5bc61763ad3d203e4ad3031a1da
asrt.0c8ba00d740db462c01b7fe5,purananuru,344,SOURCE_CONTEXT_NOTE,SOURCE_EXPLICIT,HAS_PRINTED_SOURCE_NOTE,"பாடியவர்: அடைநெடுங் கல்வியார் பாடப்பட்டோன்: பெயர் தெரிந்திலது.
திணை: காஞ்சி துறை : மகட்பாற் காஞ்சி
(திணை, வாகையும், துறை, மூதின் முல்லையும் கூறப்படும்.)",source_note,markdown:source-note,,,,,high,machine_checked,corpus/purananuru/poems/344.md,bd0b70855911f0364b422dd90ad485a7e553a5bc61763ad3d203e4ad3031a1da
asrt.76a6b9e26e81c6a6a5f33bde,purananuru,344,TEXTUAL_CONDITION,SOURCE_EXPLICIT,HAS_TEXTUAL_STATUS,incomplete,textual_status,yaml:textual_status,,,,,high,machine_checked,corpus/purananuru/poems/344.md,bd0b70855911f0364b422dd90ad485a7e553a5bc61763ad3d203e4ad3031a1da
asrt.a47b665a53869cb8cf1099d1,purananuru,345,POET_ATTRIBUTION,SOURCE_EXPLICIT,ATTRIBUTED_TO,அடைநெடுங் கல்வியார் பாடப்பட்டோன்: பெயர் தெரிந்திலது,poet_as_printed,yaml:poet_as_printed,,,,,high,machine_checked,corpus/purananuru/poems/345.md,cc2ae9047a1815b17af15f2bc73bca34400cc5f5467af2b4f739512506984d75
asrt.2d2e5db8c18b37768e22d898,purananuru,345,TINI_VALUE,SOURCE_EXPLICIT,ASSOCIATED_WITH_TINAI,காஞ்சி துறை : மகட்பாற் காஞ்சி,thinai_as_printed,yaml:thinai_as_printed,,,,,high,machine_checked,corpus/purananuru/poems/345.md,cc2ae9047a1815b17af15f2bc73bca34400cc5f5467af2b4f739512506984d75
asrt.396d4083f495fe852a87ebe7,purananuru,345,TURAI_VALUE,SOURCE_EXPLICIT,ASSOCIATED_WITH_TURAI,மகட்பாற் காஞ்சி,thurai,yaml:thurai,,,,,high,machine_checked,corpus/purananuru/poems/345.md,cc2ae9047a1815b17af15f2bc73bca34400cc5f5467af2b4f739512506984d75
asrt.549ee6732142328b28f58b13,purananuru,345,SOURCE_CONTEXT_NOTE,SOURCE_EXPLICIT,HAS_PRINTED_TITLE,பன்னல் வேலிப் பணை நல்லூர்!,title_as_printed,yaml:title_as_printed,,,,,high,machine_checked,corpus/purananuru/poems/345.md,cc2ae9047a1815b17af15f2bc73bca34400cc5f5467af2b4f739512506984d75
asrt.dd074c7774ff35ffed9483cc,purananuru,345,SOURCE_CONTEXT_NOTE,SOURCE_EXPLICIT,HAS_PRINTED_SOURCE_NOTE,"பாடியவர்: அடைநெடுங் கல்வியார் பாடப்பட்டோன்: பெயர் தெரிந்திலது.
திணை: காஞ்சி துறை : மகட்பாற் காஞ்சி
(திணை, வாகையும், துறை, மூதின் முல்லையும் கூறப்படும்.)",source_note,markdown:source-note,,,,,high,machine_checked,corpus/purananuru/poems/345.md,cc2ae9047a1815b17af15f2bc73bca34400cc5f5467af2b4f739512506984d75
asrt.a986d91121ad7113295035f8,purananuru,345,TEXTUAL_CONDITION,SOURCE_EXPLICIT,HAS_TEXTUAL_STATUS,complete,textual_status,yaml:textual_status,,,,,high,machine_checked,corpus/purananuru/poems/345.md,cc2ae9047a1815b17af15f2bc73bca34400cc5f5467af2b4f739512506984d75
asrt.a601b2bafbced2d6e0f28c64,purananuru,345,COMMUNITY_MENTION,SOURCE_EXPLICIT,MENTIONS_CANDIDATE,மறவர்,canonical_body,markdown:canonical-body,5,5,6,11,medium,human_review_required,corpus/purananuru/poems/345.md,cc2ae9047a1815b17af15f2bc73bca34400cc5f5467af2b4f739512506984d75
asrt.406ebfd668d8b4e7fd16d425,purananuru,345,FAUNA_MENTION,SOURCE_EXPLICIT,MENTIONS_CANDIDATE,களிறு,canonical_body,markdown:canonical-body,1,1,0,5,medium,human_review_required,corpus/purananuru/poems/345.md,cc2ae9047a1815b17af15f2bc73bca34400cc5f5467af2b4f739512506984d75
asrt.4e6caefda4deb5a682ba7f35,purananuru,346,POET_ATTRIBUTION,SOURCE_EXPLICIT,ATTRIBUTED_TO,அண்டர் மகன் குறுவழுதி,poet_as_printed,yaml:poet_as_printed,,,,,high,machine_checked,corpus/purananuru/poems/346.md,fc11cc4d1d91f32a9e3d0aea5974a7e6209a007281afb3675c835fdf36ea073a
asrt.01427da10646c1a46671551a,purananuru,346,TINI_VALUE,SOURCE_EXPLICIT,ASSOCIATED_WITH_TINAI,காஞ்சி துறை : மகட்பாற் காஞ்சி,thinai_as_printed,yaml:thinai_as_printed,,,,,high,machine_checked,corpus/purananuru/poems/346.md,fc11cc4d1d91f32a9e3d0aea5974a7e6209a007281afb3675c835fdf36ea073a
asrt.fc9b3c64c8324540ff86e749,purananuru,346,TURAI_VALUE,SOURCE_EXPLICIT,ASSOCIATED_WITH_TURAI,மகட்பாற் காஞ்சி,thurai,yaml:thurai,,,,,high,machine_checked,corpus/purananuru/poems/346.md,fc11cc4d1d91f32a9e3d0aea5974a7e6209a007281afb3675c835fdf36ea073a
asrt.bd00727fc8b35f9452d85a32,purananuru,346,SOURCE_CONTEXT_NOTE,SOURCE_EXPLICIT,HAS_PRINTED_SOURCE_NOTE,"பாடியவர்: அண்டர் மகன் குறுவழுதி
திணை: காஞ்சி துறை : மகட்பாற் காஞ்சி",source_note,markdown:source-note,,,,,high,machine_checked,corpus/purananuru/poems/346.md,fc11cc4d1d91f32a9e3d0aea5974a7e6209a007281afb3675c835fdf36ea073a
asrt.1bd5fc9334805a14e47e3506,purananuru,346,SOURCE_CONTEXT_NOTE,SOURCE_EXPLICIT,HAS_PRINTED_TITLE,பாழ் செய்யும் இவள் நலினே!,title_as_printed,yaml:title_as_printed,,,,,high,machine_checked,corpus/purananuru/poems/346.md,fc11cc4d1d91f32a9e3d0aea5974a7e6209a007281afb3675c835fdf36ea073a
asrt.fa2ed949320a9523f429f37c,purananuru,346,TEXTUAL_CONDITION,SOURCE_EXPLICIT,HAS_TEXTUAL_STATUS,incomplete,textual_status,yaml:textual_status,,,,,high,machine_checked,corpus/purananuru/poems/346.md,fc11cc4d1d91f32a9e3d0aea5974a7e6209a007281afb3675c835fdf36ea073a
asrt.c5c300e867f81e76c730b5b6,purananuru,347,POET_ATTRIBUTION,SOURCE_EXPLICIT,ATTRIBUTED_TO,கபிலர்,poet_as_printed,yaml:poet_as_printed,,,,,high,machine_checked,corpus/purananuru/poems/347.md,ba1a78cd790cdf4a944d7f73ece818d5e820fe791443a897cdb7c0b054758790
asrt.9ac3741ad1d6af648e04faf8,purananuru,347,TINI_VALUE,SOURCE_EXPLICIT,ASSOCIATED_WITH_TINAI,காஞ்சி துறை : மகட்பாற் காஞ்சி,thinai_as_printed,yaml:thinai_as_printed,,,,,high,machine_checked,corpus/purananuru/poems/347.md,ba1a78cd790cdf4a944d7f73ece818d5e820fe791443a897cdb7c0b054758790
asrt.81d6cca08fec84dd9fa91221,purananuru,347,TURAI_VALUE,SOURCE_EXPLICIT,ASSOCIATED_WITH_TURAI,மகட்பாற் காஞ்சி,thurai,yaml:thurai,,,,,high,machine_checked,corpus/purananuru/poems/347.md,ba1a78cd790cdf4a944d7f73ece818d5e820fe791443a897cdb7c0b054758790
asrt.ee9f44bc1ae185f73bc6c1f2,purananuru,347,SOURCE_CONTEXT_NOTE,SOURCE_EXPLICIT,HAS_PRINTED_SOURCE_NOTE,"பாடியவர்: கபிலர்
திணை: காஞ்சி துறை : மகட்பாற் காஞ்சி",source_note,markdown:source-note,,,,,high,machine_checked,corpus/purananuru/poems/347.md,ba1a78cd790cdf4a944d7f73ece818d5e820fe791443a897cdb7c0b054758790
asrt.5479724e57d455d4e642f962,purananuru,347,SOURCE_CONTEXT_NOTE,SOURCE_EXPLICIT,HAS_PRINTED_TITLE,வேர் துளங்கின மரனே!,title_as_printed,yaml:title_as_printed,,,,,high,machine_checked,corpus/purananuru/poems/347.md,ba1a78cd790cdf4a944d7f73ece818d5e820fe791443a897cdb7c0b054758790
asrt.40b0e510373e6bf4bc46a1f9,purananuru,347,TEXTUAL_CONDITION,SOURCE_EXPLICIT,HAS_TEXTUAL_STATUS,incomplete,textual_status,yaml:textual_status,,,,,high,machine_checked,corpus/purananuru/poems/347.md,ba1a78cd790cdf4a944d7f73ece818d5e820fe791443a897cdb7c0b054758790
asrt.211c2c6bf7baf1114db63608,purananuru,347,FAUNA_MENTION,SOURCE_EXPLICIT,MENTIONS_CANDIDATE,யானை,canonical_body,markdown:canonical-body,11,11,10,14,medium,human_review_required,corpus/purananuru/poems/347.md,ba1a78cd790cdf4a944d7f73ece818d5e820fe791443a897cdb7c0b054758790
asrt.3adedf32ee60750e06851572,purananuru,348,POET_ATTRIBUTION,SOURCE_EXPLICIT,ATTRIBUTED_TO,பரணர்,poet_as_printed,yaml:poet_as_printed,,,,,high,machine_checked,corpus/purananuru/poems/348.md,0dcea2d663d2fe214384061384f5265b5494c3a8bd5f51978bb73d18d40137f4
asrt.f071d455c98a3e195b37a5a9,purananuru,348,TINI_VALUE,SOURCE_EXPLICIT,ASSOCIATED_WITH_TINAI,காஞ்சி துறை : மகட்பாற் காஞ்சி,thinai_as_printed,yaml:thinai_as_printed,,,,,high,machine_checked,corpus/purananuru/poems/348.md,0dcea2d663d2fe214384061384f5265b5494c3a8bd5f51978bb73d18d40137f4
asrt.dcd486f6a6181fdde7ba3190,purananuru,348,TURAI_VALUE,SOURCE_EXPLICIT,ASSOCIATED_WITH_TURAI,மகட்பாற் காஞ்சி,thurai,yaml:thurai,,,,,high,machine_checked,corpus/purananuru/poems/348.md,0dcea2d663d2fe214384061384f5265b5494c3a8bd5f51978bb73d18d40137f4
asrt.d8b57726619f4d126ac64e9f,purananuru,348,SOURCE_CONTEXT_NOTE,SOURCE_EXPLICIT,HAS_PRINTED_SOURCE_NOTE,"பாடியவர்: பரணர்
திணை: காஞ்சி துறை : மகட்பாற் காஞ்சி",source_note,markdown:source-note,,,,,high,machine_checked,corpus/purananuru/poems/348.md,0dcea2d663d2fe214384061384f5265b5494c3a8bd5f51978bb73d18d40137f4
asrt.1b117cf0165bb39cc20711e0,purananuru,348,SOURCE_CONTEXT_NOTE,SOURCE_EXPLICIT,HAS_PRINTED_TITLE,பெருந்துறை மரனே!,title_as_printed,yaml:title_as_printed,,,,,high,machine_checked,corpus/purananuru/poems/348.md,0dcea2d663d2fe214384061384f5265b5494c3a8bd5f51978bb73d18d40137f4
asrt.21663b97822d21b9b987f056,purananuru,348,TEXTUAL_CONDITION,SOURCE_EXPLICIT,HAS_TEXTUAL_STATUS,complete,textual_status,yaml:textual_status,,,,,high,machine_checked,corpus/purananuru/poems/348.md,0dcea2d663d2fe214384061384f5265b5494c3a8bd5f51978bb73d18d40137f4
asrt.726bb0e0d7c66c21750a17b8,purananuru,348,FAUNA_MENTION,SOURCE_EXPLICIT,MENTIONS_CANDIDATE,மீன்,canonical_body,markdown:canonical-body,4,4,0,4,medium,human_review_required,corpus/purananuru/poems/348.md,0dcea2d663d2fe214384061384f5265b5494c3a8bd5f51978bb73d18d40137f4
asrt.43b1b501aeacdced2c5909be,purananuru,348,FAUNA_MENTION,SOURCE_EXPLICIT,MENTIONS_CANDIDATE,யானை,canonical_body,markdown:canonical-body,9,9,10,14,medium,human_review_required,corpus/purananuru/poems/348.md,0dcea2d663d2fe214384061384f5265b5494c3a8bd5f51978bb73d18d40137f4
asrt.ba65de929584e2ade8c1cf2b,purananuru,349,POET_ATTRIBUTION,SOURCE_EXPLICIT,ATTRIBUTED_TO,மதுரை மருதனிள நாகனார்,poet_as_printed,yaml:poet_as_printed,,,,,high,machine_checked,corpus/purananuru/poems/349.md,9d946574e53f2f186c83132f0b485ea0e9b76af06c235c3fea2b2032bd3f7071
asrt.9c9d88f7b4fd3dc128d1ee86,purananuru,349,TINI_VALUE,SOURCE_EXPLICIT,ASSOCIATED_WITH_TINAI,காஞ்சி துறை : மகட்பாற் காஞ்சி,thinai_as_printed,yaml:thinai_as_printed,,,,,high,machine_checked,corpus/purananuru/poems/349.md,9d946574e53f2f186c83132f0b485ea0e9b76af06c235c3fea2b2032bd3f7071
asrt.99491193b372a324f328d986,purananuru,349,TURAI_VALUE,SOURCE_EXPLICIT,ASSOCIATED_WITH_TURAI,மகட்பாற் காஞ்சி,thurai,yaml:thurai,,,,,high,machine_checked,corpus/purananuru/poems/349.md,9d946574e53f2f186c83132f0b485ea0e9b76af06c235c3fea2b2032bd3f7071
asrt.f92da8574d2915a85245401a,purananuru,349,SOURCE_CONTEXT_NOTE,SOURCE_EXPLICIT,HAS_PRINTED_TITLE,ஊர்க்கு அணங்காயினள்!,title_as_printed,yaml:title_as_printed,,,,,high,machine_checked,corpus/purananuru/poems/349.md,9d946574e53f2f186c83132f0b485ea0e9b76af06c235c3fea2b2032bd3f7071
asrt.6473342a7efee1c4821b794b,purananuru,349,SOURCE_CONTEXT_NOTE,SOURCE_EXPLICIT,HAS_PRINTED_SOURCE_NOTE,"பாடியவர்: மதுரை மருதனிள நாகனார்
திணை: காஞ்சி துறை : மகட்பாற் காஞ்சி",source_note,markdown:source-note,,,,,high,machine_checked,corpus/purananuru/poems/349.md,9d946574e53f2f186c83132f0b485ea0e9b76af06c235c3fea2b2032bd3f7071
asrt.69c60b2f8a2e483c573902f2,purananuru,349,TEXTUAL_CONDITION,SOURCE_EXPLICIT,HAS_TEXTUAL_STATUS,complete,textual_status,yaml:textual_status,,,,,high,machine_checked,corpus/purananuru/poems/349.md,9d946574e53f2f186c83132f0b485ea0e9b76af06c235c3fea2b2032bd3f7071
asrt.f1129e4d53d035a40250c2be,purananuru,350,POET_ATTRIBUTION,SOURCE_EXPLICIT,ATTRIBUTED_TO,மதுரை ஓலைக்கடைக் கண்ணம் புகுந்தார் ஆயத்தனார்,poet_as_printed,yaml:poet_as_printed,,,,,high,machine_checked,corpus/purananuru/poems/350.md,f35f25d1f28883062bb32bd9d80297769e4a03c1360058e8ece6ed7074855140
asrt.8106bbf1bd69041c03a18807,purananuru,350,TINI_VALUE,SOURCE_EXPLICIT,ASSOCIATED_WITH_TINAI,காஞ்சி துறை: மகட்பாற் காஞ்சி,thinai_as_printed,yaml:thinai_as_printed,,,,,high,machine_checked,corpus/purananuru/poems/350.md,f35f25d1f28883062bb32bd9d80297769e4a03c1360058e8ece6ed7074855140
asrt.9fecf4761d83976e742d5123,purananuru,350,TURAI_VALUE,SOURCE_EXPLICIT,ASSOCIATED_WITH_TURAI,மகட்பாற் காஞ்சி,thurai,yaml:thurai,,,,,high,machine_checked,corpus/purananuru/poems/350.md,f35f25d1f28883062bb32bd9d80297769e4a03c1360058e8ece6ed7074855140
asrt.f7a858a6cd660ed6153d331a,purananuru,350,SOURCE_CONTEXT_NOTE,SOURCE_EXPLICIT,HAS_PRINTED_SOURCE_NOTE,"பாடியவர்: மதுரை ஓலைக்கடைக் கண்ணம் புகுந்தார் ஆயத்தனார்
திணை: காஞ்சி துறை: மகட்பாற் காஞ்சி",source_note,markdown:source-note,,,,,high,machine_checked,corpus/purananuru/poems/350.md,f35f25d1f28883062bb32bd9d80297769e4a03c1360058e8ece6ed7074855140
asrt.2f8a143ec0eaacf4b49c96e7,purananuru,350,SOURCE_CONTEXT_NOTE,SOURCE_EXPLICIT,HAS_PRINTED_TITLE,வாயிற் கொட்குவர் மாதோ!,title_as_printed,yaml:title_as_printed,,,,,high,machine_checked,corpus/purananuru/poems/350.md,f35f25d1f28883062bb32bd9d80297769e4a03c1360058e8ece6ed7074855140
asrt.ab6374bdb875635864a9cdc6,purananuru,350,TEXTUAL_CONDITION,SOURCE_EXPLICIT,HAS_TEXTUAL_STATUS,complete,textual_status,yaml:textual_status,,,,,high,machine_checked,corpus/purananuru/poems/350.md,f35f25d1f28883062bb32bd9d80297769e4a03c1360058e8ece6ed7074855140
asrt.8107ad02558ad5afc8c0ff71,purananuru,350,WARFARE_MENTION,SOURCE_EXPLICIT,MENTIONS_CANDIDATE,போர்,canonical_body,markdown:canonical-body,7,7,25,29,medium,human_review_required,corpus/purananuru/poems/350.md,f35f25d1f28883062bb32bd9d80297769e4a03c1360058e8ece6ed7074855140
asrt.6a7275b6687d250bfad52d12,purananuru,351,POET_ATTRIBUTION,SOURCE_EXPLICIT,ATTRIBUTED_TO,மதுரைப் படைமங்க மன்னியார்,poet_as_printed,yaml:poet_as_printed,,,,,high,machine_checked,corpus/purananuru/poems/351.md,a52fb09735f47b1a35410957d1abec9234df83bccd5ffc1d039dbcafb2d28cf0
asrt.bdb8a7ba217ff48f77833bd7,purananuru,351,TINI_VALUE,SOURCE_EXPLICIT,ASSOCIATED_WITH_TINAI,காஞ்சி துறை: மகட்பாற் காஞ்சி,thinai_as_printed,yaml:thinai_as_printed,,,,,high,machine_checked,corpus/purananuru/poems/351.md,a52fb09735f47b1a35410957d1abec9234df83bccd5ffc1d039dbcafb2d28cf0
asrt.bc881ee7ac2cafac46efbb5d,purananuru,351,TURAI_VALUE,SOURCE_EXPLICIT,ASSOCIATED_WITH_TURAI,மகட்பாற் காஞ்சி,thurai,yaml:thurai,,,,,high,machine_checked,corpus/purananuru/poems/351.md,a52fb09735f47b1a35410957d1abec9234df83bccd5ffc1d039dbcafb2d28cf0
asrt.96f2e1d6252c684b1a342356,purananuru,351,SOURCE_CONTEXT_NOTE,SOURCE_EXPLICIT,HAS_PRINTED_TITLE,தாராது அமைகுவர் அல்லர்!,title_as_printed,yaml:title_as_printed,,,,,high,machine_checked,corpus/purananuru/poems/351.md,a52fb09735f47b1a35410957d1abec9234df83bccd5ffc1d039dbcafb2d28cf0
asrt.a1f8629ba5f557bc6521f5d1,purananuru,351,SOURCE_CONTEXT_NOTE,SOURCE_EXPLICIT,HAS_PRINTED_SOURCE_NOTE,"பாடியவர்: மதுரைப் படைமங்க மன்னியார்
திணை: காஞ்சி துறை: மகட்பாற் காஞ்சி",source_note,markdown:source-note,,,,,high,machine_checked,corpus/purananuru/poems/351.md,a52fb09735f47b1a35410957d1abec9234df83bccd5ffc1d039dbcafb2d28cf0
asrt.d6e6770e1779f7e97130f34a,purananuru,351,TEXTUAL_CONDITION,SOURCE_EXPLICIT,HAS_TEXTUAL_STATUS,complete,textual_status,yaml:textual_status,,,,,high,machine_checked,corpus/purananuru/poems/351.md,a52fb09735f47b1a35410957d1abec9234df83bccd5ffc1d039dbcafb2d28cf0
asrt.18f5c8f208ccf03a21c4d132,purananuru,352,POET_ATTRIBUTION,SOURCE_EXPLICIT,ATTRIBUTED_TO,பரணர்,poet_as_printed,yaml:poet_as_printed,,,,,high,machine_checked,corpus/purananuru/poems/352.md,2a6b900dcdfdbaabd83c4e8b877ff3cd75597ce87b634e855b642b36d90a700f
asrt.c3a8f28f26de34153b1f8e8d,purananuru,352,TINI_VALUE,SOURCE_EXPLICIT,ASSOCIATED_WITH_TINAI,காஞ்சி துறை: மகட்பாற் காஞ்சி குறிப்பு: இடையிடை சிதைவுற்ற செய்யுள் இது,thinai_as_printed,yaml:thinai_as_printed,,,,,high,machine_checked,corpus/purananuru/poems/352.md,2a6b900dcdfdbaabd83c4e8b877ff3cd75597ce87b634e855b642b36d90a700f
asrt.0d01ef1cc4752d636075cef5,purananuru,352,TURAI_VALUE,SOURCE_EXPLICIT,ASSOCIATED_WITH_TURAI,மகட்பாற் காஞ்சி குறிப்பு: இடையிடை சிதைவுற்ற செய்யுள் இது,thurai,yaml:thurai,,,,,high,machine_checked,corpus/purananuru/poems/352.md,2a6b900dcdfdbaabd83c4e8b877ff3cd75597ce87b634e855b642b36d90a700f
asrt.ebe61c7befc5d40054c3fdc4,purananuru,352,SOURCE_CONTEXT_NOTE,SOURCE_EXPLICIT,HAS_PRINTED_TITLE,தித்தன் உறந்தை யன்ன!,title_as_printed,yaml:title_as_printed,,,,,high,machine_checked,corpus/purananuru/poems/352.md,2a6b900dcdfdbaabd83c4e8b877ff3cd75597ce87b634e855b642b36d90a700f
asrt.c4821080849f4e4c072cd049,purananuru,352,SOURCE_CONTEXT_NOTE,SOURCE_EXPLICIT,HAS_PRINTED_SOURCE_NOTE,"பாடியவர்: பரணர்
திணை: காஞ்சி துறை: மகட்பாற் காஞ்சி குறிப்பு: இடையிடை சிதைவுற்ற செய்யுள் இது.
சிறப்பு: தித்தன் காலத்து உறந்தையின் நெல் வளம்.",source_note,markdown:source-note,,,,,high,machine_checked,corpus/purananuru/poems/352.md,2a6b900dcdfdbaabd83c4e8b877ff3cd75597ce87b634e855b642b36d90a700f
asrt.a642312b97ae45443970cb8f,purananuru,352,TEXTUAL_CONDITION,SOURCE_EXPLICIT,HAS_TEXTUAL_STATUS,incomplete,textual_status,yaml:textual_status,,,,,high,machine_checked,corpus/purananuru/poems/352.md,2a6b900dcdfdbaabd83c4e8b877ff3cd75597ce87b634e855b642b36d90a700f
asrt.2127b34866528fe73eb84aaa,purananuru,353,POET_ATTRIBUTION,SOURCE_EXPLICIT,ATTRIBUTED_TO,காவிரிப்பூம் பட்டினத்துக் காரிக்கண்ணனார்,poet_as_printed,yaml:poet_as_printed,,,,,high,machine_checked,corpus/purananuru/poems/353.md,f50b69e4ca9fc03483e6198a08676926082d8986a664e1f4d15bab16c61b6674
asrt.57af538316242149c9b256f3,purananuru,353,TINI_VALUE,SOURCE_EXPLICIT,ASSOCIATED_WITH_TINAI,காஞ்சி துறை: மகட்பாற் காஞ்சி,thinai_as_printed,yaml:thinai_as_printed,,,,,high,machine_checked,corpus/purananuru/poems/353.md,f50b69e4ca9fc03483e6198a08676926082d8986a664e1f4d15bab16c61b6674
asrt.e24aa5dcc3eecfda112b9756,purananuru,353,TURAI_VALUE,SOURCE_EXPLICIT,ASSOCIATED_WITH_TURAI,மகட்பாற் காஞ்சி,thurai,yaml:thurai,,,,,high,machine_checked,corpus/purananuru/poems/353.md,f50b69e4ca9fc03483e6198a08676926082d8986a664e1f4d15bab16c61b6674
asrt.048dafce1103e82349414ecb,purananuru,353,SOURCE_CONTEXT_NOTE,SOURCE_EXPLICIT,HAS_PRINTED_TITLE,'யார் மகள்?' என்போய்!,title_as_printed,yaml:title_as_printed,,,,,high,machine_checked,corpus/purananuru/poems/353.md,f50b69e4ca9fc03483e6198a08676926082d8986a664e1f4d15bab16c61b6674
asrt.d315855e6fd36dab05c3c290,purananuru,353,SOURCE_CONTEXT_NOTE,SOURCE_EXPLICIT,HAS_PRINTED_SOURCE_NOTE,"பாடியவர்: காவிரிப்பூம் பட்டினத்துக் காரிக்கண்ணனார்
திணை: காஞ்சி துறை: மகட்பாற் காஞ்சி",source_note,markdown:source-note,,,,,high,machine_checked,corpus/purananuru/poems/353.md,f50b69e4ca9fc03483e6198a08676926082d8986a664e1f4d15bab16c61b6674
asrt.2e5897e2f42918b4c1d30a51,purananuru,353,TEXTUAL_CONDITION,SOURCE_EXPLICIT,HAS_TEXTUAL_STATUS,incomplete,textual_status,yaml:textual_status,,,,,high,machine_checked,corpus/purananuru/poems/353.md,f50b69e4ca9fc03483e6198a08676926082d8986a664e1f4d15bab16c61b6674
asrt.6625ca78cb776ac63a2e566a,purananuru,353,POLITICAL_RELATION,SOURCE_EXPLICIT,MENTIONS_CANDIDATE,மன்னன்,canonical_body,markdown:canonical-body,11,11,9,15,medium,human_review_required,corpus/purananuru/poems/353.md,f50b69e4ca9fc03483e6198a08676926082d8986a664e1f4d15bab16c61b6674
asrt.cdee286855835fe9e90fcf39,purananuru,354,POET_ATTRIBUTION,SOURCE_EXPLICIT,ATTRIBUTED_TO,பரணர்,poet_as_printed,yaml:poet_as_printed,,,,,high,machine_checked,corpus/purananuru/poems/354.md,1ca434e8fe00a621ff5438b01bec44958afc1ac755b19de3c7938913c516e0e7
asrt.9e2ee8a6a2baab487f62c924,purananuru,354,TINI_VALUE,SOURCE_EXPLICIT,ASSOCIATED_WITH_TINAI,காஞ்சி துறை : மகட்பாற் காஞ்சி,thinai_as_printed,yaml:thinai_as_printed,,,,,high,machine_checked,corpus/purananuru/poems/354.md,1ca434e8fe00a621ff5438b01bec44958afc1ac755b19de3c7938913c516e0e7
asrt.4467ab0157d7e81b4e5963bb,purananuru,354,TURAI_VALUE,SOURCE_EXPLICIT,ASSOCIATED_WITH_TURAI,மகட்பாற் காஞ்சி,thurai,yaml:thurai,,,,,high,machine_checked,corpus/purananuru/poems/354.md,1ca434e8fe00a621ff5438b01bec44958afc1ac755b19de3c7938913c516e0e7
asrt.3c1edcdc6ae3b45589762f0e,purananuru,354,SOURCE_CONTEXT_NOTE,SOURCE_EXPLICIT,HAS_PRINTED_TITLE,நாரை உகைத்த வாளை!,title_as_printed,yaml:title_as_printed,,,,,high,machine_checked,corpus/purananuru/poems/354.md,1ca434e8fe00a621ff5438b01bec44958afc1ac755b19de3c7938913c516e0e7
asrt.8ff175573c70ef83f19f6605,purananuru,354,SOURCE_CONTEXT_NOTE,SOURCE_EXPLICIT,HAS_PRINTED_SOURCE_NOTE,"பாடியவர்: பரணர்
திணை: காஞ்சி துறை : மகட்பாற் காஞ்சி",source_note,markdown:source-note,,,,,high,machine_checked,corpus/purananuru/poems/354.md,1ca434e8fe00a621ff5438b01bec44958afc1ac755b19de3c7938913c516e0e7
asrt.3105095bfe3e7b24a5431faf,purananuru,354,TEXTUAL_CONDITION,SOURCE_EXPLICIT,HAS_TEXTUAL_STATUS,complete,textual_status,yaml:textual_status,,,,,high,machine_checked,corpus/purananuru/poems/354.md,1ca434e8fe00a621ff5438b01bec44958afc1ac755b19de3c7938913c516e0e7
asrt.effa77a43d03cba6fdca48d4,purananuru,355,POET_ATTRIBUTION,SOURCE_EXPLICIT,ATTRIBUTED_TO,பெயர் தெரிந்திலது,poet_as_printed,yaml:poet_as_printed,,,,,high,machine_checked,corpus/purananuru/poems/355.md,8ed9c1d929368aeb73a5e60ab51553b1c7221c0cb94dc7bb542e7e463dad6f85
asrt.c791b64616c5d29144da71a0,purananuru,355,TINI_VALUE,SOURCE_EXPLICIT,ASSOCIATED_WITH_TINAI,காஞ்சி துறை : பெயர் தெரிந்திலது,thinai_as_printed,yaml:thinai_as_printed,,,,,high,machine_checked,corpus/purananuru/poems/355.md,8ed9c1d929368aeb73a5e60ab51553b1c7221c0cb94dc7bb542e7e463dad6f85
asrt.473810266fc7bc4c83b215df,purananuru,355,TURAI_VALUE,SOURCE_EXPLICIT,ASSOCIATED_WITH_TURAI,பெயர் தெரிந்திலது,thurai,yaml:thurai,,,,,high,machine_checked,corpus/purananuru/poems/355.md,8ed9c1d929368aeb73a5e60ab51553b1c7221c0cb94dc7bb542e7e463dad6f85
asrt.46d5eaf5865524c544994f3c,purananuru,355,SOURCE_CONTEXT_NOTE,SOURCE_EXPLICIT,HAS_PRINTED_TITLE,ஊரது நிலைமையும் இதுவே?,title_as_printed,yaml:title_as_printed,,,,,high,machine_checked,corpus/purananuru/poems/355.md,8ed9c1d929368aeb73a5e60ab51553b1c7221c0cb94dc7bb542e7e463dad6f85
asrt.970b5e7424c16c1c5d71ed0a,purananuru,355,SOURCE_CONTEXT_NOTE,SOURCE_EXPLICIT,HAS_PRINTED_SOURCE_NOTE,"பாடியவர்: பெயர் தெரிந்திலது.
திணை: காஞ்சி துறை : பெயர் தெரிந்திலது.
தோற்றக் கிடையாத போயின செய்யுள் இது.",source_note,markdown:source-note,,,,,high,machine_checked,corpus/purananuru/poems/355.md,8ed9c1d929368aeb73a5e60ab51553b1c7221c0cb94dc7bb542e7e463dad6f85
asrt.f808a7e878984e995f9aab9b,purananuru,355,TEXTUAL_CONDITION,SOURCE_EXPLICIT,HAS_TEXTUAL_STATUS,incomplete,textual_status,yaml:textual_status,,,,,high,machine_checked,corpus/purananuru/poems/355.md,8ed9c1d929368aeb73a5e60ab51553b1c7221c0cb94dc7bb542e7e463dad6f85
asrt.0ad460607463b34838d6d84c,purananuru,356,POET_ATTRIBUTION,SOURCE_EXPLICIT,ATTRIBUTED_TO,தாயங்கண்ணனார்,poet_as_printed,yaml:poet_as_printed,,,,,high,machine_checked,corpus/purananuru/poems/356.md,1f44b95604a98931888cacc555cadd61554e201d05e0c42330db92e5233e7b92
asrt.4bcd3593b94d0c7bd172d698,purananuru,356,TINI_VALUE,SOURCE_EXPLICIT,ASSOCIATED_WITH_TINAI,காஞ்சி துறை: பெருங்காஞ்சி,thinai_as_printed,yaml:thinai_as_printed,,,,,high,machine_checked,corpus/purananuru/poems/356.md,1f44b95604a98931888cacc555cadd61554e201d05e0c42330db92e5233e7b92
asrt.9c2256bc735a9a020cbc657d,purananuru,356,TURAI_VALUE,SOURCE_EXPLICIT,ASSOCIATED_WITH_TURAI,பெருங்காஞ்சி,thurai,yaml:thurai,,,,,high,machine_checked,corpus/purananuru/poems/356.md,1f44b95604a98931888cacc555cadd61554e201d05e0c42330db92e5233e7b92
asrt.44b38d83fa2081aba5a92b6f,purananuru,356,SOURCE_CONTEXT_NOTE,SOURCE_EXPLICIT,HAS_PRINTED_TITLE,காதலர் அழுத கண்ணீர்!,title_as_printed,yaml:title_as_printed,,,,,high,machine_checked,corpus/purananuru/poems/356.md,1f44b95604a98931888cacc555cadd61554e201d05e0c42330db92e5233e7b92
asrt.2f51bfcf02b9b3c45f0b1fea,purananuru,356,SOURCE_CONTEXT_NOTE,SOURCE_EXPLICIT,HAS_PRINTED_SOURCE_NOTE,"பாடியவர்: தாயங்கண்ணனார்
திணை: காஞ்சி துறை: பெருங்காஞ்சி",source_note,markdown:source-note,,,,,high,machine_checked,corpus/purananuru/poems/356.md,1f44b95604a98931888cacc555cadd61554e201d05e0c42330db92e5233e7b92
asrt.e9c02780019889097cc51345,purananuru,356,TEXTUAL_CONDITION,SOURCE_EXPLICIT,HAS_TEXTUAL_STATUS,complete,textual_status,yaml:textual_status,,,,,high,machine_checked,corpus/purananuru/poems/356.md,1f44b95604a98931888cacc555cadd61554e201d05e0c42330db92e5233e7b92
asrt.baf328996c88af786c660cb3,purananuru,357,POET_ATTRIBUTION,SOURCE_EXPLICIT,ATTRIBUTED_TO,பிரமனார்,poet_as_printed,yaml:poet_as_printed,,,,,high,machine_checked,corpus/purananuru/poems/357.md,427a41527f3eea31f90c0046267640d2441cebb83c0f21cc9bf172ccf98166e0
asrt.0ab89d6a50160e9ef2fd4e5a,purananuru,357,TINI_VALUE,SOURCE_EXPLICIT,ASSOCIATED_WITH_TINAI,காஞ்சி துறை: பெருங்காஞ்சி,thinai_as_printed,yaml:thinai_as_printed,,,,,high,machine_checked,corpus/purananuru/poems/357.md,427a41527f3eea31f90c0046267640d2441cebb83c0f21cc9bf172ccf98166e0
asrt.0d65e3c5c3da97230db9ee17,purananuru,357,TURAI_VALUE,SOURCE_EXPLICIT,ASSOCIATED_WITH_TURAI,பெருங்காஞ்சி,thurai,yaml:thurai,,,,,high,machine_checked,corpus/purananuru/poems/357.md,427a41527f3eea31f90c0046267640d2441cebb83c0f21cc9bf172ccf98166e0
asrt.9bc78413bcc641053ba8c417,purananuru,357,SOURCE_CONTEXT_NOTE,SOURCE_EXPLICIT,HAS_PRINTED_TITLE,தொக்குயிர் வௌவும்!,title_as_printed,yaml:title_as_printed,,,,,high,machine_checked,corpus/purananuru/poems/357.md,427a41527f3eea31f90c0046267640d2441cebb83c0f21cc9bf172ccf98166e0
asrt.a51fcb48c6707f847586c09f,purananuru,357,SOURCE_CONTEXT_NOTE,SOURCE_EXPLICIT,HAS_PRINTED_SOURCE_NOTE,"பாடியவர்: பிரமனார்
திணை: காஞ்சி துறை: பெருங்காஞ்சி",source_note,markdown:source-note,,,,,high,machine_checked,corpus/purananuru/poems/357.md,427a41527f3eea31f90c0046267640d2441cebb83c0f21cc9bf172ccf98166e0
asrt.a745da2c8ab1f5bb9c74c0f5,purananuru,357,TEXTUAL_CONDITION,SOURCE_EXPLICIT,HAS_TEXTUAL_STATUS,incomplete,textual_status,yaml:textual_status,,,,,high,machine_checked,corpus/purananuru/poems/357.md,427a41527f3eea31f90c0046267640d2441cebb83c0f21cc9bf172ccf98166e0
asrt.fa62c6ff3c23e64a1f299009,purananuru,357,MOUNTAIN_OR_HILL_MENTION,SOURCE_EXPLICIT,MENTIONS_CANDIDATE,குன்று,canonical_body,markdown:canonical-body,1,1,0,6,medium,human_review_required,corpus/purananuru/poems/357.md,427a41527f3eea31f90c0046267640d2441cebb83c0f21cc9bf172ccf98166e0
asrt.c31dd617ff76b8b8e14c5fcb,purananuru,358,POET_ATTRIBUTION,SOURCE_EXPLICIT,ATTRIBUTED_TO,வான்மீகியார்,poet_as_printed,yaml:poet_as_printed,,,,,high,machine_checked,corpus/purananuru/poems/358.md,9bda005d208c2ae5877f4d0c0a6104162d1b4fc0a5227e330d5f431d10803ff1
asrt.452562615684e1d9d917af1a,purananuru,358,TINI_VALUE,SOURCE_EXPLICIT,ASSOCIATED_WITH_TINAI,"காஞ்சி துறை: மனையறம், துறவறம்",thinai_as_printed,yaml:thinai_as_printed,,,,,high,machine_checked,corpus/purananuru/poems/358.md,9bda005d208c2ae5877f4d0c0a6104162d1b4fc0a5227e330d5f431d10803ff1
asrt.f9e6851ae3eae86bba3fa411,purananuru,358,TURAI_VALUE,SOURCE_EXPLICIT,ASSOCIATED_WITH_TURAI,"மனையறம், துறவறம்",thurai,yaml:thurai,,,,,high,machine_checked,corpus/purananuru/poems/358.md,9bda005d208c2ae5877f4d0c0a6104162d1b4fc0a5227e330d5f431d10803ff1
asrt.7d0b29d95af0988425f59161,purananuru,358,SOURCE_CONTEXT_NOTE,SOURCE_EXPLICIT,HAS_PRINTED_SOURCE_NOTE,"பாடியவர்: வான்மீகியார்
திணை: காஞ்சி துறை: மனையறம், துறவறம்",source_note,markdown:source-note,,,,,high,machine_checked,corpus/purananuru/poems/358.md,9bda005d208c2ae5877f4d0c0a6104162d1b4fc0a5227e330d5f431d10803ff1
asrt.ad4fd493ae706255707366b1,purananuru,358,SOURCE_CONTEXT_NOTE,SOURCE_EXPLICIT,HAS_PRINTED_TITLE,விடாஅள் திருவே!,title_as_printed,yaml:title_as_printed,,,,,high,machine_checked,corpus/purananuru/poems/358.md,9bda005d208c2ae5877f4d0c0a6104162d1b4fc0a5227e330d5f431d10803ff1
asrt.0a46c78385cfed70a4c0c4da,purananuru,358,TEXTUAL_CONDITION,SOURCE_EXPLICIT,HAS_TEXTUAL_STATUS,complete,textual_status,yaml:textual_status,,,,,high,machine_checked,corpus/purananuru/poems/358.md,9bda005d208c2ae5877f4d0c0a6104162d1b4fc0a5227e330d5f431d10803ff1
asrt.e360b695ba8ae859d82e7218,purananuru,359,POET_ATTRIBUTION,SOURCE_EXPLICIT,ATTRIBUTED_TO,கரவட்டனார்,poet_as_printed,yaml:poet_as_printed,,,,,high,machine_checked,corpus/purananuru/poems/359.md,4a11a1446ea9d741dd3c90e11ade04a69d0671f69c6e545fff6181c7216eddd0
asrt.45501c6e78de428bbd8debf1,purananuru,359,PATRON_OR_ADDRESSEE,SOURCE_EXPLICIT,ADDRESSED_TO,அந்துவன் கீரன்,addressee_as_printed,yaml:addressee_as_printed,,,,,high,machine_checked,corpus/purananuru/poems/359.md,4a11a1446ea9d741dd3c90e11ade04a69d0671f69c6e545fff6181c7216eddd0
asrt.abd96d72d5d818a310dd671c,purananuru,359,TINI_VALUE,SOURCE_EXPLICIT,ASSOCIATED_WITH_TINAI,காஞ்சி,thinai_as_printed,yaml:thinai_as_printed,,,,,high,machine_checked,corpus/purananuru/poems/359.md,4a11a1446ea9d741dd3c90e11ade04a69d0671f69c6e545fff6181c7216eddd0
asrt.afc438eee40c938c680099b4,purananuru,359,TURAI_VALUE,SOURCE_EXPLICIT,ASSOCIATED_WITH_TURAI,பெருங்காஞ்சி,thurai,yaml:thurai,,,,,high,machine_checked,corpus/purananuru/poems/359.md,4a11a1446ea9d741dd3c90e11ade04a69d0671f69c6e545fff6181c7216eddd0
asrt.9edc62c1e9905d9d0ff9fdcc,purananuru,359,SOURCE_CONTEXT_NOTE,SOURCE_EXPLICIT,HAS_PRINTED_TITLE,நீடு விளங்கும் புகழ்!,title_as_printed,yaml:title_as_printed,,,,,high,machine_checked,corpus/purananuru/poems/359.md,4a11a1446ea9d741dd3c90e11ade04a69d0671f69c6e545fff6181c7216eddd0
asrt.8aa1330f50b7adce19dfd943,purananuru,359,SOURCE_CONTEXT_NOTE,SOURCE_EXPLICIT,HAS_PRINTED_SOURCE_NOTE,"பாடியவர்: கரவட்டனார்.
பாடப்பட்டோன்: அந்துவன் கீரன்.
திணை: காஞ்சி. துறை: பெருங்காஞ்சி.",source_note,markdown:source-note,,,,,high,machine_checked,corpus/purananuru/poems/359.md,4a11a1446ea9d741dd3c90e11ade04a69d0671f69c6e545fff6181c7216eddd0
asrt.19bb75d94703b03aca22bb8a,purananuru,359,TEXTUAL_CONDITION,SOURCE_EXPLICIT,HAS_TEXTUAL_STATUS,complete,textual_status,yaml:textual_status,,,,,high,machine_checked,corpus/purananuru/poems/359.md,4a11a1446ea9d741dd3c90e11ade04a69d0671f69c6e545fff6181c7216eddd0
asrt.e1fb27c92b29102c71392221,purananuru,360,POET_ATTRIBUTION,SOURCE_EXPLICIT,ATTRIBUTED_TO,சங்க வருணர் என்னும் நாகரியர்,poet_as_printed,yaml:poet_as_printed,,,,,high,machine_checked,corpus/purananuru/poems/360.md,cc9eb9a9d97873d8907522f8557cd2783cbd17b7b0f0e693372542adf79588c1
asrt.ff916301dcf4f34e89343ead,purananuru,360,TINI_VALUE,SOURCE_EXPLICIT,ASSOCIATED_WITH_TINAI,காஞ்சி துறை: பெருங்காஞ்சி,thinai_as_printed,yaml:thinai_as_printed,,,,,high,machine_checked,corpus/purananuru/poems/360.md,cc9eb9a9d97873d8907522f8557cd2783cbd17b7b0f0e693372542adf79588c1
asrt.83bf1519493da89f2d56d896,purananuru,360,TURAI_VALUE,SOURCE_EXPLICIT,ASSOCIATED_WITH_TURAI,பெருங்காஞ்சி,thurai,yaml:thurai,,,,,high,machine_checked,corpus/purananuru/poems/360.md,cc9eb9a9d97873d8907522f8557cd2783cbd17b7b0f0e693372542adf79588c1
asrt.e15aa1695dbe12f22583609e,purananuru,360,SOURCE_CONTEXT_NOTE,SOURCE_EXPLICIT,HAS_PRINTED_TITLE,பலர் வாய்த்திரார்!,title_as_printed,yaml:title_as_printed,,,,,high,machine_checked,corpus/purananuru/poems/360.md,cc9eb9a9d97873d8907522f8557cd2783cbd17b7b0f0e693372542adf79588c1
asrt.e20b5c3c43b42cbf5110148e,purananuru,360,SOURCE_CONTEXT_NOTE,SOURCE_EXPLICIT,HAS_PRINTED_SOURCE_NOTE,"பாடியவர்: சங்க வருணர் என்னும் நாகரியர்
திணை: காஞ்சி துறை: பெருங்காஞ்சி",source_note,markdown:source-note,,,,,high,machine_checked,corpus/purananuru/poems/360.md,cc9eb9a9d97873d8907522f8557cd2783cbd17b7b0f0e693372542adf79588c1
asrt.c99c8b31143e509114ab88ca,purananuru,360,TEXTUAL_CONDITION,SOURCE_EXPLICIT,HAS_TEXTUAL_STATUS,complete,textual_status,yaml:textual_status,,,,,high,machine_checked,corpus/purananuru/poems/360.md,cc9eb9a9d97873d8907522f8557cd2783cbd17b7b0f0e693372542adf79588c1
asrt.dfafaa8f4e6d9b6e2ad490a4,purananuru,360,GIFT_MENTION,SOURCE_EXPLICIT,MENTIONS_CANDIDATE,பரிசில்,canonical_body,markdown:canonical-body,13,13,29,36,medium,human_review_required,corpus/purananuru/poems/360.md,cc9eb9a9d97873d8907522f8557cd2783cbd17b7b0f0e693372542adf79588c1
asrt.39d19789b1a55b8a706e262c,purananuru,361,POET_ATTRIBUTION,SOURCE_EXPLICIT,ATTRIBUTED_TO,", பாடப்பட்டோர், திணை, துறை தெரிந்தில",poet_as_printed,yaml:poet_as_printed,,,,,high,machine_checked,corpus/purananuru/poems/361.md,a641d314aefa17bd0bff639894d43dcd73ccf1a518425f8012f33214fa21231a
asrt.77000bf87308cda56aa89338,purananuru,361,SOURCE_CONTEXT_NOTE,SOURCE_EXPLICIT,HAS_PRINTED_SOURCE_NOTE,"பாடியவர், பாடப்பட்டோர், திணை, துறை தெரிந்தில.",source_note,markdown:source-note,,,,,high,machine_checked,corpus/purananuru/poems/361.md,a641d314aefa17bd0bff639894d43dcd73ccf1a518425f8012f33214fa21231a
asrt.f9f78d52efe8bd61f29ad8fa,purananuru,361,SOURCE_CONTEXT_NOTE,SOURCE_EXPLICIT,HAS_PRINTED_TITLE,முள் எயிற்று மகளிர்!,title_as_printed,yaml:title_as_printed,,,,,high,machine_checked,corpus/purananuru/poems/361.md,a641d314aefa17bd0bff639894d43dcd73ccf1a518425f8012f33214fa21231a
asrt.9f848b7570061deb2cc46aa3,purananuru,361,TEXTUAL_CONDITION,SOURCE_EXPLICIT,HAS_TEXTUAL_STATUS,complete,textual_status,yaml:textual_status,,,,,high,machine_checked,corpus/purananuru/poems/361.md,a641d314aefa17bd0bff639894d43dcd73ccf1a518425f8012f33214fa21231a
asrt.159e963cfe231fb3680ed7c6,purananuru,362,POET_ATTRIBUTION,SOURCE_EXPLICIT,ATTRIBUTED_TO,சிறுவெண்டேரையார்,poet_as_printed,yaml:poet_as_printed,,,,,high,machine_checked,corpus/purananuru/poems/362.md,4e0c9032215a0b7ad955e04174b091d1de1dc712fa11578e986f57e1a441ddea
asrt.fcf87898a132f53bc92b5b94,purananuru,362,TINI_VALUE,SOURCE_EXPLICIT,ASSOCIATED_WITH_TINAI,பொதுவியல் துறை: பெருங்காஞ்சி,thinai_as_printed,yaml:thinai_as_printed,,,,,high,machine_checked,corpus/purananuru/poems/362.md,4e0c9032215a0b7ad955e04174b091d1de1dc712fa11578e986f57e1a441ddea
asrt.f34df24905e8a617c8e94618,purananuru,362,TURAI_VALUE,SOURCE_EXPLICIT,ASSOCIATED_WITH_TURAI,பெருங்காஞ்சி,thurai,yaml:thurai,,,,,high,machine_checked,corpus/purananuru/poems/362.md,4e0c9032215a0b7ad955e04174b091d1de1dc712fa11578e986f57e1a441ddea
asrt.1a23440eb63c94e984253d16,purananuru,362,SOURCE_CONTEXT_NOTE,SOURCE_EXPLICIT,HAS_PRINTED_TITLE,உடம்பொடுஞ் சென்மார்!,title_as_printed,yaml:title_as_printed,,,,,high,machine_checked,corpus/purananuru/poems/362.md,4e0c9032215a0b7ad955e04174b091d1de1dc712fa11578e986f57e1a441ddea
asrt.81045ad24a7c76e79403b802,purananuru,362,SOURCE_CONTEXT_NOTE,SOURCE_EXPLICIT,HAS_PRINTED_SOURCE_NOTE,"பாடியவர்: சிறுவெண்டேரையார்
திணை: பொதுவியல் துறை: பெருங்காஞ்சி",source_note,markdown:source-note,,,,,high,machine_checked,corpus/purananuru/poems/362.md,4e0c9032215a0b7ad955e04174b091d1de1dc712fa11578e986f57e1a441ddea
asrt.c2f29484e16e84969403277c,purananuru,362,TEXTUAL_CONDITION,SOURCE_EXPLICIT,HAS_TEXTUAL_STATUS,complete,textual_status,yaml:textual_status,,,,,high,machine_checked,corpus/purananuru/poems/362.md,4e0c9032215a0b7ad955e04174b091d1de1dc712fa11578e986f57e1a441ddea
asrt.e68453262507610ca59c7e71,purananuru,363,POET_ATTRIBUTION,SOURCE_EXPLICIT,ATTRIBUTED_TO,ஐயாதிச் சிறுவெண்டேரையார்,poet_as_printed,yaml:poet_as_printed,,,,,high,machine_checked,corpus/purananuru/poems/363.md,e2dc9259f144c0f6bd98fce0ab313f0c08694548154b004b64f61db61a236f54
asrt.6d78a6c4584efd123238fe48,purananuru,363,TINI_VALUE,SOURCE_EXPLICIT,ASSOCIATED_WITH_TINAI,பொதுவியல் துறை: பெருங்காஞ்சி,thinai_as_printed,yaml:thinai_as_printed,,,,,high,machine_checked,corpus/purananuru/poems/363.md,e2dc9259f144c0f6bd98fce0ab313f0c08694548154b004b64f61db61a236f54
asrt.eeab72225848a1e10cf76a8f,purananuru,363,TURAI_VALUE,SOURCE_EXPLICIT,ASSOCIATED_WITH_TURAI,பெருங்காஞ்சி,thurai,yaml:thurai,,,,,high,machine_checked,corpus/purananuru/poems/363.md,e2dc9259f144c0f6bd98fce0ab313f0c08694548154b004b64f61db61a236f54
asrt.52ba56f1eae17e6eb593e78c,purananuru,363,SOURCE_CONTEXT_NOTE,SOURCE_EXPLICIT,HAS_PRINTED_TITLE,உடம்பொடு நின்ற உயிரும் இல்லை!,title_as_printed,yaml:title_as_printed,,,,,high,machine_checked,corpus/purananuru/poems/363.md,e2dc9259f144c0f6bd98fce0ab313f0c08694548154b004b64f61db61a236f54
asrt.0b0f4bbc268212904b1ad7b5,purananuru,363,SOURCE_CONTEXT_NOTE,SOURCE_EXPLICIT,HAS_PRINTED_SOURCE_NOTE,"பாடியவர்: ஐயாதிச் சிறுவெண்டேரையார்
திணை: பொதுவியல் துறை: பெருங்காஞ்சி",source_note,markdown:source-note,,,,,high,machine_checked,corpus/purananuru/poems/363.md,e2dc9259f144c0f6bd98fce0ab313f0c08694548154b004b64f61db61a236f54
asrt.6f76228ab1968f729b737eb9,purananuru,363,TEXTUAL_CONDITION,SOURCE_EXPLICIT,HAS_TEXTUAL_STATUS,complete,textual_status,yaml:textual_status,,,,,high,machine_checked,corpus/purananuru/poems/363.md,e2dc9259f144c0f6bd98fce0ab313f0c08694548154b004b64f61db61a236f54
asrt.b2caea0db7cbe2a5e8a58f45,purananuru,364,POET_ATTRIBUTION,SOURCE_EXPLICIT,ATTRIBUTED_TO,கூகைக் கோரியார்,poet_as_printed,yaml:poet_as_printed,,,,,high,machine_checked,corpus/purananuru/poems/364.md,aef10fb50e8ce22742fb15e59929a1aef43aae20b3c5b5367c8274b3b49884ef
asrt.822fea9bb4747ea347a9fffe,purananuru,364,TINI_VALUE,SOURCE_EXPLICIT,ASSOCIATED_WITH_TINAI,பொதுவியல் துறை: பெருங்காஞ்சி,thinai_as_printed,yaml:thinai_as_printed,,,,,high,machine_checked,corpus/purananuru/poems/364.md,aef10fb50e8ce22742fb15e59929a1aef43aae20b3c5b5367c8274b3b49884ef
asrt.1c792adf513c3039a04a4684,purananuru,364,TURAI_VALUE,SOURCE_EXPLICIT,ASSOCIATED_WITH_TURAI,பெருங்காஞ்சி,thurai,yaml:thurai,,,,,high,machine_checked,corpus/purananuru/poems/364.md,aef10fb50e8ce22742fb15e59929a1aef43aae20b3c5b5367c8274b3b49884ef
asrt.2267a2449bf789ffcb7432a8,purananuru,364,SOURCE_CONTEXT_NOTE,SOURCE_EXPLICIT,HAS_PRINTED_SOURCE_NOTE,"பாடியவர்: கூகைக் கோரியார்
திணை: பொதுவியல் துறை: பெருங்காஞ்சி",source_note,markdown:source-note,,,,,high,machine_checked,corpus/purananuru/poems/364.md,aef10fb50e8ce22742fb15e59929a1aef43aae20b3c5b5367c8274b3b49884ef
asrt.c8a430150b2a6efdf5d38415,purananuru,364,SOURCE_CONTEXT_NOTE,SOURCE_EXPLICIT,HAS_PRINTED_TITLE,மகிழகம் வம்மோ!,title_as_printed,yaml:title_as_printed,,,,,high,machine_checked,corpus/purananuru/poems/364.md,aef10fb50e8ce22742fb15e59929a1aef43aae20b3c5b5367c8274b3b49884ef
asrt.fc5022dbde1c315a9da84b95,purananuru,364,TEXTUAL_CONDITION,SOURCE_EXPLICIT,HAS_TEXTUAL_STATUS,complete,textual_status,yaml:textual_status,,,,,high,machine_checked,corpus/purananuru/poems/364.md,aef10fb50e8ce22742fb15e59929a1aef43aae20b3c5b5367c8274b3b49884ef
asrt.346500e079b45e88a650f371,purananuru,365,POET_ATTRIBUTION,SOURCE_EXPLICIT,ATTRIBUTED_TO,மார்க்கண்டேயனார்,poet_as_printed,yaml:poet_as_printed,,,,,high,machine_checked,corpus/purananuru/poems/365.md,965bbb4d2399d7f99d94a300c5f86b4cf907dee9f3cf01a6bbef27437a59addd
asrt.1b680753c3a5bd6f58339bf2,purananuru,365,TINI_VALUE,SOURCE_EXPLICIT,ASSOCIATED_WITH_TINAI,பொதுவியல் துறை: பெருங்காஞ்சி,thinai_as_printed,yaml:thinai_as_printed,,,,,high,machine_checked,corpus/purananuru/poems/365.md,965bbb4d2399d7f99d94a300c5f86b4cf907dee9f3cf01a6bbef27437a59addd
asrt.56ae1499da970973423eed81,purananuru,365,TURAI_VALUE,SOURCE_EXPLICIT,ASSOCIATED_WITH_TURAI,பெருங்காஞ்சி,thurai,yaml:thurai,,,,,high,machine_checked,corpus/purananuru/poems/365.md,965bbb4d2399d7f99d94a300c5f86b4cf907dee9f3cf01a6bbef27437a59addd
asrt.ead3c328ea2436db4049db16,purananuru,365,SOURCE_CONTEXT_NOTE,SOURCE_EXPLICIT,HAS_PRINTED_TITLE,நிலமகள் அழுத காஞ்சி!,title_as_printed,yaml:title_as_printed,,,,,high,machine_checked,corpus/purananuru/poems/365.md,965bbb4d2399d7f99d94a300c5f86b4cf907dee9f3cf01a6bbef27437a59addd
asrt.f86c49fc69a92fe480294ee6,purananuru,365,SOURCE_CONTEXT_NOTE,SOURCE_EXPLICIT,HAS_PRINTED_SOURCE_NOTE,"பாடியவர்: மார்க்கண்டேயனார்
திணை: பொதுவியல் துறை: பெருங்காஞ்சி",source_note,markdown:source-note,,,,,high,machine_checked,corpus/purananuru/poems/365.md,965bbb4d2399d7f99d94a300c5f86b4cf907dee9f3cf01a6bbef27437a59addd
asrt.7ef01a9b07ae0f48ec2fa331,purananuru,365,TEXTUAL_CONDITION,SOURCE_EXPLICIT,HAS_TEXTUAL_STATUS,complete,textual_status,yaml:textual_status,,,,,high,machine_checked,corpus/purananuru/poems/365.md,965bbb4d2399d7f99d94a300c5f86b4cf907dee9f3cf01a6bbef27437a59addd
asrt.acd75fa221d06b83b9dbcd64,purananuru,366,POET_ATTRIBUTION,SOURCE_EXPLICIT,ATTRIBUTED_TO,கோதமனார்,poet_as_printed,yaml:poet_as_printed,,,,,high,machine_checked,corpus/purananuru/poems/366.md,bbc1b298ab7fba6219f465d3ad38be79a666e531e34c1d13d640fdd7db9662be
asrt.f11d2895e83e49181388d30a,purananuru,366,PATRON_OR_ADDRESSEE,SOURCE_EXPLICIT,ADDRESSED_TO,தருமபுத்திரன்,addressee_as_printed,yaml:addressee_as_printed,,,,,high,machine_checked,corpus/purananuru/poems/366.md,bbc1b298ab7fba6219f465d3ad38be79a666e531e34c1d13d640fdd7db9662be
asrt.303c5342007aa619ef5b27f2,purananuru,366,TINI_VALUE,SOURCE_EXPLICIT,ASSOCIATED_WITH_TINAI,பொதுவியல்,thinai_as_printed,yaml:thinai_as_printed,,,,,high,machine_checked,corpus/purananuru/poems/366.md,bbc1b298ab7fba6219f465d3ad38be79a666e531e34c1d13d640fdd7db9662be
asrt.f885abf008efad87972108f8,purananuru,366,TURAI_VALUE,SOURCE_EXPLICIT,ASSOCIATED_WITH_TURAI,பெருங்காஞ்சி,thurai,yaml:thurai,,,,,high,machine_checked,corpus/purananuru/poems/366.md,bbc1b298ab7fba6219f465d3ad38be79a666e531e34c1d13d640fdd7db9662be
asrt.fb41dfb8bfac7dc514acbfb5,purananuru,366,SOURCE_CONTEXT_NOTE,SOURCE_EXPLICIT,HAS_PRINTED_SOURCE_NOTE,"பாடியவர்: கோதமனார்.
பாடப்பட்டோன்: தருமபுத்திரன்.
திணை : பொதுவியல். துறை: பெருங்காஞ்சி.",source_note,markdown:source-note,,,,,high,machine_checked,corpus/purananuru/poems/366.md,bbc1b298ab7fba6219f465d3ad38be79a666e531e34c1d13d640fdd7db9662be
asrt.60fe2f9c08288f06ebde5e9b,purananuru,366,SOURCE_CONTEXT_NOTE,SOURCE_EXPLICIT,HAS_PRINTED_TITLE,மாயமோ அன்றே!,title_as_printed,yaml:title_as_printed,,,,,high,machine_checked,corpus/purananuru/poems/366.md,bbc1b298ab7fba6219f465d3ad38be79a666e531e34c1d13d640fdd7db9662be
asrt.ec8288925d77c30569749105,purananuru,366,TEXTUAL_CONDITION,SOURCE_EXPLICIT,HAS_TEXTUAL_STATUS,incomplete,textual_status,yaml:textual_status,,,,,high,machine_checked,corpus/purananuru/poems/366.md,bbc1b298ab7fba6219f465d3ad38be79a666e531e34c1d13d640fdd7db9662be
asrt.4045f9aa76d2276915b01035,purananuru,367,POET_ATTRIBUTION,SOURCE_EXPLICIT,ATTRIBUTED_TO,ஔவையார்,poet_as_printed,yaml:poet_as_printed,,,,,high,machine_checked,corpus/purananuru/poems/367.md,e0a3847a3b282cfad3dbd9c78d62aef3bb4719037c5225b0002929aa3bbdd887
asrt.fe45fe64d336c5c09f2ef723,purananuru,367,TINI_VALUE,SOURCE_EXPLICIT,ASSOCIATED_WITH_TINAI,பாடாண்,thinai_as_printed,yaml:thinai_as_printed,,,,,high,machine_checked,corpus/purananuru/poems/367.md,e0a3847a3b282cfad3dbd9c78d62aef3bb4719037c5225b0002929aa3bbdd887
asrt.fb11492530bd05a9f9b75c92,purananuru,367,TURAI_VALUE,SOURCE_EXPLICIT,ASSOCIATED_WITH_TURAI,வாழ்த்தியல்,thurai,yaml:thurai,,,,,high,machine_checked,corpus/purananuru/poems/367.md,e0a3847a3b282cfad3dbd9c78d62aef3bb4719037c5225b0002929aa3bbdd887
asrt.07de0be9541a9682171c5b69,purananuru,367,SOURCE_CONTEXT_NOTE,SOURCE_EXPLICIT,HAS_PRINTED_SOURCE_NOTE,"பாடியவர்: ஔவையார்.
சிறப்பு: சேரமான் மாரி வெண்கோவும், பாண்டியன் கானப்பேர் தந்த உக்கிரப் பெருவழுதியும், சோழன் இராசசூயம் வேட்ட பெருநற்கிள்ளியும் ஒருங்கிருந்தாரைப் பாடியது.
திணை: பாடாண். துறை: வாழ்த்தியல்.",source_note,markdown:source-note,,,,,high,machine_checked,corpus/purananuru/poems/367.md,e0a3847a3b282cfad3dbd9c78d62aef3bb4719037c5225b0002929aa3bbdd887
asrt.cb709a177049cf7074de4c7e,purananuru,367,SOURCE_CONTEXT_NOTE,SOURCE_EXPLICIT,HAS_PRINTED_TITLE,வாழச் செய்த நல்வினை!,title_as_printed,yaml:title_as_printed,,,,,high,machine_checked,corpus/purananuru/poems/367.md,e0a3847a3b282cfad3dbd9c78d62aef3bb4719037c5225b0002929aa3bbdd887
asrt.e5941a4676d49570003b1b44,purananuru,367,TEXTUAL_CONDITION,SOURCE_EXPLICIT,HAS_TEXTUAL_STATUS,complete,textual_status,yaml:textual_status,,,,,high,machine_checked,corpus/purananuru/poems/367.md,e0a3847a3b282cfad3dbd9c78d62aef3bb4719037c5225b0002929aa3bbdd887
asrt.5e5db19f6c5bd349c1e3c7d9,purananuru,368,POET_ATTRIBUTION,SOURCE_EXPLICIT,ATTRIBUTED_TO,கழாத் தலையார்,poet_as_printed,yaml:poet_as_printed,,,,,high,machine_checked,corpus/purananuru/poems/368.md,83fc4e88f370c11b3f16c07349a5a43c76d809da117df5aaf0e9692dc9df3630
asrt.4f41ae0e7e55159343743880,purananuru,368,PATRON_OR_ADDRESSEE,SOURCE_EXPLICIT,ADDRESSED_TO,சேரமான் குடக்கோ நெடுஞ் சேரலாதன்,addressee_as_printed,yaml:addressee_as_printed,,,,,high,machine_checked,corpus/purananuru/poems/368.md,83fc4e88f370c11b3f16c07349a5a43c76d809da117df5aaf0e9692dc9df3630
asrt.2044928e311a4153f476d2db,purananuru,368,TINI_VALUE,SOURCE_EXPLICIT,ASSOCIATED_WITH_TINAI,வாகை துறை: மறக்களவழி,thinai_as_printed,yaml:thinai_as_printed,,,,,high,machine_checked,corpus/purananuru/poems/368.md,83fc4e88f370c11b3f16c07349a5a43c76d809da117df5aaf0e9692dc9df3630
asrt.50c84cf99cbe51061fbab834,purananuru,368,TURAI_VALUE,SOURCE_EXPLICIT,ASSOCIATED_WITH_TURAI,மறக்களவழி,thurai,yaml:thurai,,,,,high,machine_checked,corpus/purananuru/poems/368.md,83fc4e88f370c11b3f16c07349a5a43c76d809da117df5aaf0e9692dc9df3630
asrt.b05f3b2ca27bd79c831be133,purananuru,368,SOURCE_CONTEXT_NOTE,SOURCE_EXPLICIT,HAS_PRINTED_TITLE,பாடி வந்தது இதற்கோ?,title_as_printed,yaml:title_as_printed,,,,,high,machine_checked,corpus/purananuru/poems/368.md,83fc4e88f370c11b3f16c07349a5a43c76d809da117df5aaf0e9692dc9df3630
asrt.6a796eda9ea57a333fd9ca30,purananuru,368,SOURCE_CONTEXT_NOTE,SOURCE_EXPLICIT,HAS_PRINTED_SOURCE_NOTE,"பாடியவர்: கழாத் தலையார்
பாடப்பட்டோன்: சேரமான் குடக்கோ நெடுஞ் சேரலாதன்
திணை: வாகை துறை: மறக்களவழி
குறிப்பு: இவன், சோழன் வேற்ப·றடக்கைப் பெருநற் கிள்ளியோடும் போர்ப்புறத்துப் பொருது, களத்து வீழ்ந்தனன். அவன் உயிர் போகா முன்னர், அவனைக் களத்திடைக் கண்ட புலவர் பாடியது இச்செய்யுள்.",source_note,markdown:source-note,,,,,high,machine_checked,corpus/purananuru/poems/368.md,83fc4e88f370c11b3f16c07349a5a43c76d809da117df5aaf0e9692dc9df3630
asrt.a75f550765ae40e436c1bb54,purananuru,368,TEXTUAL_CONDITION,SOURCE_EXPLICIT,HAS_TEXTUAL_STATUS,complete,textual_status,yaml:textual_status,,,,,high,machine_checked,corpus/purananuru/poems/368.md,83fc4e88f370c11b3f16c07349a5a43c76d809da117df5aaf0e9692dc9df3630
asrt.ba12a70b24beaea8df469ab7,purananuru,368,FAUNA_MENTION,SOURCE_EXPLICIT,MENTIONS_CANDIDATE,களிறு,canonical_body,markdown:canonical-body,1,1,0,5,medium,human_review_required,corpus/purananuru/poems/368.md,83fc4e88f370c11b3f16c07349a5a43c76d809da117df5aaf0e9692dc9df3630
asrt.43f8a26bc8041655e02c77b9,purananuru,369,POET_ATTRIBUTION,SOURCE_EXPLICIT,ATTRIBUTED_TO,பரணர்,poet_as_printed,yaml:poet_as_printed,,,,,high,machine_checked,corpus/purananuru/poems/369.md,b1741a61eb45f4957addf778430368cb529f2e6af1bdbe15d7bde0d21e2a56a7
asrt.4703e2f84636c09a64950db0,purananuru,369,PATRON_OR_ADDRESSEE,SOURCE_EXPLICIT,ADDRESSED_TO,சேரமான் கடலோட்டிய வெல்கெழு குட்டுவன்,addressee_as_printed,yaml:addressee_as_printed,,,,,high,machine_checked,corpus/purananuru/poems/369.md,b1741a61eb45f4957addf778430368cb529f2e6af1bdbe15d7bde0d21e2a56a7
asrt.5ace37ac1915a665e12fdbb0,purananuru,369,TINI_VALUE,SOURCE_EXPLICIT,ASSOCIATED_WITH_TINAI,வாகை,thinai_as_printed,yaml:thinai_as_printed,,,,,high,machine_checked,corpus/purananuru/poems/369.md,b1741a61eb45f4957addf778430368cb529f2e6af1bdbe15d7bde0d21e2a56a7
asrt.ef203e5ed6d68790567b4e08,purananuru,369,TURAI_VALUE,SOURCE_EXPLICIT,ASSOCIATED_WITH_TURAI,மறக்களவழி,thurai,yaml:thurai,,,,,high,machine_checked,corpus/purananuru/poems/369.md,b1741a61eb45f4957addf778430368cb529f2e6af1bdbe15d7bde0d21e2a56a7
asrt.e332ae08e8fea9dc6054f9c0,purananuru,369,SOURCE_CONTEXT_NOTE,SOURCE_EXPLICIT,HAS_PRINTED_SOURCE_NOTE,"பாடியவர்: பரணர்.
பாடப்பட்டோன்: சேரமான் கடலோட்டிய வெல்கெழு குட்டுவன்.
திணை: வாகை. துறை: மறக்களவழி.",source_note,markdown:source-note,,,,,high,machine_checked,corpus/purananuru/poems/369.md,b1741a61eb45f4957addf778430368cb529f2e6af1bdbe15d7bde0d21e2a56a7
asrt.b40b1850e8a8ea9b94474961,purananuru,369,SOURCE_CONTEXT_NOTE,SOURCE_EXPLICIT,HAS_PRINTED_TITLE,போர்க்களமும் ஏர்க்களமும்!,title_as_printed,yaml:title_as_printed,,,,,high,machine_checked,corpus/purananuru/poems/369.md,b1741a61eb45f4957addf778430368cb529f2e6af1bdbe15d7bde0d21e2a56a7
asrt.9dddfc62f8165856d9bcfe46,purananuru,369,TEXTUAL_CONDITION,SOURCE_EXPLICIT,HAS_TEXTUAL_STATUS,complete,textual_status,yaml:textual_status,,,,,high,machine_checked,corpus/purananuru/poems/369.md,b1741a61eb45f4957addf778430368cb529f2e6af1bdbe15d7bde0d21e2a56a7
asrt.7d3dd9243edb36009a0a0075,purananuru,369,COMMUNITY_MENTION,SOURCE_EXPLICIT,MENTIONS_CANDIDATE,மறவர்,canonical_body,markdown:canonical-body,3,3,9,14,medium,human_review_required,corpus/purananuru/poems/369.md,b1741a61eb45f4957addf778430368cb529f2e6af1bdbe15d7bde0d21e2a56a7
asrt.1ed83634ea76d7efa904f834,purananuru,369,FAUNA_MENTION,SOURCE_EXPLICIT,MENTIONS_CANDIDATE,யானை,canonical_body,markdown:canonical-body,2,2,8,12,medium,human_review_required,corpus/purananuru/poems/369.md,b1741a61eb45f4957addf778430368cb529f2e6af1bdbe15d7bde0d21e2a56a7
asrt.9853e4b4f142421332294bb0,purananuru,370,POET_ATTRIBUTION,SOURCE_EXPLICIT,ATTRIBUTED_TO,ஊன்பொதி பசுங்குடையார்,poet_as_printed,yaml:poet_as_printed,,,,,high,machine_checked,corpus/purananuru/poems/370.md,35257f17bd5b6899af58f2a956c816026cd785b7a97718b5f39702e52ee986e2
asrt.f74a060abadc8d3eec52735c,purananuru,370,PATRON_OR_ADDRESSEE,SOURCE_EXPLICIT,ADDRESSED_TO,சோழன் செரப்பாழி இறிந்த இளஞ்சேட் சென்னி,addressee_as_printed,yaml:addressee_as_printed,,,,,high,machine_checked,corpus/purananuru/poems/370.md,35257f17bd5b6899af58f2a956c816026cd785b7a97718b5f39702e52ee986e2
asrt.6dc43878efce0adb2c02c7a7,purananuru,370,TINI_VALUE,SOURCE_EXPLICIT,ASSOCIATED_WITH_TINAI,வாகை,thinai_as_printed,yaml:thinai_as_printed,,,,,high,machine_checked,corpus/purananuru/poems/370.md,35257f17bd5b6899af58f2a956c816026cd785b7a97718b5f39702e52ee986e2
asrt.be28bc6fed874e2ae7144d0d,purananuru,370,TURAI_VALUE,SOURCE_EXPLICIT,ASSOCIATED_WITH_TURAI,மறக்களவழி,thurai,yaml:thurai,,,,,high,machine_checked,corpus/purananuru/poems/370.md,35257f17bd5b6899af58f2a956c816026cd785b7a97718b5f39702e52ee986e2
asrt.570e3130177dd898433ef723,purananuru,370,SOURCE_CONTEXT_NOTE,SOURCE_EXPLICIT,HAS_PRINTED_TITLE,பழுமரம் உள்ளிய பறவை!,title_as_printed,yaml:title_as_printed,,,,,high,machine_checked,corpus/purananuru/poems/370.md,35257f17bd5b6899af58f2a956c816026cd785b7a97718b5f39702e52ee986e2
asrt.613aabcf8eead2de113ee704,purananuru,370,SOURCE_CONTEXT_NOTE,SOURCE_EXPLICIT,HAS_PRINTED_SOURCE_NOTE,"பாடியவர்: ஊன்பொதி பசுங்குடையார்.
பாடப்பட்டோன்: சோழன் செரப்பாழி இறிந்த இளஞ்சேட் சென்னி.
திணை: வாகை. துறை: மறக்களவழி.",source_note,markdown:source-note,,,,,high,machine_checked,corpus/purananuru/poems/370.md,35257f17bd5b6899af58f2a956c816026cd785b7a97718b5f39702e52ee986e2
asrt.9bd69b6df8f50a5e68a45297,purananuru,370,TEXTUAL_CONDITION,SOURCE_EXPLICIT,HAS_TEXTUAL_STATUS,incomplete,textual_status,yaml:textual_status,,,,,high,machine_checked,corpus/purananuru/poems/370.md,35257f17bd5b6899af58f2a956c816026cd785b7a97718b5f39702e52ee986e2
asrt.7aaf7c1934577661559bd753,purananuru,371,POET_ATTRIBUTION,SOURCE_EXPLICIT,ATTRIBUTED_TO,கல்லாடனார்,poet_as_printed,yaml:poet_as_printed,,,,,high,machine_checked,corpus/purananuru/poems/371.md,7b49595c0ef8b940abdacac5876f0a05e885a7122137dc9bcc7595481d7ae1ad
asrt.6a3bf43e340847f37dbc19d9,purananuru,371,PATRON_OR_ADDRESSEE,SOURCE_EXPLICIT,ADDRESSED_TO,பாண்டியன் தலையாலங்கானத்துச் செருவென்ற நெடுஞ்செழியன்,addressee_as_printed,yaml:addressee_as_printed,,,,,high,machine_checked,corpus/purananuru/poems/371.md,7b49595c0ef8b940abdacac5876f0a05e885a7122137dc9bcc7595481d7ae1ad
asrt.4dbcfec19b5388e6086e93be,purananuru,371,TINI_VALUE,SOURCE_EXPLICIT,ASSOCIATED_WITH_TINAI,வாகை,thinai_as_printed,yaml:thinai_as_printed,,,,,high,machine_checked,corpus/purananuru/poems/371.md,7b49595c0ef8b940abdacac5876f0a05e885a7122137dc9bcc7595481d7ae1ad
asrt.8ce3a612380a31ea578a48ef,purananuru,371,TURAI_VALUE,SOURCE_EXPLICIT,ASSOCIATED_WITH_TURAI,மறக்களவழி,thurai,yaml:thurai,,,,,high,machine_checked,corpus/purananuru/poems/371.md,7b49595c0ef8b940abdacac5876f0a05e885a7122137dc9bcc7595481d7ae1ad
asrt.a4aef9f224596a9987047a9d,purananuru,371,SOURCE_CONTEXT_NOTE,SOURCE_EXPLICIT,HAS_PRINTED_SOURCE_NOTE,"பாடியவர்: கல்லாடனார்.
பாடப்பட்டோன்: பாண்டியன் தலையாலங்கானத்துச் செருவென்ற நெடுஞ்செழியன்.
திணை: வாகை. துறை: மறக்களவழி.",source_note,markdown:source-note,,,,,high,machine_checked,corpus/purananuru/poems/371.md,7b49595c0ef8b940abdacac5876f0a05e885a7122137dc9bcc7595481d7ae1ad
asrt.f8a43862b8a45588f9459d2f,purananuru,371,SOURCE_CONTEXT_NOTE,SOURCE_EXPLICIT,HAS_PRINTED_TITLE,பொருநனின் வறுமை!,title_as_printed,yaml:title_as_printed,,,,,high,machine_checked,corpus/purananuru/poems/371.md,7b49595c0ef8b940abdacac5876f0a05e885a7122137dc9bcc7595481d7ae1ad
asrt.1a7f27b1bd929ad579ebb4d2,purananuru,371,TEXTUAL_CONDITION,SOURCE_EXPLICIT,HAS_TEXTUAL_STATUS,incomplete,textual_status,yaml:textual_status,,,,,high,machine_checked,corpus/purananuru/poems/371.md,7b49595c0ef8b940abdacac5876f0a05e885a7122137dc9bcc7595481d7ae1ad
asrt.d2d5e4c49f3284404a48f8c5,purananuru,371,FAUNA_MENTION,SOURCE_EXPLICIT,MENTIONS_CANDIDATE,யானை,canonical_body,markdown:canonical-body,13,13,0,4,medium,human_review_required,corpus/purananuru/poems/371.md,7b49595c0ef8b940abdacac5876f0a05e885a7122137dc9bcc7595481d7ae1ad
asrt.6fcdcabae94fe22057036fd3,purananuru,372,POET_ATTRIBUTION,SOURCE_EXPLICIT,ATTRIBUTED_TO,மாங்குடி கிழார்,poet_as_printed,yaml:poet_as_printed,,,,,high,machine_checked,corpus/purananuru/poems/372.md,db5d5515cc3b0b90fd5f342624d2e3f9e9b30a5340f33efa81346ed5df2eb523
asrt.ac4c4c1df6e18a10f7ed2e83,purananuru,372,PATRON_OR_ADDRESSEE,SOURCE_EXPLICIT,ADDRESSED_TO,தலையாலங்கானத்துச் செருவென்ற பாண்டியன் நெடுஞ்செழியன்,addressee_as_printed,yaml:addressee_as_printed,,,,,high,machine_checked,corpus/purananuru/poems/372.md,db5d5515cc3b0b90fd5f342624d2e3f9e9b30a5340f33efa81346ed5df2eb523
asrt.bc6adff4f4bc337b773e3d0c,purananuru,372,TINI_VALUE,SOURCE_EXPLICIT,ASSOCIATED_WITH_TINAI,வாகை,thinai_as_printed,yaml:thinai_as_printed,,,,,high,machine_checked,corpus/purananuru/poems/372.md,db5d5515cc3b0b90fd5f342624d2e3f9e9b30a5340f33efa81346ed5df2eb523
asrt.a297002fd8cacf7915231986,purananuru,372,TURAI_VALUE,SOURCE_EXPLICIT,ASSOCIATED_WITH_TURAI,மறக்கள வேள்வி,thurai,yaml:thurai,,,,,high,machine_checked,corpus/purananuru/poems/372.md,db5d5515cc3b0b90fd5f342624d2e3f9e9b30a5340f33efa81346ed5df2eb523
asrt.ee31e71953130240972e8b79,purananuru,372,SOURCE_CONTEXT_NOTE,SOURCE_EXPLICIT,HAS_PRINTED_TITLE,ஆரம் முகக்குவம் எனவே!,title_as_printed,yaml:title_as_printed,,,,,high,machine_checked,corpus/purananuru/poems/372.md,db5d5515cc3b0b90fd5f342624d2e3f9e9b30a5340f33efa81346ed5df2eb523
asrt.177cbb9722a879ea3ae07e1e,purananuru,372,SOURCE_CONTEXT_NOTE,SOURCE_EXPLICIT,HAS_PRINTED_SOURCE_NOTE,"பாடியவர்: மாங்குடி கிழார்.
பாடப்பட்டோன்: தலையாலங்கானத்துச் செருவென்ற பாண்டியன் நெடுஞ்செழியன்.
திணை: வாகை. துறை: மறக்கள வேள்வி.",source_note,markdown:source-note,,,,,high,machine_checked,corpus/purananuru/poems/372.md,db5d5515cc3b0b90fd5f342624d2e3f9e9b30a5340f33efa81346ed5df2eb523
asrt.6f02a5f66b75a8d6d6cab10b,purananuru,372,TEXTUAL_CONDITION,SOURCE_EXPLICIT,HAS_TEXTUAL_STATUS,complete,textual_status,yaml:textual_status,,,,,high,machine_checked,corpus/purananuru/poems/372.md,db5d5515cc3b0b90fd5f342624d2e3f9e9b30a5340f33efa81346ed5df2eb523
asrt.90e1dd209c28a09ea4c1d46d,purananuru,373,POET_ATTRIBUTION,SOURCE_EXPLICIT,ATTRIBUTED_TO,கோவூர்கிழார்,poet_as_printed,yaml:poet_as_printed,,,,,high,machine_checked,corpus/purananuru/poems/373.md,0472315bed13be6af8aa4100ac2c0d094ff666e68168889bccbb7cbf8d461ada
asrt.91b34241b516cb2d60d6237c,purananuru,373,PATRON_OR_ADDRESSEE,SOURCE_EXPLICIT,ADDRESSED_TO,சோழன் குராப்பள்ளித் துஞ்சிய கிள்ளி வளவன்,addressee_as_printed,yaml:addressee_as_printed,,,,,high,machine_checked,corpus/purananuru/poems/373.md,0472315bed13be6af8aa4100ac2c0d094ff666e68168889bccbb7cbf8d461ada
asrt.2a75aace583ab00430e4d581,purananuru,373,TINI_VALUE,SOURCE_EXPLICIT,ASSOCIATED_WITH_TINAI,வாகை,thinai_as_printed,yaml:thinai_as_printed,,,,,high,machine_checked,corpus/purananuru/poems/373.md,0472315bed13be6af8aa4100ac2c0d094ff666e68168889bccbb7cbf8d461ada
asrt.1b37cba01422080b282ca2c6,purananuru,373,TURAI_VALUE,SOURCE_EXPLICIT,ASSOCIATED_WITH_TURAI,மறக்களவழி,thurai,yaml:thurai,,,,,high,machine_checked,corpus/purananuru/poems/373.md,0472315bed13be6af8aa4100ac2c0d094ff666e68168889bccbb7cbf8d461ada
asrt.839f5ae1c1e5e0d2a8a46b02,purananuru,373,SOURCE_CONTEXT_NOTE,SOURCE_EXPLICIT,HAS_PRINTED_TITLE,நின்னோர் அன்னோர் இலரே!,title_as_printed,yaml:title_as_printed,,,,,high,machine_checked,corpus/purananuru/poems/373.md,0472315bed13be6af8aa4100ac2c0d094ff666e68168889bccbb7cbf8d461ada
asrt.6a9c799094fd582c973e8de9,purananuru,373,SOURCE_CONTEXT_NOTE,SOURCE_EXPLICIT,HAS_PRINTED_SOURCE_NOTE,"பாடியவர்: கோவூர்கிழார்.
பாடப்பட்டோன்: சோழன் குராப்பள்ளித் துஞ்சிய கிள்ளி வளவன்.
திணை: வாகை. துறை: மறக்களவழி; ஏர்க்கள உருவகமும் ஆம்.,",source_note,markdown:source-note,,,,,high,machine_checked,corpus/purananuru/poems/373.md,0472315bed13be6af8aa4100ac2c0d094ff666e68168889bccbb7cbf8d461ada
asrt.7d13df3509d2c8d7ac39be32,purananuru,373,TEXTUAL_CONDITION,SOURCE_EXPLICIT,HAS_TEXTUAL_STATUS,incomplete,textual_status,yaml:textual_status,,,,,high,machine_checked,corpus/purananuru/poems/373.md,0472315bed13be6af8aa4100ac2c0d094ff666e68168889bccbb7cbf8d461ada
asrt.6219cffe68f804e9846a6f63,purananuru,373,COMMUNITY_MENTION,SOURCE_EXPLICIT,MENTIONS_CANDIDATE,மறவர்,canonical_body,markdown:canonical-body,25,25,6,11,medium,human_review_required,corpus/purananuru/poems/373.md,0472315bed13be6af8aa4100ac2c0d094ff666e68168889bccbb7cbf8d461ada
asrt.a0f2ad1c5ac5f5fd932a0843,purananuru,374,POET_ATTRIBUTION,SOURCE_EXPLICIT,ATTRIBUTED_TO,உறையூர் ஏணிச்சேர் முடமோசியார்,poet_as_printed,yaml:poet_as_printed,,,,,high,machine_checked,corpus/purananuru/poems/374.md,95202a87db596ab39a3600a50000b848eddf04602b34de475f9bd4c4e4c3cb46
asrt.00ca311988fd62dba86778da,purananuru,374,PATRON_OR_ADDRESSEE,SOURCE_EXPLICIT,ADDRESSED_TO,ஆய் அண்டிரன்,addressee_as_printed,yaml:addressee_as_printed,,,,,high,machine_checked,corpus/purananuru/poems/374.md,95202a87db596ab39a3600a50000b848eddf04602b34de475f9bd4c4e4c3cb46
asrt.d8a527f471d825ff67abc2d0,purananuru,374,TINI_VALUE,SOURCE_EXPLICIT,ASSOCIATED_WITH_TINAI,பாடாண்,thinai_as_printed,yaml:thinai_as_printed,,,,,high,machine_checked,corpus/purananuru/poems/374.md,95202a87db596ab39a3600a50000b848eddf04602b34de475f9bd4c4e4c3cb46
asrt.b0d0473aeea68e1cdaedbfc1,purananuru,374,TURAI_VALUE,SOURCE_EXPLICIT,ASSOCIATED_WITH_TURAI,பூவைநிலை,thurai,yaml:thurai,,,,,high,machine_checked,corpus/purananuru/poems/374.md,95202a87db596ab39a3600a50000b848eddf04602b34de475f9bd4c4e4c3cb46
asrt.b270dc960c0862de25b83dd2,purananuru,374,SOURCE_CONTEXT_NOTE,SOURCE_EXPLICIT,HAS_PRINTED_TITLE,அண்டிரன் போல்வையோ ஞாயிறு?,title_as_printed,yaml:title_as_printed,,,,,high,machine_checked,corpus/purananuru/poems/374.md,95202a87db596ab39a3600a50000b848eddf04602b34de475f9bd4c4e4c3cb46
asrt.b53078e1e8df3d3d9fe2a252,purananuru,374,SOURCE_CONTEXT_NOTE,SOURCE_EXPLICIT,HAS_PRINTED_SOURCE_NOTE,"பாடியவர்: உறையூர் ஏணிச்சேர் முடமோசியார்.
பாடப்பட்டோன்: ஆய் அண்டிரன்.
திணை: பாடாண். துறை: பூவைநிலை.",source_note,markdown:source-note,,,,,high,machine_checked,corpus/purananuru/poems/374.md,95202a87db596ab39a3600a50000b848eddf04602b34de475f9bd4c4e4c3cb46
asrt.36d9e0e9031966fd17f95c97,purananuru,374,TEXTUAL_CONDITION,SOURCE_EXPLICIT,HAS_TEXTUAL_STATUS,complete,textual_status,yaml:textual_status,,,,,high,machine_checked,corpus/purananuru/poems/374.md,95202a87db596ab39a3600a50000b848eddf04602b34de475f9bd4c4e4c3cb46
asrt.bc2294a75277393137ffb13a,purananuru,374,ECONOMIC_ACTIVITY,SOURCE_EXPLICIT,MENTIONS_CANDIDATE,வரி,canonical_body,markdown:canonical-body,14,14,19,22,medium,human_review_required,corpus/purananuru/poems/374.md,95202a87db596ab39a3600a50000b848eddf04602b34de475f9bd4c4e4c3cb46
asrt.fcc68de63839b0352dbdd7b3,purananuru,375,POET_ATTRIBUTION,SOURCE_EXPLICIT,ATTRIBUTED_TO,உறையூர் ஏணிச்சேரி முடமோசியார்,poet_as_printed,yaml:poet_as_printed,,,,,high,machine_checked,corpus/purananuru/poems/375.md,14669f1b8ef91813d940a279277a4cdc9619b935ab7ac849ecfe6af0cb073778
asrt.623895b0a5a2d300efbe9cea,purananuru,375,PATRON_OR_ADDRESSEE,SOURCE_EXPLICIT,ADDRESSED_TO,ஆய் அண்டிரன்,addressee_as_printed,yaml:addressee_as_printed,,,,,high,machine_checked,corpus/purananuru/poems/375.md,14669f1b8ef91813d940a279277a4cdc9619b935ab7ac849ecfe6af0cb073778
asrt.72457cd796854703ec87cf86,purananuru,375,TINI_VALUE,SOURCE_EXPLICIT,ASSOCIATED_WITH_TINAI,பாடாண்,thinai_as_printed,yaml:thinai_as_printed,,,,,high,machine_checked,corpus/purananuru/poems/375.md,14669f1b8ef91813d940a279277a4cdc9619b935ab7ac849ecfe6af0cb073778
asrt.d82d78ca9ab3fc321b6aaab3,purananuru,375,TURAI_VALUE,SOURCE_EXPLICIT,ASSOCIATED_WITH_TURAI,வாழ்த்தியல்,thurai,yaml:thurai,,,,,high,machine_checked,corpus/purananuru/poems/375.md,14669f1b8ef91813d940a279277a4cdc9619b935ab7ac849ecfe6af0cb073778
asrt.e54f20d9bd5da82a7a88963c,purananuru,375,SOURCE_CONTEXT_NOTE,SOURCE_EXPLICIT,HAS_PRINTED_TITLE,பாடன்மார் எமரே!,title_as_printed,yaml:title_as_printed,,,,,high,machine_checked,corpus/purananuru/poems/375.md,14669f1b8ef91813d940a279277a4cdc9619b935ab7ac849ecfe6af0cb073778
asrt.84fe1b840b8fcbd536f8f20b,purananuru,375,SOURCE_CONTEXT_NOTE,SOURCE_EXPLICIT,HAS_PRINTED_SOURCE_NOTE,"பாடியவர்: உறையூர் ஏணிச்சேரி முடமோசியார்.
பாடப்பட்டோன்: ஆய் அண்டிரன்.
திணை: பாடாண் . துறை: வாழ்த்தியல்.",source_note,markdown:source-note,,,,,high,machine_checked,corpus/purananuru/poems/375.md,14669f1b8ef91813d940a279277a4cdc9619b935ab7ac849ecfe6af0cb073778
asrt.cc163c428d9ab854af9fc2d7,purananuru,375,TEXTUAL_CONDITION,SOURCE_EXPLICIT,HAS_TEXTUAL_STATUS,complete,textual_status,yaml:textual_status,,,,,high,machine_checked,corpus/purananuru/poems/375.md,14669f1b8ef91813d940a279277a4cdc9619b935ab7ac849ecfe6af0cb073778
asrt.0c0a592b45f6bd11def677c7,purananuru,376,POET_ATTRIBUTION,SOURCE_EXPLICIT,ATTRIBUTED_TO,புறத்திணை நன்னாகனார்,poet_as_printed,yaml:poet_as_printed,,,,,high,machine_checked,corpus/purananuru/poems/376.md,9a89637d5499dd6f10e400390b450b4b21443a15ea10e0c235cb44a499fd7bb0
asrt.bb66e4fb03087f5f949551ab,purananuru,376,PATRON_OR_ADDRESSEE,SOURCE_EXPLICIT,ADDRESSED_TO,ஓய்மான் நல்லியாதன்,addressee_as_printed,yaml:addressee_as_printed,,,,,high,machine_checked,corpus/purananuru/poems/376.md,9a89637d5499dd6f10e400390b450b4b21443a15ea10e0c235cb44a499fd7bb0
asrt.3cf9704cad37cca1b1cb473e,purananuru,376,TINI_VALUE,SOURCE_EXPLICIT,ASSOCIATED_WITH_TINAI,பாடாண்,thinai_as_printed,yaml:thinai_as_printed,,,,,high,machine_checked,corpus/purananuru/poems/376.md,9a89637d5499dd6f10e400390b450b4b21443a15ea10e0c235cb44a499fd7bb0
asrt.423ecdc6430ff2eca787fa0a,purananuru,376,TURAI_VALUE,SOURCE_EXPLICIT,ASSOCIATED_WITH_TURAI,இயன்மொழி,thurai,yaml:thurai,,,,,high,machine_checked,corpus/purananuru/poems/376.md,9a89637d5499dd6f10e400390b450b4b21443a15ea10e0c235cb44a499fd7bb0
asrt.ce75da8aac408f6f11fda62a,purananuru,376,SOURCE_CONTEXT_NOTE,SOURCE_EXPLICIT,HAS_PRINTED_TITLE,கிணைக்குரல் செல்லாது!,title_as_printed,yaml:title_as_printed,,,,,high,machine_checked,corpus/purananuru/poems/376.md,9a89637d5499dd6f10e400390b450b4b21443a15ea10e0c235cb44a499fd7bb0
asrt.d3c7b97933e77209184ce34d,purananuru,376,SOURCE_CONTEXT_NOTE,SOURCE_EXPLICIT,HAS_PRINTED_SOURCE_NOTE,"பாடியவர்: புறத்திணை நன்னாகனார்.
பாடப்பட்டோன்: ஓய்மான் நல்லியாதன்.
திணை:பாடாண். துறை: இயன்மொழி.",source_note,markdown:source-note,,,,,high,machine_checked,corpus/purananuru/poems/376.md,9a89637d5499dd6f10e400390b450b4b21443a15ea10e0c235cb44a499fd7bb0
asrt.6e0df36a7253cdd25718e6cd,purananuru,376,TEXTUAL_CONDITION,SOURCE_EXPLICIT,HAS_TEXTUAL_STATUS,complete,textual_status,yaml:textual_status,,,,,high,machine_checked,corpus/purananuru/poems/376.md,9a89637d5499dd6f10e400390b450b4b21443a15ea10e0c235cb44a499fd7bb0
asrt.97daa6fabe22b741c46ec9d1,purananuru,376,COMMUNITY_MENTION,SOURCE_EXPLICIT,MENTIONS_CANDIDATE,பாணர்,canonical_body,markdown:canonical-body,5,5,0,5,medium,human_review_required,corpus/purananuru/poems/376.md,9a89637d5499dd6f10e400390b450b4b21443a15ea10e0c235cb44a499fd7bb0
asrt.79c9d815cfb1fe07d8374128,purananuru,377,POET_ATTRIBUTION,SOURCE_EXPLICIT,ATTRIBUTED_TO,உலோச்சனார்,poet_as_printed,yaml:poet_as_printed,,,,,high,machine_checked,corpus/purananuru/poems/377.md,1bfd475d953248313ac6ec9d11acdcd735d557b4e5f857bc782f25f6d6ebe2f0
asrt.baaa14e73f80c4b2e15df589,purananuru,377,PATRON_OR_ADDRESSEE,SOURCE_EXPLICIT,ADDRESSED_TO,சோழன் இராசசூயம் வேட்ட பெருநற் கிள்ளி,addressee_as_printed,yaml:addressee_as_printed,,,,,high,machine_checked,corpus/purananuru/poems/377.md,1bfd475d953248313ac6ec9d11acdcd735d557b4e5f857bc782f25f6d6ebe2f0
asrt.e12acecfaeadce0627e6e1b4,purananuru,377,TINI_VALUE,SOURCE_EXPLICIT,ASSOCIATED_WITH_TINAI,பாடாண்,thinai_as_printed,yaml:thinai_as_printed,,,,,high,machine_checked,corpus/purananuru/poems/377.md,1bfd475d953248313ac6ec9d11acdcd735d557b4e5f857bc782f25f6d6ebe2f0
asrt.961242526c32dcdf4d1dab36,purananuru,377,TURAI_VALUE,SOURCE_EXPLICIT,ASSOCIATED_WITH_TURAI,வாழ்த்தியல்,thurai,yaml:thurai,,,,,high,machine_checked,corpus/purananuru/poems/377.md,1bfd475d953248313ac6ec9d11acdcd735d557b4e5f857bc782f25f6d6ebe2f0
asrt.c083b71ca24af1303bc443ac,purananuru,377,SOURCE_CONTEXT_NOTE,SOURCE_EXPLICIT,HAS_PRINTED_TITLE,நாடு அவன் நாடே!,title_as_printed,yaml:title_as_printed,,,,,high,machine_checked,corpus/purananuru/poems/377.md,1bfd475d953248313ac6ec9d11acdcd735d557b4e5f857bc782f25f6d6ebe2f0
asrt.2db3e2ef4b85f50d1a3616fc,purananuru,377,SOURCE_CONTEXT_NOTE,SOURCE_EXPLICIT,HAS_PRINTED_SOURCE_NOTE,"பாடியவர்: உலோச்சனார்.
பாடப்பட்டோன்: சோழன் இராசசூயம் வேட்ட பெருநற் கிள்ளி.
திணை: பாடாண். துறை: வாழ்த்தியல்.",source_note,markdown:source-note,,,,,high,machine_checked,corpus/purananuru/poems/377.md,1bfd475d953248313ac6ec9d11acdcd735d557b4e5f857bc782f25f6d6ebe2f0
asrt.6daebaf98fdcd81ab52e66d1,purananuru,377,TEXTUAL_CONDITION,SOURCE_EXPLICIT,HAS_TEXTUAL_STATUS,incomplete,textual_status,yaml:textual_status,,,,,high,machine_checked,corpus/purananuru/poems/377.md,1bfd475d953248313ac6ec9d11acdcd735d557b4e5f857bc782f25f6d6ebe2f0
asrt.0379a5d2d74ce956e23aa8af,purananuru,377,WATER_BODY_MENTION,SOURCE_EXPLICIT,MENTIONS_CANDIDATE,கடல்,canonical_body,markdown:canonical-body,16,16,0,4,medium,human_review_required,corpus/purananuru/poems/377.md,1bfd475d953248313ac6ec9d11acdcd735d557b4e5f857bc782f25f6d6ebe2f0
asrt.2a19d2153463524c73ac2739,purananuru,377,WATER_BODY_MENTION,SOURCE_EXPLICIT,MENTIONS_CANDIDATE,கடல்,canonical_body,markdown:canonical-body,28,28,0,4,medium,human_review_required,corpus/purananuru/poems/377.md,1bfd475d953248313ac6ec9d11acdcd735d557b4e5f857bc782f25f6d6ebe2f0
asrt.de55f18fcc8a3c9a53181d74,purananuru,378,POET_ATTRIBUTION,SOURCE_EXPLICIT,ATTRIBUTED_TO,ஊன்பொதி பசுங்குடையார்,poet_as_printed,yaml:poet_as_printed,,,,,high,machine_checked,corpus/purananuru/poems/378.md,498155dd5f670eea5fbbac1c367967eb0ff44dd75a963d9a0d72c463a7585b46
asrt.f21973a8164448ecbdf51579,purananuru,378,PATRON_OR_ADDRESSEE,SOURCE_EXPLICIT,ADDRESSED_TO,சோழன் செரப்பாழி எறிந்த இளஞ்சேட் சென்னி,addressee_as_printed,yaml:addressee_as_printed,,,,,high,machine_checked,corpus/purananuru/poems/378.md,498155dd5f670eea5fbbac1c367967eb0ff44dd75a963d9a0d72c463a7585b46
asrt.2806c645d319b8e389428da9,purananuru,378,TINI_VALUE,SOURCE_EXPLICIT,ASSOCIATED_WITH_TINAI,பாடாண்,thinai_as_printed,yaml:thinai_as_printed,,,,,high,machine_checked,corpus/purananuru/poems/378.md,498155dd5f670eea5fbbac1c367967eb0ff44dd75a963d9a0d72c463a7585b46
asrt.0fc24753cc45ce34828c64fd,purananuru,378,TURAI_VALUE,SOURCE_EXPLICIT,ASSOCIATED_WITH_TURAI,இயன்மொழி,thurai,yaml:thurai,,,,,high,machine_checked,corpus/purananuru/poems/378.md,498155dd5f670eea5fbbac1c367967eb0ff44dd75a963d9a0d72c463a7585b46
asrt.2b3b40023eda534089dc0338,purananuru,378,SOURCE_CONTEXT_NOTE,SOURCE_EXPLICIT,HAS_PRINTED_TITLE,எஞ்சா மரபின் வஞ்சி!,title_as_printed,yaml:title_as_printed,,,,,high,machine_checked,corpus/purananuru/poems/378.md,498155dd5f670eea5fbbac1c367967eb0ff44dd75a963d9a0d72c463a7585b46
asrt.3bd05938567915bd092aa5e3,purananuru,378,SOURCE_CONTEXT_NOTE,SOURCE_EXPLICIT,HAS_PRINTED_SOURCE_NOTE,"பாடியவர்: ஊன்பொதி பசுங்குடையார்.
பாடப்பட்டோன்: சோழன் செரப்பாழி எறிந்த இளஞ்சேட் சென்னி.
திணை: பாடாண் . துறை: இயன்மொழி.",source_note,markdown:source-note,,,,,high,machine_checked,corpus/purananuru/poems/378.md,498155dd5f670eea5fbbac1c367967eb0ff44dd75a963d9a0d72c463a7585b46
asrt.63a50bd7832157edd598d1df,purananuru,378,TEXTUAL_CONDITION,SOURCE_EXPLICIT,HAS_TEXTUAL_STATUS,complete,textual_status,yaml:textual_status,,,,,high,machine_checked,corpus/purananuru/poems/378.md,498155dd5f670eea5fbbac1c367967eb0ff44dd75a963d9a0d72c463a7585b46
asrt.ff9798593789c93df81f7efa,purananuru,378,WARFARE_MENTION,SOURCE_EXPLICIT,MENTIONS_CANDIDATE,வாள்,canonical_body,markdown:canonical-body,2,2,10,14,medium,human_review_required,corpus/purananuru/poems/378.md,498155dd5f670eea5fbbac1c367967eb0ff44dd75a963d9a0d72c463a7585b46
asrt.bd3994f5da48f8de48f41344,purananuru,379,POET_ATTRIBUTION,SOURCE_EXPLICIT,ATTRIBUTED_TO,புறத்திணை நன்னாகனார்,poet_as_printed,yaml:poet_as_printed,,,,,high,machine_checked,corpus/purananuru/poems/379.md,f72eab61274dac76a9909770620e8fd7b56151f98f804522ff8af0517ae8933c
asrt.67a4fb0b4df3337de9690abf,purananuru,379,PATRON_OR_ADDRESSEE,SOURCE_EXPLICIT,ADDRESSED_TO,ஓய்மான்வில்லியாதன்,addressee_as_printed,yaml:addressee_as_printed,,,,,high,machine_checked,corpus/purananuru/poems/379.md,f72eab61274dac76a9909770620e8fd7b56151f98f804522ff8af0517ae8933c
asrt.50b878ef6a4cd596d97eb51d,purananuru,379,TINI_VALUE,SOURCE_EXPLICIT,ASSOCIATED_WITH_TINAI,பாடாண் துறை: பரிசில்,thinai_as_printed,yaml:thinai_as_printed,,,,,high,machine_checked,corpus/purananuru/poems/379.md,f72eab61274dac76a9909770620e8fd7b56151f98f804522ff8af0517ae8933c
asrt.a9e36410d8597ca2fc27fb37,purananuru,379,TURAI_VALUE,SOURCE_EXPLICIT,ASSOCIATED_WITH_TURAI,பரிசில்,thurai,yaml:thurai,,,,,high,machine_checked,corpus/purananuru/poems/379.md,f72eab61274dac76a9909770620e8fd7b56151f98f804522ff8af0517ae8933c
asrt.9524e89c8f819716be3a0332,purananuru,379,SOURCE_CONTEXT_NOTE,SOURCE_EXPLICIT,HAS_PRINTED_TITLE,இலங்கை கிழவோன்!,title_as_printed,yaml:title_as_printed,,,,,high,machine_checked,corpus/purananuru/poems/379.md,f72eab61274dac76a9909770620e8fd7b56151f98f804522ff8af0517ae8933c
asrt.f2d031e3362f895d29c96446,purananuru,379,SOURCE_CONTEXT_NOTE,SOURCE_EXPLICIT,HAS_PRINTED_SOURCE_NOTE,"பாடியவர்: புறத்திணை நன்னாகனார்
பாடப்பட்டோன்: ஓய்மான்வில்லியாதன்
திணை:பாடாண் துறை: பரிசில்",source_note,markdown:source-note,,,,,high,machine_checked,corpus/purananuru/poems/379.md,f72eab61274dac76a9909770620e8fd7b56151f98f804522ff8af0517ae8933c
asrt.87e9ce00ab785fa2275d3dfc,purananuru,379,TEXTUAL_CONDITION,SOURCE_EXPLICIT,HAS_TEXTUAL_STATUS,incomplete,textual_status,yaml:textual_status,,,,,high,machine_checked,corpus/purananuru/poems/379.md,f72eab61274dac76a9909770620e8fd7b56151f98f804522ff8af0517ae8933c
asrt.0afda2f961f49afdacdd93e9,purananuru,380,SOURCE_CONTEXT_NOTE,SOURCE_EXPLICIT,HAS_PRINTED_TITLE,சேய்மையும் அணிமையும்!,title_as_printed,yaml:title_as_printed,,,,,high,machine_checked,corpus/purananuru/poems/380.md,295ed8d54c71eb3220a24674aa8f81b1d3fa2bd445f4c60adbb9a300836ea983
asrt.876d99a994ccfbd7e9906412,purananuru,380,TEXTUAL_CONDITION,SOURCE_EXPLICIT,HAS_TEXTUAL_STATUS,incomplete,textual_status,yaml:textual_status,,,,,high,machine_checked,corpus/purananuru/poems/380.md,295ed8d54c71eb3220a24674aa8f81b1d3fa2bd445f4c60adbb9a300836ea983
asrt.3c653e24b29c34f83b4ced07,purananuru,381,POET_ATTRIBUTION,SOURCE_EXPLICIT,ATTRIBUTED_TO,புறத்திணை நன்னகனார்,poet_as_printed,yaml:poet_as_printed,,,,,high,machine_checked,corpus/purananuru/poems/381.md,cf289540350e7e2d1af36bb6efef77d2ed1aa4a8fb3751c3c02a4ab97e4fc538
asrt.880fbcb277e7fc4780bfa24b,purananuru,381,PATRON_OR_ADDRESSEE,SOURCE_EXPLICIT,ADDRESSED_TO,கரும்பனூர் கிழான்,addressee_as_printed,yaml:addressee_as_printed,,,,,high,machine_checked,corpus/purananuru/poems/381.md,cf289540350e7e2d1af36bb6efef77d2ed1aa4a8fb3751c3c02a4ab97e4fc538
asrt.ba7ec8078ef9e27f256b7952,purananuru,381,TINI_VALUE,SOURCE_EXPLICIT,ASSOCIATED_WITH_TINAI,பாடாண்,thinai_as_printed,yaml:thinai_as_printed,,,,,high,machine_checked,corpus/purananuru/poems/381.md,cf289540350e7e2d1af36bb6efef77d2ed1aa4a8fb3751c3c02a4ab97e4fc538
asrt.8ad42394a564263f9cc67b2b,purananuru,381,TURAI_VALUE,SOURCE_EXPLICIT,ASSOCIATED_WITH_TURAI,இயன் மொழி,thurai,yaml:thurai,,,,,high,machine_checked,corpus/purananuru/poems/381.md,cf289540350e7e2d1af36bb6efef77d2ed1aa4a8fb3751c3c02a4ab97e4fc538
asrt.fe1fdd5d422dfd70e7d5864d,purananuru,381,SOURCE_CONTEXT_NOTE,SOURCE_EXPLICIT,HAS_PRINTED_TITLE,கரும்பனூரன் காதல் மகன்!,title_as_printed,yaml:title_as_printed,,,,,high,machine_checked,corpus/purananuru/poems/381.md,cf289540350e7e2d1af36bb6efef77d2ed1aa4a8fb3751c3c02a4ab97e4fc538
asrt.d6ba2d851417909593a12198,purananuru,381,SOURCE_CONTEXT_NOTE,SOURCE_EXPLICIT,HAS_PRINTED_SOURCE_NOTE,"பாடியவர்: புறத்திணை நன்னகனார்.
பாடப்பட்டோன்: கரும்பனூர் கிழான்.
திணை: பாடாண். துறை: இயன் மொழி.",source_note,markdown:source-note,,,,,high,machine_checked,corpus/purananuru/poems/381.md,cf289540350e7e2d1af36bb6efef77d2ed1aa4a8fb3751c3c02a4ab97e4fc538
asrt.47415740f684462d095112a4,purananuru,381,TEXTUAL_CONDITION,SOURCE_EXPLICIT,HAS_TEXTUAL_STATUS,complete,textual_status,yaml:textual_status,,,,,high,machine_checked,corpus/purananuru/poems/381.md,cf289540350e7e2d1af36bb6efef77d2ed1aa4a8fb3751c3c02a4ab97e4fc538
asrt.75b1607577525c3dceb31954,purananuru,382,POET_ATTRIBUTION,SOURCE_EXPLICIT,ATTRIBUTED_TO,கோவூர் கிழார்,poet_as_printed,yaml:poet_as_printed,,,,,high,machine_checked,corpus/purananuru/poems/382.md,c66f086526c36a6aa8b4be0abff0dcee7347032341f7a1b59d00863491a20d1e
asrt.7e58b3897169ef1129310842,purananuru,382,PATRON_OR_ADDRESSEE,SOURCE_EXPLICIT,ADDRESSED_TO,சோழன் நலங்கிள்ளி,addressee_as_printed,yaml:addressee_as_printed,,,,,high,machine_checked,corpus/purananuru/poems/382.md,c66f086526c36a6aa8b4be0abff0dcee7347032341f7a1b59d00863491a20d1e
asrt.40f146868ad4c02ae5ade577,purananuru,382,TINI_VALUE,SOURCE_EXPLICIT,ASSOCIATED_WITH_TINAI,பாடாண்,thinai_as_printed,yaml:thinai_as_printed,,,,,high,machine_checked,corpus/purananuru/poems/382.md,c66f086526c36a6aa8b4be0abff0dcee7347032341f7a1b59d00863491a20d1e
asrt.71093891bead54823fbf6155,purananuru,382,TURAI_VALUE,SOURCE_EXPLICIT,ASSOCIATED_WITH_TURAI,கடைநிலை,thurai,yaml:thurai,,,,,high,machine_checked,corpus/purananuru/poems/382.md,c66f086526c36a6aa8b4be0abff0dcee7347032341f7a1b59d00863491a20d1e
asrt.555d519244da7e6da8e5ff7f,purananuru,382,SOURCE_CONTEXT_NOTE,SOURCE_EXPLICIT,HAS_PRINTED_TITLE,கேட்டொறும் நடுங்க ஏத்துவேன்!,title_as_printed,yaml:title_as_printed,,,,,high,machine_checked,corpus/purananuru/poems/382.md,c66f086526c36a6aa8b4be0abff0dcee7347032341f7a1b59d00863491a20d1e
asrt.a3e049083343eb745aef0626,purananuru,382,SOURCE_CONTEXT_NOTE,SOURCE_EXPLICIT,HAS_PRINTED_SOURCE_NOTE,"பாடியவர்: கோவூர் கிழார்.
பாடப்பட்டோன்: சோழன் நலங்கிள்ளி.
திணை: பாடாண். துறை: கடைநிலை.",source_note,markdown:source-note,,,,,high,machine_checked,corpus/purananuru/poems/382.md,c66f086526c36a6aa8b4be0abff0dcee7347032341f7a1b59d00863491a20d1e
asrt.d952d24def391e1f4b65375e,purananuru,382,TEXTUAL_CONDITION,SOURCE_EXPLICIT,HAS_TEXTUAL_STATUS,complete,textual_status,yaml:textual_status,,,,,high,machine_checked,corpus/purananuru/poems/382.md,c66f086526c36a6aa8b4be0abff0dcee7347032341f7a1b59d00863491a20d1e
asrt.53d565646cdf810813de6b38,purananuru,382,WATER_BODY_MENTION,SOURCE_EXPLICIT,MENTIONS_CANDIDATE,கடல்,canonical_body,markdown:canonical-body,1,1,0,4,medium,human_review_required,corpus/purananuru/poems/382.md,c66f086526c36a6aa8b4be0abff0dcee7347032341f7a1b59d00863491a20d1e
asrt.86ace92091e562af04047de0,purananuru,382,WARFARE_MENTION,SOURCE_EXPLICIT,MENTIONS_CANDIDATE,படை,canonical_body,markdown:canonical-body,1,1,5,8,medium,human_review_required,corpus/purananuru/poems/382.md,c66f086526c36a6aa8b4be0abff0dcee7347032341f7a1b59d00863491a20d1e
asrt.01a40f1d438f4ab75228cfc2,purananuru,383,POET_ATTRIBUTION,SOURCE_EXPLICIT,ATTRIBUTED_TO,மாறோக்கத்து நப்பசலையார்,poet_as_printed,yaml:poet_as_printed,,,,,high,machine_checked,corpus/purananuru/poems/383.md,5897ce4dd82e341de487fdf02c217318f6ac8757bfd62418cdc7de47e8ba6c72
asrt.954af99d88f4e411ee8c1500,purananuru,383,PATRON_OR_ADDRESSEE,SOURCE_EXPLICIT,ADDRESSED_TO,பெயர் தெரிந்திலது,addressee_as_printed,yaml:addressee_as_printed,,,,,high,machine_checked,corpus/purananuru/poems/383.md,5897ce4dd82e341de487fdf02c217318f6ac8757bfd62418cdc7de47e8ba6c72
asrt.795f8b762d5e17f272738a2b,purananuru,383,TINI_VALUE,SOURCE_EXPLICIT,ASSOCIATED_WITH_TINAI,பாடாண்,thinai_as_printed,yaml:thinai_as_printed,,,,,high,machine_checked,corpus/purananuru/poems/383.md,5897ce4dd82e341de487fdf02c217318f6ac8757bfd62418cdc7de47e8ba6c72
asrt.167491791d24f1a8b62ddb4a,purananuru,383,TURAI_VALUE,SOURCE_EXPLICIT,ASSOCIATED_WITH_TURAI,கடைநிலை,thurai,yaml:thurai,,,,,high,machine_checked,corpus/purananuru/poems/383.md,5897ce4dd82e341de487fdf02c217318f6ac8757bfd62418cdc7de47e8ba6c72
asrt.0d85644c15e437170b811db9,purananuru,383,SOURCE_CONTEXT_NOTE,SOURCE_EXPLICIT,HAS_PRINTED_SOURCE_NOTE,"பாடியவர்: மாறோக்கத்து நப்பசலையார்.
பாடப்பட்டோன்: பெயர் தெரிந்திலது
(கடுந்தேர் அவியனென ஒருவனை உடையேன்' என்று குறித்தது கொண்டு,அவனைப் பாடியதாகக் கொள்ளலும் பொருந்தும்)
திணை: பாடாண். துறை: கடைநிலை.",source_note,markdown:source-note,,,,,high,machine_checked,corpus/purananuru/poems/383.md,5897ce4dd82e341de487fdf02c217318f6ac8757bfd62418cdc7de47e8ba6c72
asrt.0f93482c106a221d7810191c,purananuru,383,SOURCE_CONTEXT_NOTE,SOURCE_EXPLICIT,HAS_PRINTED_TITLE,வெள்ளி நிலை பரிகோ!,title_as_printed,yaml:title_as_printed,,,,,high,machine_checked,corpus/purananuru/poems/383.md,5897ce4dd82e341de487fdf02c217318f6ac8757bfd62418cdc7de47e8ba6c72
asrt.ff833b6cdb2afccea407c862,purananuru,383,TEXTUAL_CONDITION,SOURCE_EXPLICIT,HAS_TEXTUAL_STATUS,incomplete,textual_status,yaml:textual_status,,,,,high,machine_checked,corpus/purananuru/poems/383.md,5897ce4dd82e341de487fdf02c217318f6ac8757bfd62418cdc7de47e8ba6c72
asrt.810be620f84186cad2b57f1e,purananuru,384,POET_ATTRIBUTION,SOURCE_EXPLICIT,ATTRIBUTED_TO,புறத்திணை நன்னாகனார்,poet_as_printed,yaml:poet_as_printed,,,,,high,machine_checked,corpus/purananuru/poems/384.md,64d4ea30e9d23ea38cb77146fbb1b9dfcb52b0034dff4937a2e0ab8f636bd70e
asrt.fcce409bcf34394cd9da8ef8,purananuru,384,PATRON_OR_ADDRESSEE,SOURCE_EXPLICIT,ADDRESSED_TO,கரும்பனூர் கிழான்,addressee_as_printed,yaml:addressee_as_printed,,,,,high,machine_checked,corpus/purananuru/poems/384.md,64d4ea30e9d23ea38cb77146fbb1b9dfcb52b0034dff4937a2e0ab8f636bd70e
asrt.2cc0e3a5cd908981d815151f,purananuru,384,TINI_VALUE,SOURCE_EXPLICIT,ASSOCIATED_WITH_TINAI,பாடாண்,thinai_as_printed,yaml:thinai_as_printed,,,,,high,machine_checked,corpus/purananuru/poems/384.md,64d4ea30e9d23ea38cb77146fbb1b9dfcb52b0034dff4937a2e0ab8f636bd70e
asrt.a3aa26a578163a7372080288,purananuru,384,TURAI_VALUE,SOURCE_EXPLICIT,ASSOCIATED_WITH_TURAI,கையறுநிலை,thurai,yaml:thurai,,,,,high,machine_checked,corpus/purananuru/poems/384.md,64d4ea30e9d23ea38cb77146fbb1b9dfcb52b0034dff4937a2e0ab8f636bd70e
asrt.fb57aec4794103bec4774d7a,purananuru,384,SOURCE_CONTEXT_NOTE,SOURCE_EXPLICIT,HAS_PRINTED_TITLE,நெல் என்னாம்! பொன் என்னாம்!,title_as_printed,yaml:title_as_printed,,,,,high,machine_checked,corpus/purananuru/poems/384.md,64d4ea30e9d23ea38cb77146fbb1b9dfcb52b0034dff4937a2e0ab8f636bd70e
asrt.ede2a4c258b7461df9b295d1,purananuru,384,SOURCE_CONTEXT_NOTE,SOURCE_EXPLICIT,HAS_PRINTED_SOURCE_NOTE,"பாடியவர்: புறத்திணை நன்னாகனார்.
பாடப்பட்டோன்: கரும்பனூர் கிழான்.
திணை: பாடாண். துறை: கையறுநிலை.",source_note,markdown:source-note,,,,,high,machine_checked,corpus/purananuru/poems/384.md,64d4ea30e9d23ea38cb77146fbb1b9dfcb52b0034dff4937a2e0ab8f636bd70e
asrt.ee1288a9e9eab31cea2b3de9,purananuru,384,TEXTUAL_CONDITION,SOURCE_EXPLICIT,HAS_TEXTUAL_STATUS,incomplete,textual_status,yaml:textual_status,,,,,high,machine_checked,corpus/purananuru/poems/384.md,64d4ea30e9d23ea38cb77146fbb1b9dfcb52b0034dff4937a2e0ab8f636bd70e
asrt.908304bd21051c695c107181,purananuru,384,OCCUPATION_MENTION,SOURCE_EXPLICIT,MENTIONS_CANDIDATE,உழவர்,canonical_body,markdown:canonical-body,8,8,18,23,medium,human_review_required,corpus/purananuru/poems/384.md,64d4ea30e9d23ea38cb77146fbb1b9dfcb52b0034dff4937a2e0ab8f636bd70e
asrt.b62971ed1e26aee96ecd7e17,purananuru,384,FLORA_MENTION,SOURCE_EXPLICIT,MENTIONS_CANDIDATE,நெல்,canonical_body,markdown:canonical-body,11,11,0,4,medium,human_review_required,corpus/purananuru/poems/384.md,64d4ea30e9d23ea38cb77146fbb1b9dfcb52b0034dff4937a2e0ab8f636bd70e
asrt.9eca4b0a22d3ebc2bc18b7cc,purananuru,384,COMMODITY_MENTION,SOURCE_EXPLICIT,MENTIONS_CANDIDATE,பொன்,canonical_body,markdown:canonical-body,11,11,14,18,medium,human_review_required,corpus/purananuru/poems/384.md,64d4ea30e9d23ea38cb77146fbb1b9dfcb52b0034dff4937a2e0ab8f636bd70e
asrt.de50e14e4b1834d5876f2ad6,purananuru,385,POET_ATTRIBUTION,SOURCE_EXPLICIT,ATTRIBUTED_TO,கல்லாடனார்,poet_as_printed,yaml:poet_as_printed,,,,,high,machine_checked,corpus/purananuru/poems/385.md,c7a2e00fd32126dd6d1165e1aa8292953dcf7fbd490dda17d10d8fbaada3a3aa
asrt.57658a4202b63e5854143991,purananuru,385,PATRON_OR_ADDRESSEE,SOURCE_EXPLICIT,ADDRESSED_TO,அம்பர் கிழான் அருவந்தை,addressee_as_printed,yaml:addressee_as_printed,,,,,high,machine_checked,corpus/purananuru/poems/385.md,c7a2e00fd32126dd6d1165e1aa8292953dcf7fbd490dda17d10d8fbaada3a3aa
asrt.ac4c0320c711e29f20e721af,purananuru,385,TINI_VALUE,SOURCE_EXPLICIT,ASSOCIATED_WITH_TINAI,பாடாண்,thinai_as_printed,yaml:thinai_as_printed,,,,,high,machine_checked,corpus/purananuru/poems/385.md,c7a2e00fd32126dd6d1165e1aa8292953dcf7fbd490dda17d10d8fbaada3a3aa
asrt.dd88116a4e17e8ddaeb95023,purananuru,385,TURAI_VALUE,SOURCE_EXPLICIT,ASSOCIATED_WITH_TURAI,வாழ்த்தியல்,thurai,yaml:thurai,,,,,high,machine_checked,corpus/purananuru/poems/385.md,c7a2e00fd32126dd6d1165e1aa8292953dcf7fbd490dda17d10d8fbaada3a3aa
asrt.78fd1714170072e9f4e526e0,purananuru,385,SOURCE_CONTEXT_NOTE,SOURCE_EXPLICIT,HAS_PRINTED_TITLE,காவிரி அணையும் படப்பை!,title_as_printed,yaml:title_as_printed,,,,,high,machine_checked,corpus/purananuru/poems/385.md,c7a2e00fd32126dd6d1165e1aa8292953dcf7fbd490dda17d10d8fbaada3a3aa
asrt.cae68420b32250a87da6dffa,purananuru,385,SOURCE_CONTEXT_NOTE,SOURCE_EXPLICIT,HAS_PRINTED_SOURCE_NOTE,"பாடியவர்: கல்லாடனார்.
பாடப்பட்டோன்: அம்பர் கிழான் அருவந்தை.
திணை: பாடாண். துறை: வாழ்த்தியல்.",source_note,markdown:source-note,,,,,high,machine_checked,corpus/purananuru/poems/385.md,c7a2e00fd32126dd6d1165e1aa8292953dcf7fbd490dda17d10d8fbaada3a3aa
asrt.7ea78c33fada05fc07b12f17,purananuru,385,TEXTUAL_CONDITION,SOURCE_EXPLICIT,HAS_TEXTUAL_STATUS,complete,textual_status,yaml:textual_status,,,,,high,machine_checked,corpus/purananuru/poems/385.md,c7a2e00fd32126dd6d1165e1aa8292953dcf7fbd490dda17d10d8fbaada3a3aa
asrt.0b40d66ec47e0354094af2ab,purananuru,386,POET_ATTRIBUTION,SOURCE_EXPLICIT,ATTRIBUTED_TO,கோவூர் கிழார்,poet_as_printed,yaml:poet_as_printed,,,,,high,machine_checked,corpus/purananuru/poems/386.md,c314dbee73d1f128e285df773c93a7d98c4bec79aaf7744d84f727324b3c17f5
asrt.95b028967d1b2d0b038204d2,purananuru,386,PATRON_OR_ADDRESSEE,SOURCE_EXPLICIT,ADDRESSED_TO,சோழன் குளமுற்றத்துத் துஞ்சிய கிள்ளிவளவன்,addressee_as_printed,yaml:addressee_as_printed,,,,,high,machine_checked,corpus/purananuru/poems/386.md,c314dbee73d1f128e285df773c93a7d98c4bec79aaf7744d84f727324b3c17f5
asrt.1169eee8fcfc87848d6205dd,purananuru,386,TINI_VALUE,SOURCE_EXPLICIT,ASSOCIATED_WITH_TINAI,பாடாண்,thinai_as_printed,yaml:thinai_as_printed,,,,,high,machine_checked,corpus/purananuru/poems/386.md,c314dbee73d1f128e285df773c93a7d98c4bec79aaf7744d84f727324b3c17f5
asrt.58f5db94aeadc6624593d91e,purananuru,386,TURAI_VALUE,SOURCE_EXPLICIT,ASSOCIATED_WITH_TURAI,வாழ்த்தியல்,thurai,yaml:thurai,,,,,high,machine_checked,corpus/purananuru/poems/386.md,c314dbee73d1f128e285df773c93a7d98c4bec79aaf7744d84f727324b3c17f5
asrt.fbc00d94ce9474f84aaaa353,purananuru,386,SOURCE_CONTEXT_NOTE,SOURCE_EXPLICIT,HAS_PRINTED_SOURCE_NOTE,"பாடியவர்: கோவூர் கிழார்.
பாடப்பட்டோன்: சோழன் குளமுற்றத்துத் துஞ்சிய கிள்ளிவளவன்.
திணை: பாடாண். துறை: வாழ்த்தியல்.",source_note,markdown:source-note,,,,,high,machine_checked,corpus/purananuru/poems/386.md,c314dbee73d1f128e285df773c93a7d98c4bec79aaf7744d84f727324b3c17f5
asrt.0c660e4159b8fceb88758905,purananuru,386,SOURCE_CONTEXT_NOTE,SOURCE_EXPLICIT,HAS_PRINTED_TITLE,வேண்டியது உணர்ந்தோன்!,title_as_printed,yaml:title_as_printed,,,,,high,machine_checked,corpus/purananuru/poems/386.md,c314dbee73d1f128e285df773c93a7d98c4bec79aaf7744d84f727324b3c17f5
asrt.aa8391b64a02ef96577bc5d3,purananuru,386,TEXTUAL_CONDITION,SOURCE_EXPLICIT,HAS_TEXTUAL_STATUS,complete,textual_status,yaml:textual_status,,,,,high,machine_checked,corpus/purananuru/poems/386.md,c314dbee73d1f128e285df773c93a7d98c4bec79aaf7744d84f727324b3c17f5
asrt.a331fe74a118f7939618a3cf,purananuru,387,POET_ATTRIBUTION,SOURCE_EXPLICIT,ATTRIBUTED_TO,குண்டுகட் பாலியாதனார்,poet_as_printed,yaml:poet_as_printed,,,,,high,machine_checked,corpus/purananuru/poems/387.md,76d8d7ec17bc7c5775bba2124c9c08c6cf41f400d4accaea73636b3a7c431e3f
asrt.16b089e6cf7b444804788e87,purananuru,387,PATRON_OR_ADDRESSEE,SOURCE_EXPLICIT,ADDRESSED_TO,சேரமான் சிக்கற்பள்ளித் துஞ்சிய செல்வக்கடுங்கோ வாழியாதன்,addressee_as_printed,yaml:addressee_as_printed,,,,,high,machine_checked,corpus/purananuru/poems/387.md,76d8d7ec17bc7c5775bba2124c9c08c6cf41f400d4accaea73636b3a7c431e3f
asrt.4c661faf89aaeeac3c74d226,purananuru,387,TINI_VALUE,SOURCE_EXPLICIT,ASSOCIATED_WITH_TINAI,பாடாண்,thinai_as_printed,yaml:thinai_as_printed,,,,,high,machine_checked,corpus/purananuru/poems/387.md,76d8d7ec17bc7c5775bba2124c9c08c6cf41f400d4accaea73636b3a7c431e3f
asrt.b74df99e4de065afc89e6055,purananuru,387,TURAI_VALUE,SOURCE_EXPLICIT,ASSOCIATED_WITH_TURAI,வாழ்த்தியல்,thurai,yaml:thurai,,,,,high,machine_checked,corpus/purananuru/poems/387.md,76d8d7ec17bc7c5775bba2124c9c08c6cf41f400d4accaea73636b3a7c431e3f
asrt.eb5a15652a47750a2cec329f,purananuru,387,SOURCE_CONTEXT_NOTE,SOURCE_EXPLICIT,HAS_PRINTED_TITLE,சிறுமையும் தகவும்!,title_as_printed,yaml:title_as_printed,,,,,high,machine_checked,corpus/purananuru/poems/387.md,76d8d7ec17bc7c5775bba2124c9c08c6cf41f400d4accaea73636b3a7c431e3f
asrt.6913a45c75d17acb04583b17,purananuru,387,SOURCE_CONTEXT_NOTE,SOURCE_EXPLICIT,HAS_PRINTED_SOURCE_NOTE,"பாடியவர்: குண்டுகட் பாலியாதனார்.
பாடப்பட்டோன்: சேரமான் சிக்கற்பள்ளித் துஞ்சிய செல்வக்கடுங்கோ வாழியாதன்.
திணை: பாடாண். துறை: வாழ்த்தியல்.",source_note,markdown:source-note,,,,,high,machine_checked,corpus/purananuru/poems/387.md,76d8d7ec17bc7c5775bba2124c9c08c6cf41f400d4accaea73636b3a7c431e3f
asrt.96ef59663f0440975e7ebc78,purananuru,387,TEXTUAL_CONDITION,SOURCE_EXPLICIT,HAS_TEXTUAL_STATUS,complete,textual_status,yaml:textual_status,,,,,high,machine_checked,corpus/purananuru/poems/387.md,76d8d7ec17bc7c5775bba2124c9c08c6cf41f400d4accaea73636b3a7c431e3f
asrt.8c020d430e2acde884b399c6,purananuru,387,MOUNTAIN_OR_HILL_MENTION,SOURCE_EXPLICIT,MENTIONS_CANDIDATE,குன்று,canonical_body,markdown:canonical-body,22,22,0,6,medium,human_review_required,corpus/purananuru/poems/387.md,76d8d7ec17bc7c5775bba2124c9c08c6cf41f400d4accaea73636b3a7c431e3f
asrt.185f80302ad5695e889ccdea,purananuru,388,POET_ATTRIBUTION,SOURCE_EXPLICIT,ATTRIBUTED_TO,மதுரை அளக்கர் ஞாழார் மகனார் மள்ளனார்,poet_as_printed,yaml:poet_as_printed,,,,,high,machine_checked,corpus/purananuru/poems/388.md,eba40e0042acd26133a17278cd6a91ccb34c345f7a9d0157d36f0a2ed9d9a27f
asrt.e8d0170c44046cbc9865f7f3,purananuru,388,PATRON_OR_ADDRESSEE,SOURCE_EXPLICIT,ADDRESSED_TO,சிறுகுடிகிழான் பண்ணன்,addressee_as_printed,yaml:addressee_as_printed,,,,,high,machine_checked,corpus/purananuru/poems/388.md,eba40e0042acd26133a17278cd6a91ccb34c345f7a9d0157d36f0a2ed9d9a27f
asrt.77dcaa01faab9dbba69f8174,purananuru,388,TINI_VALUE,SOURCE_EXPLICIT,ASSOCIATED_WITH_TINAI,பாடாண்,thinai_as_printed,yaml:thinai_as_printed,,,,,high,machine_checked,corpus/purananuru/poems/388.md,eba40e0042acd26133a17278cd6a91ccb34c345f7a9d0157d36f0a2ed9d9a27f
asrt.b8bcb4a4643f07a832304513,purananuru,388,TURAI_VALUE,SOURCE_EXPLICIT,ASSOCIATED_WITH_TURAI,இயன்மொழி,thurai,yaml:thurai,,,,,high,machine_checked,corpus/purananuru/poems/388.md,eba40e0042acd26133a17278cd6a91ccb34c345f7a9d0157d36f0a2ed9d9a27f
asrt.b6869155b32f88187744af53,purananuru,388,SOURCE_CONTEXT_NOTE,SOURCE_EXPLICIT,HAS_PRINTED_TITLE,நூற்கையும் நா மருப்பும்!,title_as_printed,yaml:title_as_printed,,,,,high,machine_checked,corpus/purananuru/poems/388.md,eba40e0042acd26133a17278cd6a91ccb34c345f7a9d0157d36f0a2ed9d9a27f
asrt.482f307eb15957853f962141,purananuru,388,SOURCE_CONTEXT_NOTE,SOURCE_EXPLICIT,HAS_PRINTED_SOURCE_NOTE,"பாடியவர்: மதுரை அளக்கர் ஞாழார் மகனார் மள்ளனார்.
பாடப்பட்டோன்: சிறுகுடிகிழான் பண்ணன்.
திணை: பாடாண். துறை: இயன்மொழி.",source_note,markdown:source-note,,,,,high,machine_checked,corpus/purananuru/poems/388.md,eba40e0042acd26133a17278cd6a91ccb34c345f7a9d0157d36f0a2ed9d9a27f
asrt.e08882c94e0f0ee72b7ac7d1,purananuru,388,TEXTUAL_CONDITION,SOURCE_EXPLICIT,HAS_TEXTUAL_STATUS,complete,textual_status,yaml:textual_status,,,,,high,machine_checked,corpus/purananuru/poems/388.md,eba40e0042acd26133a17278cd6a91ccb34c345f7a9d0157d36f0a2ed9d9a27f
asrt.5992af9c9628e80dd54b1aec,purananuru,388,RULER_MENTION,SOURCE_EXPLICIT,MENTIONS_CANDIDATE,சிறுகுடி கிழான் பண்ணன்,canonical_body,markdown:canonical-body,4,4,0,22,medium,human_review_required,corpus/purananuru/poems/388.md,eba40e0042acd26133a17278cd6a91ccb34c345f7a9d0157d36f0a2ed9d9a27f
asrt.9ba128938e2f710b93fc8cdd,purananuru,388,FAUNA_MENTION,SOURCE_EXPLICIT,MENTIONS_CANDIDATE,யானை,canonical_body,markdown:canonical-body,15,15,7,11,medium,human_review_required,corpus/purananuru/poems/388.md,eba40e0042acd26133a17278cd6a91ccb34c345f7a9d0157d36f0a2ed9d9a27f
asrt.5dc4f1e072fc4c380749b89b,purananuru,389,POET_ATTRIBUTION,SOURCE_EXPLICIT,ATTRIBUTED_TO,கள்ளில் ஆத்திரையனார்,poet_as_printed,yaml:poet_as_printed,,,,,high,machine_checked,corpus/purananuru/poems/389.md,5a03c2fb93fa6064a51ab9b61d5fd7dd0167798fa22e8ac63e0de7a83cdd3a40
asrt.7244998a0699855b6eaa945a,purananuru,389,PATRON_OR_ADDRESSEE,SOURCE_EXPLICIT,ADDRESSED_TO,ஆதனுங்கன்,addressee_as_printed,yaml:addressee_as_printed,,,,,high,machine_checked,corpus/purananuru/poems/389.md,5a03c2fb93fa6064a51ab9b61d5fd7dd0167798fa22e8ac63e0de7a83cdd3a40
asrt.8416e2df6fe9b85a1968541d,purananuru,389,TINI_VALUE,SOURCE_EXPLICIT,ASSOCIATED_WITH_TINAI,பாடாண்,thinai_as_printed,yaml:thinai_as_printed,,,,,high,machine_checked,corpus/purananuru/poems/389.md,5a03c2fb93fa6064a51ab9b61d5fd7dd0167798fa22e8ac63e0de7a83cdd3a40
asrt.df538c6691a3160549059db4,purananuru,389,TURAI_VALUE,SOURCE_EXPLICIT,ASSOCIATED_WITH_TURAI,இயன்மொழி,thurai,yaml:thurai,,,,,high,machine_checked,corpus/purananuru/poems/389.md,5a03c2fb93fa6064a51ab9b61d5fd7dd0167798fa22e8ac63e0de7a83cdd3a40
asrt.0c0a190fc3a431cb0ded0add,purananuru,389,SOURCE_CONTEXT_NOTE,SOURCE_EXPLICIT,HAS_PRINTED_TITLE,நெய்தல் கேளன்மார்!,title_as_printed,yaml:title_as_printed,,,,,high,machine_checked,corpus/purananuru/poems/389.md,5a03c2fb93fa6064a51ab9b61d5fd7dd0167798fa22e8ac63e0de7a83cdd3a40
asrt.3622a5f53e57f776ae9a479e,purananuru,389,SOURCE_CONTEXT_NOTE,SOURCE_EXPLICIT,HAS_PRINTED_SOURCE_NOTE,"பாடியவர்: கள்ளில் ஆத்திரையனார்.
பாடப்பட்டோன்: ஆதனுங்கன்.
திணை: பாடாண். துறை: இயன்மொழி.",source_note,markdown:source-note,,,,,high,machine_checked,corpus/purananuru/poems/389.md,5a03c2fb93fa6064a51ab9b61d5fd7dd0167798fa22e8ac63e0de7a83cdd3a40
asrt.207e87a097de76d7bdc7edae,purananuru,389,TEXTUAL_CONDITION,SOURCE_EXPLICIT,HAS_TEXTUAL_STATUS,complete,textual_status,yaml:textual_status,,,,,high,machine_checked,corpus/purananuru/poems/389.md,5a03c2fb93fa6064a51ab9b61d5fd7dd0167798fa22e8ac63e0de7a83cdd3a40
asrt.1bf4bd88a63d626ad8f522e6,purananuru,390,POET_ATTRIBUTION,SOURCE_EXPLICIT,ATTRIBUTED_TO,ஔவையார்,poet_as_printed,yaml:poet_as_printed,,,,,high,machine_checked,corpus/purananuru/poems/390.md,d5e36ba5b8e0308975451a7ba55436e2e04cca8d2213041498729c26b64f8d2b
asrt.70a9688859957a3507b1c549,purananuru,390,PATRON_OR_ADDRESSEE,SOURCE_EXPLICIT,ADDRESSED_TO,அதியமான் நெடுமான் அஞ்சி,addressee_as_printed,yaml:addressee_as_printed,,,,,high,machine_checked,corpus/purananuru/poems/390.md,d5e36ba5b8e0308975451a7ba55436e2e04cca8d2213041498729c26b64f8d2b
asrt.4d88d034c500b8eefaf2eae2,purananuru,390,TINI_VALUE,SOURCE_EXPLICIT,ASSOCIATED_WITH_TINAI,பாடாண்,thinai_as_printed,yaml:thinai_as_printed,,,,,high,machine_checked,corpus/purananuru/poems/390.md,d5e36ba5b8e0308975451a7ba55436e2e04cca8d2213041498729c26b64f8d2b
asrt.d6d1af08cfbf6f5145cf53fa,purananuru,390,TURAI_VALUE,SOURCE_EXPLICIT,ASSOCIATED_WITH_TURAI,இயன்மொழி,thurai,yaml:thurai,,,,,high,machine_checked,corpus/purananuru/poems/390.md,d5e36ba5b8e0308975451a7ba55436e2e04cca8d2213041498729c26b64f8d2b
asrt.5b0e0816b905a1e3d7fff7dd,purananuru,390,SOURCE_CONTEXT_NOTE,SOURCE_EXPLICIT,HAS_PRINTED_TITLE,காண்பறியலரே!,title_as_printed,yaml:title_as_printed,,,,,high,machine_checked,corpus/purananuru/poems/390.md,d5e36ba5b8e0308975451a7ba55436e2e04cca8d2213041498729c26b64f8d2b
asrt.d521b5bcac739899532b8dd5,purananuru,390,SOURCE_CONTEXT_NOTE,SOURCE_EXPLICIT,HAS_PRINTED_SOURCE_NOTE,"பாடியவர்: ஔவையார்.
பாடப்பட்டோன்: அதியமான் நெடுமான் அஞ்சி.
திணை: பாடாண். துறை: இயன்மொழி.",source_note,markdown:source-note,,,,,high,machine_checked,corpus/purananuru/poems/390.md,d5e36ba5b8e0308975451a7ba55436e2e04cca8d2213041498729c26b64f8d2b
asrt.46d2ee8afba69fa00880bbf7,purananuru,390,TEXTUAL_CONDITION,SOURCE_EXPLICIT,HAS_TEXTUAL_STATUS,incomplete,textual_status,yaml:textual_status,,,,,high,machine_checked,corpus/purananuru/poems/390.md,d5e36ba5b8e0308975451a7ba55436e2e04cca8d2213041498729c26b64f8d2b
asrt.a4e7c621351f27af4bad3d6d,purananuru,390,FLORA_MENTION,SOURCE_EXPLICIT,MENTIONS_CANDIDATE,வேங்கை,canonical_body,markdown:canonical-body,21,21,8,14,medium,human_review_required,corpus/purananuru/poems/390.md,d5e36ba5b8e0308975451a7ba55436e2e04cca8d2213041498729c26b64f8d2b
asrt.26c9be193684adc64a7ad70d,purananuru,390,FAUNA_MENTION,SOURCE_EXPLICIT,MENTIONS_CANDIDATE,யானை,canonical_body,markdown:canonical-body,28,28,7,11,medium,human_review_required,corpus/purananuru/poems/390.md,d5e36ba5b8e0308975451a7ba55436e2e04cca8d2213041498729c26b64f8d2b
asrt.88c85802d6d551b7929ef4ce,purananuru,391,POET_ATTRIBUTION,SOURCE_EXPLICIT,ATTRIBUTED_TO,கல்லாடனார்,poet_as_printed,yaml:poet_as_printed,,,,,high,machine_checked,corpus/purananuru/poems/391.md,c484c8947cda9bbe6ef06aabab54f2b0871f17e6e6fe46f4a147f9af08e0b1e8
asrt.3dd2d19493bc843745e0271f,purananuru,391,PATRON_OR_ADDRESSEE,SOURCE_EXPLICIT,ADDRESSED_TO,பொறையாற்றுக் கிழான்,addressee_as_printed,yaml:addressee_as_printed,,,,,high,machine_checked,corpus/purananuru/poems/391.md,c484c8947cda9bbe6ef06aabab54f2b0871f17e6e6fe46f4a147f9af08e0b1e8
asrt.c47616e720870ef824c71914,purananuru,391,TINI_VALUE,SOURCE_EXPLICIT,ASSOCIATED_WITH_TINAI,பாடாண்,thinai_as_printed,yaml:thinai_as_printed,,,,,high,machine_checked,corpus/purananuru/poems/391.md,c484c8947cda9bbe6ef06aabab54f2b0871f17e6e6fe46f4a147f9af08e0b1e8
asrt.5325efdaadcaf997efdc8f34,purananuru,391,TURAI_VALUE,SOURCE_EXPLICIT,ASSOCIATED_WITH_TURAI,கடைநிலை,thurai,yaml:thurai,,,,,high,machine_checked,corpus/purananuru/poems/391.md,c484c8947cda9bbe6ef06aabab54f2b0871f17e6e6fe46f4a147f9af08e0b1e8
asrt.77fbe953a5642f5f73e3853e,purananuru,391,SOURCE_CONTEXT_NOTE,SOURCE_EXPLICIT,HAS_PRINTED_SOURCE_NOTE,"பாடியவர்: கல்லாடனார்.
பாடப்பட்டோன்: பொறையாற்றுக் கிழான்.
திணை: பாடாண். துறை: கடைநிலை.",source_note,markdown:source-note,,,,,high,machine_checked,corpus/purananuru/poems/391.md,c484c8947cda9bbe6ef06aabab54f2b0871f17e6e6fe46f4a147f9af08e0b1e8
asrt.08031c4775c4ea9e3033e952,purananuru,391,SOURCE_CONTEXT_NOTE,SOURCE_EXPLICIT,HAS_PRINTED_TITLE,வேலி ஆயிரம் விளைக!,title_as_printed,yaml:title_as_printed,,,,,high,machine_checked,corpus/purananuru/poems/391.md,c484c8947cda9bbe6ef06aabab54f2b0871f17e6e6fe46f4a147f9af08e0b1e8
asrt.888699856dffac519e11bc74,purananuru,391,TEXTUAL_CONDITION,SOURCE_EXPLICIT,HAS_TEXTUAL_STATUS,complete,textual_status,yaml:textual_status,,,,,high,machine_checked,corpus/purananuru/poems/391.md,c484c8947cda9bbe6ef06aabab54f2b0871f17e6e6fe46f4a147f9af08e0b1e8
asrt.6b632dd29c1545f75a2a1252,purananuru,392,POET_ATTRIBUTION,SOURCE_EXPLICIT,ATTRIBUTED_TO,ஔவையார்,poet_as_printed,yaml:poet_as_printed,,,,,high,machine_checked,corpus/purananuru/poems/392.md,9ff50d2316bc8ad8ea93bd51b8e38b5be83bf8eedd2c80820d3f55857fe058fd
asrt.5ea75b36d6f925fc59db6d91,purananuru,392,PATRON_OR_ADDRESSEE,SOURCE_EXPLICIT,ADDRESSED_TO,அதியமான் நெடுமான் அஞ்சி மகன் பொகுட்டெழினி,addressee_as_printed,yaml:addressee_as_printed,,,,,high,machine_checked,corpus/purananuru/poems/392.md,9ff50d2316bc8ad8ea93bd51b8e38b5be83bf8eedd2c80820d3f55857fe058fd
asrt.018e65c2a493d6b933e7b9e1,purananuru,392,TINI_VALUE,SOURCE_EXPLICIT,ASSOCIATED_WITH_TINAI,பாடாண்,thinai_as_printed,yaml:thinai_as_printed,,,,,high,machine_checked,corpus/purananuru/poems/392.md,9ff50d2316bc8ad8ea93bd51b8e38b5be83bf8eedd2c80820d3f55857fe058fd
asrt.d7e60266a6bf28815f1030cd,purananuru,392,TURAI_VALUE,SOURCE_EXPLICIT,ASSOCIATED_WITH_TURAI,கடைநிலை,thurai,yaml:thurai,,,,,high,machine_checked,corpus/purananuru/poems/392.md,9ff50d2316bc8ad8ea93bd51b8e38b5be83bf8eedd2c80820d3f55857fe058fd
asrt.46cb6a1899a71e62a5c22559,purananuru,392,SOURCE_CONTEXT_NOTE,SOURCE_EXPLICIT,HAS_PRINTED_TITLE,அமிழ்தம் அன்ன கரும்பு!,title_as_printed,yaml:title_as_printed,,,,,high,machine_checked,corpus/purananuru/poems/392.md,9ff50d2316bc8ad8ea93bd51b8e38b5be83bf8eedd2c80820d3f55857fe058fd
asrt.ca98083594a8082ce9d377ef,purananuru,392,SOURCE_CONTEXT_NOTE,SOURCE_EXPLICIT,HAS_PRINTED_SOURCE_NOTE,"பாடியவர்: ஔவையார்.
பாடப்பட்டோன்: அதியமான் நெடுமான் அஞ்சி மகன் பொகுட்டெழினி.
திணை: பாடாண். துறை: கடைநிலை.",source_note,markdown:source-note,,,,,high,machine_checked,corpus/purananuru/poems/392.md,9ff50d2316bc8ad8ea93bd51b8e38b5be83bf8eedd2c80820d3f55857fe058fd
asrt.5b0e45721132155cd28884f9,purananuru,392,TEXTUAL_CONDITION,SOURCE_EXPLICIT,HAS_TEXTUAL_STATUS,complete,textual_status,yaml:textual_status,,,,,high,machine_checked,corpus/purananuru/poems/392.md,9ff50d2316bc8ad8ea93bd51b8e38b5be83bf8eedd2c80820d3f55857fe058fd
asrt.b7179b912ca96c384cf7e7c9,purananuru,393,POET_ATTRIBUTION,SOURCE_EXPLICIT,ATTRIBUTED_TO,நல்லிறையனார்,poet_as_printed,yaml:poet_as_printed,,,,,high,machine_checked,corpus/purananuru/poems/393.md,f940a0c07745793544cccbbcb9ec83880b4f4392d219f48e48bbf9de1ddd46e6
asrt.f6842a8035adf5a2533a5af1,purananuru,393,PATRON_OR_ADDRESSEE,SOURCE_EXPLICIT,ADDRESSED_TO,சோழன் குளமுற்றத்துத் துஞ்சிய கிள்ளி வளவன்,addressee_as_printed,yaml:addressee_as_printed,,,,,high,machine_checked,corpus/purananuru/poems/393.md,f940a0c07745793544cccbbcb9ec83880b4f4392d219f48e48bbf9de1ddd46e6
asrt.84c95f19728299b92fdf7071,purananuru,393,TINI_VALUE,SOURCE_EXPLICIT,ASSOCIATED_WITH_TINAI,பாடாண்,thinai_as_printed,yaml:thinai_as_printed,,,,,high,machine_checked,corpus/purananuru/poems/393.md,f940a0c07745793544cccbbcb9ec83880b4f4392d219f48e48bbf9de1ddd46e6
asrt.0e495be80846b83968c5dd2e,purananuru,393,TURAI_VALUE,SOURCE_EXPLICIT,ASSOCIATED_WITH_TURAI,கடைநிலை,thurai,yaml:thurai,,,,,high,machine_checked,corpus/purananuru/poems/393.md,f940a0c07745793544cccbbcb9ec83880b4f4392d219f48e48bbf9de1ddd46e6
asrt.0d61fd986a358df93a1530d8,purananuru,393,SOURCE_CONTEXT_NOTE,SOURCE_EXPLICIT,HAS_PRINTED_TITLE,பழங்கண் வாழ்க்கை!,title_as_printed,yaml:title_as_printed,,,,,high,machine_checked,corpus/purananuru/poems/393.md,f940a0c07745793544cccbbcb9ec83880b4f4392d219f48e48bbf9de1ddd46e6
asrt.1b7ca6b423c6be8300e51a83,purananuru,393,SOURCE_CONTEXT_NOTE,SOURCE_EXPLICIT,HAS_PRINTED_SOURCE_NOTE,"பாடியவர்: நல்லிறையனார்.
பாடப்பட்டோன்: சோழன் குளமுற்றத்துத் துஞ்சிய கிள்ளி வளவன்.
திணை: பாடாண். துறை: கடைநிலை.",source_note,markdown:source-note,,,,,high,machine_checked,corpus/purananuru/poems/393.md,f940a0c07745793544cccbbcb9ec83880b4f4392d219f48e48bbf9de1ddd46e6
asrt.7f9e72adf96eb7372ee83924,purananuru,393,TEXTUAL_CONDITION,SOURCE_EXPLICIT,HAS_TEXTUAL_STATUS,incomplete,textual_status,yaml:textual_status,,,,,high,machine_checked,corpus/purananuru/poems/393.md,f940a0c07745793544cccbbcb9ec83880b4f4392d219f48e48bbf9de1ddd46e6
asrt.07182b9523bef2a0c72d26f6,purananuru,394,POET_ATTRIBUTION,SOURCE_EXPLICIT,ATTRIBUTED_TO,கோனாட்டு எறிச்சலூர் மாடலன் மதுரைக் குமரனார்,poet_as_printed,yaml:poet_as_printed,,,,,high,machine_checked,corpus/purananuru/poems/394.md,77f3d73f597ffdef9f0144deb59aecacb8273ae8cd1740e040335763a51a27ee
asrt.3cce0721cdc135c523745e34,purananuru,394,PATRON_OR_ADDRESSEE,SOURCE_EXPLICIT,ADDRESSED_TO,சோழிய ஏனாதி திருக்குட்டுவன்,addressee_as_printed,yaml:addressee_as_printed,,,,,high,machine_checked,corpus/purananuru/poems/394.md,77f3d73f597ffdef9f0144deb59aecacb8273ae8cd1740e040335763a51a27ee
asrt.11261e9c75fb1678545266e2,purananuru,394,TINI_VALUE,SOURCE_EXPLICIT,ASSOCIATED_WITH_TINAI,பாடாண்,thinai_as_printed,yaml:thinai_as_printed,,,,,high,machine_checked,corpus/purananuru/poems/394.md,77f3d73f597ffdef9f0144deb59aecacb8273ae8cd1740e040335763a51a27ee
asrt.51fe7fcaceb7b54091dcc355,purananuru,394,TURAI_VALUE,SOURCE_EXPLICIT,ASSOCIATED_WITH_TURAI,கடைநிலை,thurai,yaml:thurai,,,,,high,machine_checked,corpus/purananuru/poems/394.md,77f3d73f597ffdef9f0144deb59aecacb8273ae8cd1740e040335763a51a27ee
asrt.8933a3ff117962ff3fb06b5d,purananuru,394,SOURCE_CONTEXT_NOTE,SOURCE_EXPLICIT,HAS_PRINTED_TITLE,என்றும் செல்லேன்!,title_as_printed,yaml:title_as_printed,,,,,high,machine_checked,corpus/purananuru/poems/394.md,77f3d73f597ffdef9f0144deb59aecacb8273ae8cd1740e040335763a51a27ee
asrt.789a7e5d28d1f317b2dc494e,purananuru,394,SOURCE_CONTEXT_NOTE,SOURCE_EXPLICIT,HAS_PRINTED_SOURCE_NOTE,"பாடியவர்: கோனாட்டு எறிச்சலூர் மாடலன் மதுரைக் குமரனார்.
பாடப்பட்டோன்: சோழிய ஏனாதி திருக்குட்டுவன்.
திணை: பாடாண். துறை: கடைநிலை.",source_note,markdown:source-note,,,,,high,machine_checked,corpus/purananuru/poems/394.md,77f3d73f597ffdef9f0144deb59aecacb8273ae8cd1740e040335763a51a27ee
asrt.dfac999e78831829db9b7596,purananuru,394,TEXTUAL_CONDITION,SOURCE_EXPLICIT,HAS_TEXTUAL_STATUS,complete,textual_status,yaml:textual_status,,,,,high,machine_checked,corpus/purananuru/poems/394.md,77f3d73f597ffdef9f0144deb59aecacb8273ae8cd1740e040335763a51a27ee
asrt.c41eecdca0a366b2cf8a5e26,purananuru,394,KINSHIP_MENTION,SOURCE_EXPLICIT,MENTIONS_CANDIDATE,தந்தை,canonical_body,markdown:canonical-body,8,8,29,34,medium,human_review_required,corpus/purananuru/poems/394.md,77f3d73f597ffdef9f0144deb59aecacb8273ae8cd1740e040335763a51a27ee
asrt.9cf80666c3079125d4fb00c8,purananuru,394,GIFT_MENTION,SOURCE_EXPLICIT,MENTIONS_CANDIDATE,பரிசில்,canonical_body,markdown:canonical-body,17,17,11,18,medium,human_review_required,corpus/purananuru/poems/394.md,77f3d73f597ffdef9f0144deb59aecacb8273ae8cd1740e040335763a51a27ee
asrt.936ec0a03b6fda0c9a6a0fa7,purananuru,395,POET_ATTRIBUTION,SOURCE_EXPLICIT,ATTRIBUTED_TO,மதுரை நக்கீரர்,poet_as_printed,yaml:poet_as_printed,,,,,high,machine_checked,corpus/purananuru/poems/395.md,5f1110fc48fe6dfb979a70a4a8ae89dd38ac5994c27f104d01ddfccdeeaf9511
asrt.27605fac4bc696d87bb63958,purananuru,395,PATRON_OR_ADDRESSEE,SOURCE_EXPLICIT,ADDRESSED_TO,சோழநாட்டு பிடவூர்கிழார் மகன் பெருஞ்சாத்தன்,addressee_as_printed,yaml:addressee_as_printed,,,,,high,machine_checked,corpus/purananuru/poems/395.md,5f1110fc48fe6dfb979a70a4a8ae89dd38ac5994c27f104d01ddfccdeeaf9511
asrt.43cffb230f9641b4916d779a,purananuru,395,TINI_VALUE,SOURCE_EXPLICIT,ASSOCIATED_WITH_TINAI,பாடாண்,thinai_as_printed,yaml:thinai_as_printed,,,,,high,machine_checked,corpus/purananuru/poems/395.md,5f1110fc48fe6dfb979a70a4a8ae89dd38ac5994c27f104d01ddfccdeeaf9511
asrt.8b2da9ee70b085b082219edb,purananuru,395,TURAI_VALUE,SOURCE_EXPLICIT,ASSOCIATED_WITH_TURAI,கடைநிலை,thurai,yaml:thurai,,,,,high,machine_checked,corpus/purananuru/poems/395.md,5f1110fc48fe6dfb979a70a4a8ae89dd38ac5994c27f104d01ddfccdeeaf9511
asrt.8feaa0bd55cca65704b86f8e,purananuru,395,SOURCE_CONTEXT_NOTE,SOURCE_EXPLICIT,HAS_PRINTED_TITLE,அவிழ் நெல்லின் அரியல்!,title_as_printed,yaml:title_as_printed,,,,,high,machine_checked,corpus/purananuru/poems/395.md,5f1110fc48fe6dfb979a70a4a8ae89dd38ac5994c27f104d01ddfccdeeaf9511
asrt.a590bbdd51e48f42fb4fe2f3,purananuru,395,SOURCE_CONTEXT_NOTE,SOURCE_EXPLICIT,HAS_PRINTED_SOURCE_NOTE,"பாடியவர்: மதுரை நக்கீரர்.
பாடப்பட்டோன்: சோழநாட்டு பிடவூர்கிழார் மகன் பெருஞ்சாத்தன்.
திணை: பாடாண். துறை: கடைநிலை.",source_note,markdown:source-note,,,,,high,machine_checked,corpus/purananuru/poems/395.md,5f1110fc48fe6dfb979a70a4a8ae89dd38ac5994c27f104d01ddfccdeeaf9511
asrt.5a41b96d635568b3a263ddbf,purananuru,395,TEXTUAL_CONDITION,SOURCE_EXPLICIT,HAS_TEXTUAL_STATUS,complete,textual_status,yaml:textual_status,,,,,high,machine_checked,corpus/purananuru/poems/395.md,5f1110fc48fe6dfb979a70a4a8ae89dd38ac5994c27f104d01ddfccdeeaf9511
asrt.5b192903db160f7a4012e49b,purananuru,395,OCCUPATION_MENTION,SOURCE_EXPLICIT,MENTIONS_CANDIDATE,உழவர்,canonical_body,markdown:canonical-body,1,1,18,23,medium,human_review_required,corpus/purananuru/poems/395.md,5f1110fc48fe6dfb979a70a4a8ae89dd38ac5994c27f104d01ddfccdeeaf9511
asrt.34e092ee7fae5a4ceb2d2a01,purananuru,396,POET_ATTRIBUTION,SOURCE_EXPLICIT,ATTRIBUTED_TO,மாங்குடி கிழார்,poet_as_printed,yaml:poet_as_printed,,,,,high,machine_checked,corpus/purananuru/poems/396.md,46187a3ec5a5023a64f282b187fd90cabd31594d1cc13f00e7af16665f56bf02
asrt.cf0d698aab79ae9fb1af0128,purananuru,396,PATRON_OR_ADDRESSEE,SOURCE_EXPLICIT,ADDRESSED_TO,வாட்டாற்று எழினியாதன்,addressee_as_printed,yaml:addressee_as_printed,,,,,high,machine_checked,corpus/purananuru/poems/396.md,46187a3ec5a5023a64f282b187fd90cabd31594d1cc13f00e7af16665f56bf02
asrt.b78aeaafa3a58570ed392d5b,purananuru,396,TINI_VALUE,SOURCE_EXPLICIT,ASSOCIATED_WITH_TINAI,பாடாண்,thinai_as_printed,yaml:thinai_as_printed,,,,,high,machine_checked,corpus/purananuru/poems/396.md,46187a3ec5a5023a64f282b187fd90cabd31594d1cc13f00e7af16665f56bf02
asrt.19bf5e8dd0fb859d988b30ce,purananuru,396,TURAI_VALUE,SOURCE_EXPLICIT,ASSOCIATED_WITH_TURAI,கடைநிலை,thurai,yaml:thurai,,,,,high,machine_checked,corpus/purananuru/poems/396.md,46187a3ec5a5023a64f282b187fd90cabd31594d1cc13f00e7af16665f56bf02
asrt.5690021ddba080f78024589e,purananuru,396,SOURCE_CONTEXT_NOTE,SOURCE_EXPLICIT,HAS_PRINTED_TITLE,பாடல்சால் வளன்!,title_as_printed,yaml:title_as_printed,,,,,high,machine_checked,corpus/purananuru/poems/396.md,46187a3ec5a5023a64f282b187fd90cabd31594d1cc13f00e7af16665f56bf02
asrt.df97205348a75c07c024dc75,purananuru,396,SOURCE_CONTEXT_NOTE,SOURCE_EXPLICIT,HAS_PRINTED_SOURCE_NOTE,"பாடியவர்: மாங்குடி கிழார்.
பாடப்பட்டோன்: வாட்டாற்று எழினியாதன்.
திணை: பாடாண். துறை: கடைநிலை.",source_note,markdown:source-note,,,,,high,machine_checked,corpus/purananuru/poems/396.md,46187a3ec5a5023a64f282b187fd90cabd31594d1cc13f00e7af16665f56bf02
asrt.052d3d1632377015a9111750,purananuru,396,TEXTUAL_CONDITION,SOURCE_EXPLICIT,HAS_TEXTUAL_STATUS,incomplete,textual_status,yaml:textual_status,,,,,high,machine_checked,corpus/purananuru/poems/396.md,46187a3ec5a5023a64f282b187fd90cabd31594d1cc13f00e7af16665f56bf02
asrt.50421a973eb24b548e3e02a4,purananuru,396,FAUNA_MENTION,SOURCE_EXPLICIT,MENTIONS_CANDIDATE,மீன்,canonical_body,markdown:canonical-body,1,1,12,16,medium,human_review_required,corpus/purananuru/poems/396.md,46187a3ec5a5023a64f282b187fd90cabd31594d1cc13f00e7af16665f56bf02
asrt.9943f888bba8a18f6ba55cb7,purananuru,396,FAUNA_MENTION,SOURCE_EXPLICIT,MENTIONS_CANDIDATE,மீன்,canonical_body,markdown:canonical-body,26,26,13,17,medium,human_review_required,corpus/purananuru/poems/396.md,46187a3ec5a5023a64f282b187fd90cabd31594d1cc13f00e7af16665f56bf02
asrt.664ef3ab89739662a0225da7,purananuru,397,POET_ATTRIBUTION,SOURCE_EXPLICIT,ATTRIBUTED_TO,எருக்காட்டூர்த் தாயங் கண்ணனார்,poet_as_printed,yaml:poet_as_printed,,,,,high,machine_checked,corpus/purananuru/poems/397.md,7c58be3423c7aad8afdfb474b6f341d93b2c27d9fc984310caae0d465570a96a
asrt.316e4ca6d9c82907e170fb86,purananuru,397,PATRON_OR_ADDRESSEE,SOURCE_EXPLICIT,ADDRESSED_TO,கோழன் குளமுற்றத்துத் துஞ்சிய கிள்ளி வளவன்,addressee_as_printed,yaml:addressee_as_printed,,,,,high,machine_checked,corpus/purananuru/poems/397.md,7c58be3423c7aad8afdfb474b6f341d93b2c27d9fc984310caae0d465570a96a
asrt.a7e8c560808d3e70bcdb64a4,purananuru,397,TINI_VALUE,SOURCE_EXPLICIT,ASSOCIATED_WITH_TINAI,பாடாண்,thinai_as_printed,yaml:thinai_as_printed,,,,,high,machine_checked,corpus/purananuru/poems/397.md,7c58be3423c7aad8afdfb474b6f341d93b2c27d9fc984310caae0d465570a96a
asrt.671f02304cf73a657a5b07bc,purananuru,397,TURAI_VALUE,SOURCE_EXPLICIT,ASSOCIATED_WITH_TURAI,பரிசில் விடை,thurai,yaml:thurai,,,,,high,machine_checked,corpus/purananuru/poems/397.md,7c58be3423c7aad8afdfb474b6f341d93b2c27d9fc984310caae0d465570a96a
asrt.3d5803715c7e818f04b0314a,purananuru,397,SOURCE_CONTEXT_NOTE,SOURCE_EXPLICIT,HAS_PRINTED_TITLE,தண் நிழலேமே!,title_as_printed,yaml:title_as_printed,,,,,high,machine_checked,corpus/purananuru/poems/397.md,7c58be3423c7aad8afdfb474b6f341d93b2c27d9fc984310caae0d465570a96a
asrt.87e9ffd3d27488ccb16ab607,purananuru,397,SOURCE_CONTEXT_NOTE,SOURCE_EXPLICIT,HAS_PRINTED_SOURCE_NOTE,"பாடியவர்: எருக்காட்டூர்த் தாயங் கண்ணனார்.
பாடப்பட்டோன்: கோழன் குளமுற்றத்துத் துஞ்சிய கிள்ளி வளவன்.
திணை: பாடாண். துறை: பரிசில் விடை; கடைநிலை விடையும் ஆம்.",source_note,markdown:source-note,,,,,high,machine_checked,corpus/purananuru/poems/397.md,7c58be3423c7aad8afdfb474b6f341d93b2c27d9fc984310caae0d465570a96a
asrt.9f9e2ff39b93c8bd51ad4211,purananuru,397,TEXTUAL_CONDITION,SOURCE_EXPLICIT,HAS_TEXTUAL_STATUS,complete,textual_status,yaml:textual_status,,,,,high,machine_checked,corpus/purananuru/poems/397.md,7c58be3423c7aad8afdfb474b6f341d93b2c27d9fc984310caae0d465570a96a
asrt.7b4d804664ade2ca030aa753,purananuru,398,POET_ATTRIBUTION,SOURCE_EXPLICIT,ATTRIBUTED_TO,திருத்தாமனார்,poet_as_printed,yaml:poet_as_printed,,,,,high,machine_checked,corpus/purananuru/poems/398.md,8122dcb0218131a35c94140b1eeaf762f01ac2ea5b588076b80f01ce1bfe81cc
asrt.8b8cb35604239cda2161925d,purananuru,398,PATRON_OR_ADDRESSEE,SOURCE_EXPLICIT,ADDRESSED_TO,சேரமான் வஞ்சன்,addressee_as_printed,yaml:addressee_as_printed,,,,,high,machine_checked,corpus/purananuru/poems/398.md,8122dcb0218131a35c94140b1eeaf762f01ac2ea5b588076b80f01ce1bfe81cc
asrt.c933d3d3657f6a8f7c00b21e,purananuru,398,TINI_VALUE,SOURCE_EXPLICIT,ASSOCIATED_WITH_TINAI,பாடாண்,thinai_as_printed,yaml:thinai_as_printed,,,,,high,machine_checked,corpus/purananuru/poems/398.md,8122dcb0218131a35c94140b1eeaf762f01ac2ea5b588076b80f01ce1bfe81cc
asrt.bc726fda62b8a4a71bf36c0b,purananuru,398,TURAI_VALUE,SOURCE_EXPLICIT,ASSOCIATED_WITH_TURAI,கடைநிலை,thurai,yaml:thurai,,,,,high,machine_checked,corpus/purananuru/poems/398.md,8122dcb0218131a35c94140b1eeaf762f01ac2ea5b588076b80f01ce1bfe81cc
asrt.b45104139c321d40fe7ef479,purananuru,398,SOURCE_CONTEXT_NOTE,SOURCE_EXPLICIT,HAS_PRINTED_TITLE,துரும்புபடு சிதா அர்!,title_as_printed,yaml:title_as_printed,,,,,high,machine_checked,corpus/purananuru/poems/398.md,8122dcb0218131a35c94140b1eeaf762f01ac2ea5b588076b80f01ce1bfe81cc
asrt.18644e760a8d4598925e210f,purananuru,398,SOURCE_CONTEXT_NOTE,SOURCE_EXPLICIT,HAS_PRINTED_SOURCE_NOTE,"பாடியவர்: திருத்தாமனார்.
பாடப்பட்டோன்: சேரமான் வஞ்சன்.
திணை: பாடாண். துறை: கடைநிலை.",source_note,markdown:source-note,,,,,high,machine_checked,corpus/purananuru/poems/398.md,8122dcb0218131a35c94140b1eeaf762f01ac2ea5b588076b80f01ce1bfe81cc
asrt.03b4b7b9cefbae7e7ad9c316,purananuru,398,TEXTUAL_CONDITION,SOURCE_EXPLICIT,HAS_TEXTUAL_STATUS,incomplete,textual_status,yaml:textual_status,,,,,high,machine_checked,corpus/purananuru/poems/398.md,8122dcb0218131a35c94140b1eeaf762f01ac2ea5b588076b80f01ce1bfe81cc
asrt.4deb71be85633ec971731f2a,purananuru,398,COMMUNITY_MENTION,SOURCE_EXPLICIT,MENTIONS_CANDIDATE,பாணர்,canonical_body,markdown:canonical-body,4,4,23,28,medium,human_review_required,corpus/purananuru/poems/398.md,8122dcb0218131a35c94140b1eeaf762f01ac2ea5b588076b80f01ce1bfe81cc
asrt.80d78fe35dbce33c64bc4f4d,purananuru,399,POET_ATTRIBUTION,SOURCE_EXPLICIT,ATTRIBUTED_TO,ஐயூற் முடவனார்,poet_as_printed,yaml:poet_as_printed,,,,,high,machine_checked,corpus/purananuru/poems/399.md,c47dd82972b0e5cc711873f2eeb15bbfcebbf8dd47f8b3cc8651f84f86c03354
asrt.ea155a7bf3e13c2b16d82399,purananuru,399,PATRON_OR_ADDRESSEE,SOURCE_EXPLICIT,ADDRESSED_TO,தாமான் தோன்றிக்கோன்,addressee_as_printed,yaml:addressee_as_printed,,,,,high,machine_checked,corpus/purananuru/poems/399.md,c47dd82972b0e5cc711873f2eeb15bbfcebbf8dd47f8b3cc8651f84f86c03354
asrt.b026bb09aaaa9e35bdedd9ee,purananuru,399,TINI_VALUE,SOURCE_EXPLICIT,ASSOCIATED_WITH_TINAI,பாடாண் துறை: பரிசில் விடை,thinai_as_printed,yaml:thinai_as_printed,,,,,high,machine_checked,corpus/purananuru/poems/399.md,c47dd82972b0e5cc711873f2eeb15bbfcebbf8dd47f8b3cc8651f84f86c03354
asrt.3b796002ee76bae286d84d13,purananuru,399,TURAI_VALUE,SOURCE_EXPLICIT,ASSOCIATED_WITH_TURAI,பரிசில் விடை,thurai,yaml:thurai,,,,,high,machine_checked,corpus/purananuru/poems/399.md,c47dd82972b0e5cc711873f2eeb15bbfcebbf8dd47f8b3cc8651f84f86c03354
asrt.ae452521823991ae3582a9bf,purananuru,399,SOURCE_CONTEXT_NOTE,SOURCE_EXPLICIT,HAS_PRINTED_TITLE,கடவுட்கும் தொடேன்!,title_as_printed,yaml:title_as_printed,,,,,high,machine_checked,corpus/purananuru/poems/399.md,c47dd82972b0e5cc711873f2eeb15bbfcebbf8dd47f8b3cc8651f84f86c03354
asrt.0bf0e8645440404996873e19,purananuru,399,SOURCE_CONTEXT_NOTE,SOURCE_EXPLICIT,HAS_PRINTED_SOURCE_NOTE,"பாடியவர்: ஐயூற் முடவனார்
பாடப்பட்டோன்: தாமான் தோன்றிக்கோன்
திணை: பாடாண் துறை: பரிசில் விடை",source_note,markdown:source-note,,,,,high,machine_checked,corpus/purananuru/poems/399.md,c47dd82972b0e5cc711873f2eeb15bbfcebbf8dd47f8b3cc8651f84f86c03354
asrt.140fc184b6319b8cd1e8c077,purananuru,399,TEXTUAL_CONDITION,SOURCE_EXPLICIT,HAS_TEXTUAL_STATUS,incomplete,textual_status,yaml:textual_status,,,,,high,machine_checked,corpus/purananuru/poems/399.md,c47dd82972b0e5cc711873f2eeb15bbfcebbf8dd47f8b3cc8651f84f86c03354
asrt.73663f17a8b7e56a0e08b4ae,purananuru,399,COMMUNITY_MENTION,SOURCE_EXPLICIT,MENTIONS_CANDIDATE,மறவர்,canonical_body,markdown:canonical-body,19,19,14,19,medium,human_review_required,corpus/purananuru/poems/399.md,c47dd82972b0e5cc711873f2eeb15bbfcebbf8dd47f8b3cc8651f84f86c03354
asrt.a406bb26fcd2c4a33b01a7f0,purananuru,400,POET_ATTRIBUTION,SOURCE_EXPLICIT,ATTRIBUTED_TO,கோவூர் கிழார்,poet_as_printed,yaml:poet_as_printed,,,,,high,machine_checked,corpus/purananuru/poems/400.md,b66ab7cdffec0f88f3dcc26c8972fe3a10db1575f6aff872e186c40ab201bf32
asrt.ebf431a4d2cfaa43a85979e5,purananuru,400,PATRON_OR_ADDRESSEE,SOURCE_EXPLICIT,ADDRESSED_TO,சோழன் நலங்கிள்ளி,addressee_as_printed,yaml:addressee_as_printed,,,,,high,machine_checked,corpus/purananuru/poems/400.md,b66ab7cdffec0f88f3dcc26c8972fe3a10db1575f6aff872e186c40ab201bf32
asrt.39a0c528b1fd2ee6493d3c54,purananuru,400,TINI_VALUE,SOURCE_EXPLICIT,ASSOCIATED_WITH_TINAI,பாடாண்,thinai_as_printed,yaml:thinai_as_printed,,,,,high,machine_checked,corpus/purananuru/poems/400.md,b66ab7cdffec0f88f3dcc26c8972fe3a10db1575f6aff872e186c40ab201bf32
asrt.9312b46cd509563953c67e32,purananuru,400,TURAI_VALUE,SOURCE_EXPLICIT,ASSOCIATED_WITH_TURAI,இயன்மொழி,thurai,yaml:thurai,,,,,high,machine_checked,corpus/purananuru/poems/400.md,b66ab7cdffec0f88f3dcc26c8972fe3a10db1575f6aff872e186c40ab201bf32
asrt.68ea900dfb8db0c7302ce31b,purananuru,400,SOURCE_CONTEXT_NOTE,SOURCE_EXPLICIT,HAS_PRINTED_TITLE,உலகு காக்கும் உயர் கொள்கை!,title_as_printed,yaml:title_as_printed,,,,,high,machine_checked,corpus/purananuru/poems/400.md,b66ab7cdffec0f88f3dcc26c8972fe3a10db1575f6aff872e186c40ab201bf32
asrt.a168c5aedcf03656541b8ab7,purananuru,400,SOURCE_CONTEXT_NOTE,SOURCE_EXPLICIT,HAS_PRINTED_SOURCE_NOTE,"பாடியவர்: கோவூர் கிழார்.
பாடப்பட்டோன்: சோழன் நலங்கிள்ளி.
திணை: பாடாண். துறை: இயன்மொழி.",source_note,markdown:source-note,,,,,high,machine_checked,corpus/purananuru/poems/400.md,b66ab7cdffec0f88f3dcc26c8972fe3a10db1575f6aff872e186c40ab201bf32
asrt.40b1cb1f53d2314697f085ac,purananuru,400,TEXTUAL_CONDITION,SOURCE_EXPLICIT,HAS_TEXTUAL_STATUS,incomplete,textual_status,yaml:textual_status,,,,,high,machine_checked,corpus/purananuru/poems/400.md,b66ab7cdffec0f88f3dcc26c8972fe3a10db1575f6aff872e186c40ab201bf32
asrt.7a8baf8a890625d38ee600f7,purananuru,400,WATER_BODY_MENTION,SOURCE_EXPLICIT,MENTIONS_CANDIDATE,கடல்,canonical_body,markdown:canonical-body,3,3,0,4,medium,human_review_required,corpus/purananuru/poems/400.md,b66ab7cdffec0f88f3dcc26c8972fe3a10db1575f6aff872e186c40ab201bf32
asrt.431fde0abc9b79c79a92232c,purananuru,400,COMMUNITY_MENTION,SOURCE_EXPLICIT,MENTIONS_CANDIDATE,மறவர்,canonical_body,markdown:canonical-body,18,18,0,5,medium,human_review_required,corpus/purananuru/poems/400.md,b66ab7cdffec0f88f3dcc26c8972fe3a10db1575f6aff872e186c40ab201bf32
